Security Code,Security Id,Security Name,Status,Group,Face Value,ISIN No,Industry,Instrument,Sector Name,Industry New Name
500002,ABB,ABB India Ltd,Active,A ,2,INE117A01022,Heavy Electrical Equipment,Equity,Industrials,Capital Goods
500003,AEGISLOG,Aegis Logistics Ltd,Active,A ,1,INE208C01025,Trading - Gas,Equity,Energy,"Oil, Gas & Consumable Fuels"
500008,ARE&M,Amara Raja Energy & Mobility Ltd,Active,A ,1,INE885A01032,Auto Components & Equipments,Equity,Consumer Discretionary,Automobile and Auto Components
500009,AMBALALSA,Ambalal Sarabhai Enterprises Ltd,Active,X ,10,INE432A01017,Pharmaceuticals,Equity,Healthcare,Healthcare
500012,ANDHRAPET,Andhra Petrochemicals Ltd,Active,X ,10,INE714B01016,Commodity Chemicals,Equity,Commodities,Chemicals
500013,ANSALAPI,Ansal Properties & Infrastructure Ltd,Active,Z ,5,INE436A01026,Residential- Commercial Projects,Equity,Consumer Discretionary,Realty
500014,UTIQUE,Utique Enterprises Ltd,Active,X ,10,INE096A01010,Precious Metals,Equity,Commodities,Metals & Mining
500016,ARUNAHTEL,Aruna Hotels Ltd,Active,X ,10,INE957C01019,Hotels & Resorts,Equity,Consumer Discretionary,Consumer Services
500020,BOMDYEING,Bombay Dyeing & Manufacturing Company Ltd,Active,A ,2,INE032A01023,Other Textile Products,Equity,Consumer Discretionary,Textiles
500023,ASIANHOTNR,Asian Hotels (North) Ltd,Active,T ,10,INE363A01022,Hotels & Resorts,Equity,Consumer Discretionary,Consumer Services
500027,ATUL,Atul Ltd,Active,A ,10,INE100A01010,Specialty Chemicals,Equity,Commodities,Chemicals
500028,ATVPR,ATV Projects India Ltd,Active,X ,10,INE447A01015,Industrial Products,Equity,Industrials,Capital Goods
500031,BAJAJELEC,Bajaj Electricals Ltd,Active,A ,2,INE193E01025,Household Appliances,Equity,Consumer Discretionary,Consumer Durables
500032,BAJAJHIND,Bajaj Hindusthan Sugar Ltd,Active,A ,1,INE306A01021,Sugar,Equity,Fast Moving Consumer Goods,Fast Moving Consumer Goods
500033,FORCEMOT,Force Motors Ltd,Active,A ,10,INE451A01017,Passenger Cars & Utility Vehicles,Equity,Consumer Discretionary,Automobile and Auto Components
500034,BAJFINANCE,Bajaj Finance Ltd,Active,A ,2,INE296A01024,Non Banking Financial Company (NBFC),Equity,Financial Services,Financial Services
500038,BALRAMCHIN,Balrampur Chini Mills Ltd,Active,A ,1,INE119A01028,Sugar,Equity,Fast Moving Consumer Goods,Fast Moving Consumer Goods
500039,BANCOINDIA,Banco Products (India) Ltd,Active,B ,2,INE213C01025,Auto Components & Equipments,Equity,Consumer Discretionary,Automobile and Auto Components
500040,ABREL,Aditya Birla Real Estate Ltd,Active,A ,10,INE055A01016,Paper & Paper Products,Equity,Commodities,Forest Materials
500041,BANARISUG,Bannari Amman Sugars Ltd,Active,B ,10,INE459A01010,Sugar,Equity,Fast Moving Consumer Goods,Fast Moving Consumer Goods
500042,BASF,BASF India Ltd,Active,A ,10,INE373A01013,Specialty Chemicals,Equity,Commodities,Chemicals
500043,BATAINDIA,Bata India Ltd,Active,A ,5,INE176A01028,Footwear,Equity,Consumer Discretionary,Consumer Durables
500048,BEML,BEML Ltd,Active,A ,10,INE258A01016,Construction Vehicles,Equity,Industrials,Capital Goods
500049,BEL,Bharat Electronics Ltd,Active,A ,1,INE263A01024,Aerospace & Defense,Equity,Industrials,Capital Goods
500052,BEPL,Bhansali Engineering Polymers Ltd,Active,B ,1,INE922A01025,Specialty Chemicals,Equity,Commodities,Chemicals
500058,BIHSPONG,Bihar Sponge Iron Ltd,Active,X ,10,INE819C01011,Sponge Iron,Equity,Commodities,Metals & Mining
500059,BINANIIND,Binani Industries Ltd,Active,T ,10,INE071A01013,Holding Company,Equity,Financial Services,Financial Services
500060,BIRLACABLE,Birla Cable Ltd,Active,B ,10,INE800A01015,Telecom -  Equipment & Accessories,Equity,Telecommunication,Telecommunication
500067,BLUESTARCO,Blue Star Ltd,Active,A ,2,INE472A01039,Household Appliances,Equity,Consumer Discretionary,Consumer Durables
500068,DISAQ,Disa India Ltd,Active,B ,10,INE131C01011,Industrial Products,Equity,Industrials,Capital Goods
500069,QUESTCAP,Quest Capital Markets Ltd,Active,X ,10,INE418C01012,Other Capital Market related Services,Equity,Financial Services,Financial Services
500074,BPL,BPL Ltd,Active,B ,10,INE110A01019,Consumer Electronics,Equity,Consumer Discretionary,Consumer Durables
500078,OAL,Oriental Aromatics Ltd,Active,B ,5,INE959C01023,Specialty Chemicals,Equity,Commodities,Chemicals
500083,CENTEXT,Century Extrusions Ltd,Active,B ,1,INE281A01026,Aluminium- Copper & Zinc Products,Equity,Industrials,Capital Goods
500084,CESC,CESC Ltd,Active,A ,1,INE486A01021,Integrated Power Utilities,Equity,Utilities,Power
500085,CHAMBLFERT,Chambal Fertilisers & Chemicals Ltd,Active,A ,10,INE085A01013,Fertilizers,Equity,Commodities,Chemicals
500086,EXIDEIND,Exide Industries Ltd,Active,A ,1,INE302A01020,Auto Components & Equipments,Equity,Consumer Discretionary,Automobile and Auto Components
500087,CIPLA,Cipla Ltd,Active,A ,2,INE059A01026,Pharmaceuticals,Equity,Healthcare,Healthcare
500089,DICIND,DIC India Ltd,Active,B ,10,INE303A01010,Printing Inks,Equity,Commodities,Chemicals
500092,CRISIL,CRISIL Ltd,Active,A ,1,INE007A01025,Other Financial Services,Equity,Financial Services,Financial Services
500093,CGPOWER,CG Power and Industrial Solutions Ltd,Active,A ,2,INE067A01029,Heavy Electrical Equipment,Equity,Industrials,Capital Goods
500096,DABUR,Dabur India Ltd,Active,A ,1,INE016A01026,Personal Care,Equity,Fast Moving Consumer Goods,Fast Moving Consumer Goods
500097,DALMIASUG,Dalmia Bharat Sugar and Industries Ltd,Active,B ,2,INE495A01022,Sugar,Equity,Fast Moving Consumer Goods,Fast Moving Consumer Goods
500101,ARVIND,Arvind Ltd,Active,A ,10,INE034A01011,Garments & Apparels,Equity,Consumer Discretionary,Textiles
500103,BHEL,Bharat Heavy Electricals Ltd,Active,A ,2,INE257A01026,Heavy Electrical Equipment,Equity,Industrials,Capital Goods
500104,HINDPETRO,Hindustan Petroleum Corporation Ltd,Active,A ,10,INE094A01015,Refineries & Marketing,Equity,Energy,"Oil, Gas & Consumable Fuels"
500106,IFCI,IFCI Ltd,Active,A ,10,INE039A01010,Financial Institution,Equity,Financial Services,Financial Services
500108,MTNL,Mahanagar Telephone Nigam Ltd,Active,A ,10,INE153A01019,Telecom - Cellular & Fixed line services,Equity,Telecommunication,Telecommunication
500109,MRPL,Mangalore Refinery and Petrochemicals Ltd,Active,A ,10,INE103A01014,Refineries & Marketing,Equity,Energy,"Oil, Gas & Consumable Fuels"
500110,CHENNPETRO,Chennai Petroleum Corporation Ltd,Active,A ,10,INE178A01016,Refineries & Marketing,Equity,Energy,"Oil, Gas & Consumable Fuels"
500112,SBIN,State Bank of India,Active,A ,1,INE062A01020,Public Sector Bank,Equity,Financial Services,Financial Services
500113,SAIL,Steel Authority of India Ltd,Active,A ,10,INE114A01011,Iron & Steel,Equity,Commodities,Metals & Mining
500114,TITAN,Titan Company Ltd,Active,A ,1,INE280A01028,Gems- Jewellery And Watches,Equity,Consumer Discretionary,Consumer Durables
500116,IDBI,IDBI Bank Ltd,Active,A ,10,INE008A01015,Private Sector Bank,Equity,Financial Services,Financial Services
500117,DCW,DCW Ltd,Active,B ,2,INE500A01029,Petrochemicals,Equity,Commodities,Chemicals
500119,DHAMPURSUG,Dhampur Sugar Mills Ltd,Active,B ,10,INE041A01016,Sugar,Equity,Fast Moving Consumer Goods,Fast Moving Consumer Goods
500120,DIAMINESQ,Diamines & Chemicals Ltd,Active,B ,10,INE591D01014,Specialty Chemicals,Equity,Commodities,Chemicals
500123,ELANTAS,Elantas Beck India Ltd,Active,B ,10,INE280B01018,Specialty Chemicals,Equity,Commodities,Chemicals
500124,DRREDDY,Dr Reddys Laboratories Ltd,Active,A ,1,INE089A01031,Pharmaceuticals,Equity,Healthcare,Healthcare
500125,EIDPARRY,EID Parry India Ltd,Active,A ,1,INE126A01031,Other Food Products,Equity,Fast Moving Consumer Goods,Fast Moving Consumer Goods
500126,PGHL,Procter & Gamble Health Ltd,Active,A ,10,INE199A01012,Pharmaceuticals,Equity,Healthcare,Healthcare
500128,ELECTCAST,Electrosteel Castings Ltd,Active,A ,1,INE086A01029,Iron & Steel Products,Equity,Industrials,Capital Goods
500133,ESABINDIA,Esab India Ltd,Active,A ,10,INE284A01012,Other Industrial Products,Equity,Industrials,Capital Goods
500135,EPL,EPL Ltd,Active,A ,2,INE255A01020,Packaging,Equity,Industrials,Capital Goods
500136,ESTER,Ester Industries Ltd,Active,B ,5,INE778B01029,Packaging,Equity,Industrials,Capital Goods
500142,FGP,FGP Ltd,Active,X ,10,INE512A01016,Non Banking Financial Company (NBFC),Equity,Financial Services,Financial Services
500143,PHCAP,PH Capital Ltd,Active,X ,10,INE160F01013,Investment Company,Equity,Financial Services,Financial Services
500144,FINCABLES,Finolex Cables Ltd,Active,A ,2,INE235A01022,Cables - Electricals,Equity,Industrials,Capital Goods
500147,COCKERILL,John Cockerill India Ltd,Active,B ,10,INE515A01019,Industrial Products,Equity,Industrials,Capital Goods
500148,UFLEX,Uflex Ltd,Active,B ,10,INE516A01017,Packaging,Equity,Industrials,Capital Goods
500150,FOSECOIND,Foseco India Ltd,Active,B ,10,INE519A01011,Specialty Chemicals,Equity,Commodities,Chemicals
500151,GOLDENTOBC,Golden Tobacco Ltd,Active,Z ,10,INE973A01010,Residential- Commercial Projects,Equity,Consumer Discretionary,Realty
500153,GANESHBE,Ganesh Benzoplast Ltd,Active,B ,1,INE388A01029,Oil Storage & Transportation,Equity,Energy,"Oil, Gas & Consumable Fuels"
500159,METROGLOBL,Metroglobal Ltd,Active,X ,10,INE085D01033,Trading & Distributors,Equity,Services,Services
500160,GTL,GTL Ltd,Active,B ,10,INE043A01012,Other Telecom Services,Equity,Telecommunication,Telecommunication
500163,GODFRYPHLP,Godfrey Phillips India Ltd,Active,A ,2,INE260B01028,Cigarettes & Tobacco Products,Equity,Fast Moving Consumer Goods,Fast Moving Consumer Goods
500164,GODREJIND,Godrej Industries Ltd,Active,A ,1,INE233A01035,Diversified,Equity,Diversified,Diversified
500165,KANSAINER,Kansai Nerolac Paints Ltd,Active,A ,1,INE531A01024,Paints,Equity,Consumer Discretionary,Consumer Durables
500166,GOODRICKE,Goodricke Group Ltd,Active,X ,10,INE300A01016,Tea & Coffee,Equity,Fast Moving Consumer Goods,Fast Moving Consumer Goods
500168,GOODYEAR,Goodyear India Ltd,Active,B ,10,INE533A01012,Tyres & Rubber Products,Equity,Consumer Discretionary,Automobile and Auto Components
500170,GTNINDS,GTN Industries Ltd,Active,X ,10,INE537A01013,Other Textile Products,Equity,Consumer Discretionary,Textiles
500171,GHCL,GHCL Ltd,Active,A ,10,INE539A01019,Commodity Chemicals,Equity,Commodities,Chemicals
500173,GFLLIMITED,GFL Ltd,Active,B ,1,INE538A01037,Holding Company,Equity,Financial Services,Financial Services
500174,GLFL,Gujarat Lease Financing Ltd,Active,T ,10,INE540A01017,Other Financial Services,Equity,Financial Services,Financial Services
500179,HCL-INSYS,HCL Infosystems Ltd,Active,B ,2,INE236A01020,Computers Hardware & Equipments,Equity,Information Technology,Information Technology
500180,HDFCBANK,HDFC Bank Ltd,Active,A ,1,INE040A01034,Private Sector Bank,Equity,Financial Services,Financial Services
500182,HEROMOTOCO,Hero MotoCorp Ltd,Active,A ,2,INE158A01026,2/3 Wheelers,Equity,Consumer Discretionary,Automobile and Auto Components
500183,HFCL,HFCL Ltd,Active,A ,1,INE548A01028,Telecom - Infrastructure,Equity,Telecommunication,Telecommunication
500184,HSCL,Himadri Speciality Chemical Ltd,Active,A ,1,INE019C01026,Carbon Black,Equity,Commodities,Chemicals
500185,HCC,Hindustan Construction Company Ltd,Active,A ,1,INE549A01026,Civil Construction,Equity,Industrials,Construction
500186,HINDOILEXP,Hindustan Oil Exploration Company Ltd,Active,A ,10,INE345A01011,Oil Exploration & Production,Equity,Energy,"Oil, Gas & Consumable Fuels"
500187,AGI,Agi Greenpac Ltd,Active,A ,2,INE415A01038,Packaging,Equity,Industrials,Capital Goods
500188,HINDZINC,Hindustan Zinc Ltd,Active,A ,2,INE267A01025,Zinc,Equity,Commodities,Metals & Mining
500189,NDLVENTURE,NDL Ventures Ltd,Active,T ,10,INE353A01023,Other Financial Services,Equity,Financial Services,Financial Services
500191,HMT,HMT Ltd,Active,Z ,10,INE262A01018,Industrial Products,Equity,Industrials,Capital Goods
500192,PRAGBOS,Prag Bosimi Synthetics Ltd,Active,X ,10,INE962B01011,Other Textile Products,Equity,Consumer Discretionary,Textiles
500193,HLVLTD,HLV Ltd,Active,B ,2,INE102A01024,Hotels & Resorts,Equity,Consumer Discretionary,Consumer Services
500199,IGPL,IG Petrochemicals Ltd,Active,B ,10,INE204A01010,Commodity Chemicals,Equity,Commodities,Chemicals
500201,INDIAGLYCO,India Glycols Ltd,Active,B ,10,INE560A01015,Breweries & Distilleries,Equity,Fast Moving Consumer Goods,Fast Moving Consumer Goods
500202,INDLEASE,India Lease Development Ltd,Active,X ,10,INE333C01013,Non Banking Financial Company (NBFC),Equity,Financial Services,Financial Services
500206,MARGOFIN,Margo Finance Ltd,Active,X ,10,INE680B01019,Non Banking Financial Company (NBFC),Equity,Financial Services,Financial Services
500207,INDORAMA,Indo Rama Synthetics (India) Ltd,Active,B ,10,INE156A01020,Other Textile Products,Equity,Consumer Discretionary,Textiles
500209,INFY,Infosys Ltd,Active,A ,5,INE009A01021,Computers - Software & Consulting,Equity,Information Technology,Information Technology
500210,INGERRAND,Ingersoll-Rand (India) Ltd,Active,A ,10,INE177A01018,Compressors- Pumps & Diesel Engines,Equity,Industrials,Capital Goods
500213,ITHL,International Travel House Ltd,Active,X ,10,INE262B01016,"Tour, Travel Related Services",Equity,Consumer Discretionary,Consumer Services
500214,IONEXCHANG,Ion Exchange India Ltd,Active,A ,1,INE570A01022,Water Supply & Management,Equity,Utilities,Utilities
500215,SUNDROP,Sundrop Brands Ltd,Active,B ,10,INE209A01019,Edible Oil,Equity,Fast Moving Consumer Goods,Fast Moving Consumer Goods
500219,JISLJALEQS,Jain Irrigation Systems Ltd,Active,A ,2,INE175A01038,Plastic Products - Industrial,Equity,Industrials,Capital Goods
500220,JASCH,Jasch Industries Ltd,Active,X ,10,INE711C01028,Other Textile Products,Equity,Consumer Discretionary,Textiles
500227,JINDALPOLY,Jindal Poly Films Ltd,Active,B ,10,INE197D01010,Packaging,Equity,Industrials,Capital Goods
500228,JSWSTEEL,JSW Steel Ltd,Active,A ,1,INE019A01038,Iron & Steel,Equity,Commodities,Metals & Mining
500231,UMANGDAIRY,Umang Dairies Ltd,Active,B ,5,INE864B01027,Dairy Products,Equity,Fast Moving Consumer Goods,Fast Moving Consumer Goods
500233,KAJARIACER,Kajaria Ceramics Ltd,Active,A ,1,INE217B01036,Ceramics,Equity,Consumer Discretionary,Consumer Durables
500234,KAKATCEM,Kakatiya Cement Sugar & Industries Ltd,Active,B ,10,INE437B01014,Cement & Cement Products,Equity,Commodities,Construction Materials
500235,KSL,Kalyani Steels Ltd,Active,B ,5,INE907A01026,Iron & Steel Products,Equity,Industrials,Capital Goods
500238,WHIRLPOOL,Whirlpool of India Ltd,Active,A ,10,INE716A01013,Household Appliances,Equity,Consumer Discretionary,Consumer Durables
500239,KGDENIM,KG Denim Ltd,Active,X ,10,INE104A01012,Other Textile Products,Equity,Consumer Discretionary,Textiles
500240,KINETICENG,Kinetic Engineering Ltd,Active,X ,10,INE266B01017,Auto Components & Equipments,Equity,Consumer Discretionary,Automobile and Auto Components
500241,KIRLOSBROS,Kirloskar Brothers Ltd,Active,A ,2,INE732A01036,Compressors- Pumps & Diesel Engines,Equity,Industrials,Capital Goods
500243,KIRLOSIND,Kirloskar Industries Ltd,Active,B ,10,INE250A01039,Other Industrial Products,Equity,Industrials,Capital Goods
500245,KIRLFER,Kirloskar Ferrous Industries Ltd,Active,A ,5,INE884B01025,Pig Iron,Equity,Commodities,Metals & Mining
500246,ENVAIREL,Envair Electrodyne Ltd,Active,X ,10,INE601C01013,Industrial Products,Equity,Industrials,Capital Goods
500247,KOTAKBANK,Kotak Mahindra Bank Ltd,Active,A ,5,INE237A01028,Private Sector Bank,Equity,Financial Services,Financial Services
500248,KRIFILIND,Krishna Filament Industries Ltd,Active,XT,10,INE073A01019,Plastic Products - Industrial,Equity,Industrials,Capital Goods
500249,KSB,KSB Ltd,Active,A ,2,INE999A01023,Compressors- Pumps & Diesel Engines,Equity,Industrials,Capital Goods
500250,LGBBROSLTD,LG Balakrishnan & Bros Ltd,Active,B ,10,INE337A01034,Auto Components & Equipments,Equity,Consumer Discretionary,Automobile and Auto Components
500251,TRENT,Trent Ltd,Active,A ,1,INE849A01020,Speciality Retail,Equity,Consumer Discretionary,Consumer Services
500252,LMW,LMW Ltd,Active,A ,10,INE269B01029,Industrial Products,Equity,Industrials,Capital Goods
500253,LICHSGFIN,LIC Housing Finance Ltd,Active,A ,2,INE115A01026,Housing Finance Company,Equity,Financial Services,Financial Services
500257,LUPIN,Lupin Ltd,Active,A ,2,INE326A01037,Pharmaceuticals,Equity,Healthcare,Healthcare
500259,LYKALABS,Lyka Labs Ltd,Active,B ,10,INE933A01014,Pharmaceuticals,Equity,Healthcare,Healthcare
500260,RAMCOCEM,The Ramco Cements Ltd,Active,A ,1,INE331A01037,Cement & Cement Products,Equity,Commodities,Construction Materials
500262,HYBRIDFIN,Hybrid Financial Services Ltd,Active,B ,5,INE965B01022,Stockbroking & Allied,Equity,Financial Services,Financial Services
500264,MAFATIND,Mafatlal Industries Ltd,Active,B ,2,INE270B01035,Other Textile Products,Equity,Consumer Discretionary,Textiles
500265,MAHSEAMLES,Maharashtra Seamless Ltd,Active,A ,5,INE271B01025,Iron & Steel Products,Equity,Industrials,Capital Goods
500266,MAHSCOOTER,Maharashtra Scooters Ltd,Active,A ,10,INE288A01013,Investment Company,Equity,Financial Services,Financial Services
500267,MAJESAUT,Majestic Auto Ltd,Active,X ,10,INE201B01022,Diversified Commercial Services,Equity,Services,Services
500268,MANALIPETC,Manali Petrochemicals Ltd,Active,B ,5,INE201A01024,Petrochemicals,Equity,Commodities,Chemicals
500270,BARODARY,Baroda Rayon Corporation Ltd,Active,X ,10,INE461A01024,Residential- Commercial Projects,Equity,Consumer Discretionary,Realty
500271,MFSL,Max Financial Services Ltd,Active,A ,2,INE180A01020,Life Insurance,Equity,Financial Services,Financial Services
500277,MIDINDIA,Mid India Industries Ltd,Active,X ,10,INE401C01018,Other Textile Products,Equity,Consumer Discretionary,Textiles
500279,MIRCELECTR,Mirc Electronics Ltd,Active,T ,1,INE831A01028,Consumer Electronics,Equity,Consumer Discretionary,Consumer Durables
500280,CENTENKA,Century Enka Ltd,Active,B ,10,INE485A01015,Other Textile Products,Equity,Consumer Discretionary,Textiles
500282,MODTHREAD,Modern Thread India Ltd,Active,B ,10,INE794W01014,Other Textile Products,Equity,Consumer Discretionary,Textiles
500284,LORDSCHLO,Lords Chloro Alkali Ltd,Active,T ,10,INE846D01012,Commodity Chemicals,Equity,Commodities,Chemicals
500285,SPICEJET,Spicejet Ltd,Active,B ,10,INE285B01017,Airline,Equity,Services,Services
500288,MOREPENLAB,Morepen Laboratories Ltd,Active,A ,2,INE083A01026,Pharmaceuticals,Equity,Healthcare,Healthcare
500290,MRF,MRF Ltd,Active,A ,10,INE883A01011,Tyres & Rubber Products,Equity,Consumer Discretionary,Automobile and Auto Components
500292,HEIDELBERG,HeidelbergCement India Ltd,Active,B ,10,INE578A01017,Cement & Cement Products,Equity,Commodities,Construction Materials
500294,NCC,NCC Ltd,Active,A ,2,INE868B01028,Civil Construction,Equity,Industrials,Construction
500295,VEDL,Vedanta Ltd,Active,A ,1,INE205A01025,Diversified Metals,Equity,Commodities,Metals & Mining
500296,NAHARSPING,Nahar Spinning Mills Ltd,Active,B ,5,INE290A01027,Other Textile Products,Equity,Consumer Discretionary,Textiles
500298,NAPEROL,Naperol Investments Ltd,Active,X ,10,INE585A01020,Investment Company,Equity,Financial Services,Financial Services
500300,GRASIM,Grasim Industries Ltd,Active,A ,2,INE047A01021,Cement & Cement Products,Equity,Commodities,Construction Materials
500302,PEL,Piramal Enterprises Ltd,Active,A ,2,INE140A01024,Non Banking Financial Company (NBFC),Equity,Financial Services,Financial Services
500304,NIITLTD,NIIT Ltd,Active,B ,2,INE161A01038,Education,Equity,Consumer Discretionary,Consumer Services
500306,JAYKAY,Jaykay Enterprises Ltd,Active,B ,1,INE903A01025,Aerospace & Defense,Equity,Industrials,Capital Goods
500307,NIRLON,Nirlon Ltd,Active,B ,10,INE910A01012,Diversified Commercial Services,Equity,Services,Services
500312,ONGC,Oil and Natural Gas Corporation Ltd,Active,A ,5,INE213A01029,Oil Exploration & Production,Equity,Energy,"Oil, Gas & Consumable Fuels"
500313,OILCOUNTUB,Oil Country Tubular Ltd,Active,B ,10,INE591A01010,Oil Equipment & Services,Equity,Energy,"Oil, Gas & Consumable Fuels"
500314,ORIENTHOT,Oriental Hotels Ltd,Active,B ,1,INE750A01020,Hotels & Resorts,Equity,Consumer Discretionary,Consumer Services
500317,OSWALAGRO,Oswal Agro Mills Ltd,Active,B ,10,INE142A01012,Trading & Distributors,Equity,Services,Services
500319,INDSUCR,Indian Sucrose Ltd,Active,X ,10,INE557C01017,Sugar,Equity,Fast Moving Consumer Goods,Fast Moving Consumer Goods
500322,PANCM,Panyam Cements & Mineral Industries Ltd,Active,X ,10,INE167E01037,Cement & Cement Products,Equity,Commodities,Construction Materials
500325,RELIANCE,Reliance Industries Ltd,Active,A ,10,INE002A01018,Refineries & Marketing,Equity,Energy,"Oil, Gas & Consumable Fuels"
500327,PILITA,Pil Italica Lifestyle Ltd,Active,B ,1,INE600A01035,Plastic Products - Consumer,Equity,Consumer Discretionary,Consumer Durables
500330,RAYMOND,Raymond Ltd,Active,T ,10,INE301A01014,Residential- Commercial Projects,Equity,Consumer Discretionary,Realty
500331,PIDILITIND,Pidilite Industries Ltd,Active,A ,1,INE318A01026,Specialty Chemicals,Equity,Commodities,Chemicals
500333,PIXTRANS,Pix Transmissions Ltd,Active,B ,10,INE751B01018,Rubber,Equity,Industrials,Capital Goods
500335,BIRLACORPN,Birla Corporation Ltd,Active,A ,10,INE340A01012,Cement & Cement Products,Equity,Commodities,Construction Materials
500336,SURYAROSNI,Surya Roshni Ltd,Active,A ,5,INE335A01020,Iron & Steel Products,Equity,Industrials,Capital Goods
500337,PRIMESECU,Prime Securities Ltd,Active,B ,5,INE032B01021,Other Financial Services,Equity,Financial Services,Financial Services
500338,PRSMJOHNSN,Prism Johnson Ltd,Active,A ,10,INE010A01011,Cement & Cement Products,Equity,Commodities,Construction Materials
500339,RAIN,Rain Industries Ltd,Active,A ,2,INE855B01025,Petrochemicals,Equity,Commodities,Chemicals
500342,PRUDMOULI,Prudential Sugar Corporation Ltd,Active,T ,10,INE024D01016,Sugar,Equity,Fast Moving Consumer Goods,Fast Moving Consumer Goods
500343,AMJLAND,AMJ Land Holdings Ltd,Active,B ,2,INE606A01024,Residential- Commercial Projects,Equity,Consumer Discretionary,Realty
500346,PUNJCOMMU,Punjab Communications Ltd,Active,B ,10,INE609A01010,Telecom -  Equipment & Accessories,Equity,Telecommunication,Telecommunication
500350,RSWM,RSWM Ltd,Active,B ,10,INE611A01016,Other Textile Products,Equity,Consumer Discretionary,Textiles
500354,RAJSREESUG,Rajshree Sugars & Chemicals Ltd,Active,B ,10,INE562B01019,Sugar,Equity,Fast Moving Consumer Goods,Fast Moving Consumer Goods
500355,RALLIS,Rallis India Ltd,Active,A ,1,INE613A01020,Pesticides & Agrochemicals,Equity,Commodities,Chemicals
500356,RAMANEWS,Shree Rama Newsprint Ltd,Active,T ,10,INE278B01020,Paper & Paper Products,Equity,Commodities,Forest Materials
500360,RAPICUT,Rapicut Carbides Ltd,Active,X ,10,INE350D01015,Industrial Products,Equity,Industrials,Capital Goods
500365,WELSPLSOL,Welspun Specialty Solutions Ltd,Active,B ,6,INE731F01037,Iron & Steel Products,Equity,Industrials,Capital Goods
500366,ROLTA,Rolta India Ltd,Active,Z ,10,INE293A01013,IT Enabled Services,Equity,Information Technology,Information Technology
500367,RUBFILA,Rubfila International Ltd,Active,B ,5,INE642C01025,Rubber,Equity,Industrials,Capital Goods
500368,PATANJALI,Patanjali Foods Ltd,Active,A ,2,INE619A01035,Edible Oil,Equity,Fast Moving Consumer Goods,Fast Moving Consumer Goods
500370,SALORAINTL,Salora International Ltd,Active,X ,10,INE924A01013,Trading & Distributors,Equity,Services,Services
500378,JINDALSAW,Jindal Saw Ltd,Active,A ,1,INE324A01032,Iron & Steel Products,Equity,Industrials,Capital Goods
500380,JKLAKSHMI,JK Lakshmi Cement Ltd,Active,A ,5,INE786A01032,Cement & Cement Products,Equity,Commodities,Construction Materials
500387,SHREECEM,Shree Cement Ltd,Active,A ,10,INE070A01015,Cement & Cement Products,Equity,Commodities,Construction Materials
500388,SKPMIL,Shree Krishna Paper Mills & Industries Ltd,Active,X ,10,INE970C01012,Paper & Paper Products,Equity,Commodities,Forest Materials
500389,SILVERLINE,Silverline Technologies Ltd,Active,XT,10,INE368A01021,Software Products,Equity,Information Technology,Information Technology
500390,RELINFRA,Reliance Infrastructure Ltd,Active,A ,10,INE036A01016,Integrated Power Utilities,Equity,Utilities,Power
500400,TATAPOWER,Tata Power Company Ltd,Active,A ,1,INE245A01021,Integrated Power Utilities,Equity,Utilities,Power
500402,SPMLINFRA,SPML Infra Ltd,Active,B ,2,INE937A01023,Civil Construction,Equity,Industrials,Construction
500403,SUNDRMFAST,Sundram Fasteners Ltd,Active,A ,1,INE387A01021,Auto Components & Equipments,Equity,Consumer Discretionary,Automobile and Auto Components
500404,SUNFLAG,Sunflag Iron & Steel Company Ltd,Active,A ,10,INE947A01014,Iron & Steel Products,Equity,Industrials,Capital Goods
500405,SPLPETRO,Supreme Petrochem Ltd,Active,A ,2,INE663A01033,Petrochemicals,Equity,Commodities,Chemicals
500407,SWARAJENG,Swaraj Engines Ltd,Active,B ,10,INE277A01016,Compressors- Pumps & Diesel Engines,Equity,Industrials,Capital Goods
500408,TATAELXSI,Tata Elxsi Ltd,Active,A ,10,INE670A01012,Computers - Software & Consulting,Equity,Information Technology,Information Technology
500410,ACC,ACC Ltd,Active,A ,10,INE012A01025,Cement & Cement Products,Equity,Commodities,Construction Materials
500411,THERMAX,Thermax Ltd,Active,A ,2,INE152A01029,Heavy Electrical Equipment,Equity,Industrials,Capital Goods
500412,TIRUMALCHM,Thirumalai Chemicals Ltd,Active,A ,1,INE338A01024,Commodity Chemicals,Equity,Commodities,Chemicals
500413,THOMASCOOK,Thomas Cook (India) Ltd,Active,A ,1,INE332A01027,"Tour, Travel Related Services",Equity,Consumer Discretionary,Consumer Services
500414,TIMEX,Timex Group India Ltd,Active,B ,1,INE064A01026,Gems- Jewellery And Watches,Equity,Consumer Discretionary,Consumer Durables
500418,TOKYOPLAST,Tokyo Plast International Ltd,Active,B ,10,INE932C01012,Plastic Products - Consumer,Equity,Consumer Discretionary,Consumer Durables
500420,TORNTPHARM,Torrent Pharmaceuticals Ltd,Active,A ,5,INE685A01028,Pharmaceuticals,Equity,Healthcare,Healthcare
500421,TPINDIA,TPI India Ltd,Active,X ,1,INE578C01021,Packaging,Equity,Industrials,Capital Goods
500422,TRANSCHEM,Transchem Ltd,Active,X ,10,INE019B01010,Pharmaceuticals,Equity,Healthcare,Healthcare
500425,AMBUJACEM,Ambuja Cements Ltd,Active,A ,2,INE079A01024,Cement & Cement Products,Equity,Commodities,Construction Materials
500426,UTLINDS,UTL Industries Ltd,Active,X ,1,INE184E01024,Residential- Commercial Projects,Equity,Consumer Discretionary,Realty
500429,UNIENTER,Uniphos Enterprises Ltd,Active,B ,2,INE037A01022,Trading - Chemicals,Equity,Commodities,Chemicals
500439,VHL,Vardhman Holdings Ltd,Active,B ,10,INE701A01023,Investment Company,Equity,Financial Services,Financial Services
500440,HINDALCO,Hindalco Industries Ltd,Active,A ,1,INE038A01020,Aluminium,Equity,Commodities,Metals & Mining
500444,WSTCSTPAPR,West Coast Paper Mills Ltd,Active,A ,2,INE976A01021,Paper & Paper Products,Equity,Commodities,Forest Materials
500449,HOCL,Hindustan Organic Chemicals Ltd,Active,T ,10,INE048A01011,Commodity Chemicals,Equity,Commodities,Chemicals
500450,MPILCORPL,MPIL Corporation Ltd,Active,X ,10,INE844C01027,Other Financial Services,Equity,Financial Services,Financial Services
500456,PASUPTAC,Pasupati Acrylon Ltd,Active,T ,10,INE818B01023,Petrochemicals,Equity,Commodities,Chemicals
500458,KORE,Kore Foods Ltd,Active,XT,10,INE601A01017,Other Food Products,Equity,Fast Moving Consumer Goods,Fast Moving Consumer Goods
500459,PGHH,Procter & Gamble Hygiene and Health Care Ltd,Active,A ,10,INE179A01014,Personal Care,Equity,Fast Moving Consumer Goods,Fast Moving Consumer Goods
500460,MUKANDLTD,Mukand Ltd,Active,B ,10,INE304A01026,Iron & Steel,Equity,Commodities,Metals & Mining
500463,BBOX,Black Box Ltd,Active,B ,2,INE676A01027,IT Enabled Services,Equity,Information Technology,Information Technology
500464,UCAL,Ucal  Ltd,Active,B ,10,INE139B01016,Auto Components & Equipments,Equity,Consumer Discretionary,Automobile and Auto Components
500467,HARRMALAYA,Harrisons Malayalam Ltd,Active,B ,10,INE544A01019,Rubber,Equity,Industrials,Capital Goods
500469,FEDERALBNK,Federal Bank Ltd,Active,A ,2,INE171A01029,Private Sector Bank,Equity,Financial Services,Financial Services
500470,TATASTEEL,Tata Steel Ltd,Active,A ,1,INE081A01020,Iron & Steel,Equity,Commodities,Metals & Mining
500472,SKFINDIA,SKF India Ltd,Active,A ,10,INE640A01023,Abrasives & Bearings,Equity,Industrials,Capital Goods
500477,ASHOKLEY,Ashok Leyland Ltd,Active,A ,1,INE208A01029,Commercial Vehicles,Equity,Industrials,Capital Goods
500480,CUMMINSIND,Cummins India Ltd,Active,A ,2,INE298A01020,Compressors- Pumps & Diesel Engines,Equity,Industrials,Capital Goods
500483,TATACOMM,Tata Communications Ltd,Active,A ,10,INE151A01013,Telecom - Cellular & Fixed line services,Equity,Telecommunication,Telecommunication
500488,ABBOTINDIA,Abbott India Ltd,Active,A ,10,INE358A01014,Pharmaceuticals,Equity,Healthcare,Healthcare
500490,BAJAJHLDNG,Bajaj Holdings & Investment Ltd,Active,A ,10,INE118A01012,Holding Company,Equity,Financial Services,Financial Services
500493,BHARATFORG,Bharat Forge Ltd,Active,A ,2,INE465A01025,Auto Components & Equipments,Equity,Consumer Discretionary,Automobile and Auto Components
500495,ESCORTS,Escorts Kubota Ltd,Active,A ,10,INE042A01014,Tractors,Equity,Industrials,Capital Goods
500500,HINDMOTORS,Hindustan Motors Ltd,Active,B ,5,INE253A01025,Passenger Cars & Utility Vehicles,Equity,Consumer Discretionary,Automobile and Auto Components
500510,LT,Larsen & Toubro Ltd,Active,A ,2,INE018A01030,Civil Construction,Equity,Industrials,Construction
500520,M&M,Mahindra & Mahindra Ltd,Active,A ,5,INE101A01026,Passenger Cars & Utility Vehicles,Equity,Consumer Discretionary,Automobile and Auto Components
500530,BOSCHLTD,Bosch Ltd,Active,A ,10,INE323A01026,Auto Components & Equipments,Equity,Consumer Discretionary,Automobile and Auto Components
500540,PREMIER,Premier Ltd,Active,T ,10,INE342A01018,Industrial Products,Equity,Industrials,Capital Goods
500547,BPCL,Bharat Petroleum Corporation Ltd,Active,A ,10,INE029A01011,Refineries & Marketing,Equity,Energy,"Oil, Gas & Consumable Fuels"
500550,SIEMENS,Siemens Ltd,Active,A ,2,INE003A01024,Heavy Electrical Equipment,Equity,Industrials,Capital Goods
500570,TATAMOTORS,Tata Motors Ltd,Active,A ,2,INE155A01022,Passenger Cars & Utility Vehicles,Equity,Consumer Discretionary,Automobile and Auto Components
500575,VOLTAS,Voltas Ltd,Active,A ,1,INE226A01021,Household Appliances,Equity,Consumer Discretionary,Consumer Durables
500620,GESHIP,Great Eastern Shipping Company Ltd,Active,A ,10,INE017A01032,Shipping,Equity,Services,Services
500645,DEEPAKFERT,Deepak Fertilisers & Petrochemicals Corporation Ltd,Active,A ,10,INE501A01019,Commodity Chemicals,Equity,Commodities,Chemicals
500650,EXCELINDUS,Excel Industries Ltd,Active,B ,5,INE369A01029,Specialty Chemicals,Equity,Commodities,Chemicals
500655,GRWRHITECH,Garware Hi-Tech Films Ltd,Active,A ,10,INE291A01017,Plastic Products - Industrial,Equity,Industrials,Capital Goods
500660,GLAXO,GlaxoSmithKline Pharmaceuticals Ltd,Active,A ,10,INE159A01016,Pharmaceuticals,Equity,Healthcare,Healthcare
500670,GNFC,Gujarat Narmada Valley Fertilizers & Chemicals Ltd,Active,A ,10,INE113A01013,Commodity Chemicals,Equity,Commodities,Chemicals
500672,NOVARTIND,Novartis India Ltd,Active,B ,5,INE234A01025,Pharmaceuticals,Equity,Healthcare,Healthcare
500674,SANOFI,Sanofi India Ltd,Active,A ,10,INE058A01010,Pharmaceuticals,Equity,Healthcare,Healthcare
500680,PFIZER,Pfizer Ltd,Active,A ,10,INE182A01018,Pharmaceuticals,Equity,Healthcare,Healthcare
500690,GSFC,Gujarat State Fertilizers & Chemicals Ltd,Active,A ,2,INE026A01025,Fertilizers,Equity,Commodities,Chemicals
500696,HINDUNILVR,Hindustan Unilever Ltd,Active,A ,1,INE030A01027,Diversified FMCG,Equity,Fast Moving Consumer Goods,Fast Moving Consumer Goods
500710,AKZOINDIA,Akzo Nobel India Ltd,Active,A ,10,INE133A01011,Paints,Equity,Consumer Discretionary,Consumer Durables
500730,NOCIL,NOCIL Ltd,Active,A ,10,INE163A01018,Specialty Chemicals,Equity,Commodities,Chemicals
500770,TATACHEM,Tata Chemicals Ltd,Active,A ,10,INE092A01019,Commodity Chemicals,Equity,Commodities,Chemicals
500777,TNPETRO,Tamilnadu Petroproducts Ltd,Active,B ,10,INE148A01019,Petrochemicals,Equity,Commodities,Chemicals
500780,ZUARIIND,Zuari Industries Ltd,Active,B ,10,INE217A01012,Sugar,Equity,Fast Moving Consumer Goods,Fast Moving Consumer Goods
500790,NESTLEIND,Nestle India Ltd,Active,A ,1,INE239A01024,Packaged Foods,Equity,Fast Moving Consumer Goods,Fast Moving Consumer Goods
500800,TATACONSUM,Tata Consumer Products Ltd,Active,A ,1,INE192A01025,Tea & Coffee,Equity,Fast Moving Consumer Goods,Fast Moving Consumer Goods
500820,ASIANPAINT,Asian Paints Ltd,Active,A ,1,INE021A01026,Paints,Equity,Consumer Discretionary,Consumer Durables
500825,BRITANNIA,Britannia Industries Ltd,Active,A ,1,INE216A01030,Packaged Foods,Equity,Fast Moving Consumer Goods,Fast Moving Consumer Goods
500830,COLPAL,Colgate Palmolive (India) Ltd,Active,A ,1,INE259A01022,Personal Care,Equity,Fast Moving Consumer Goods,Fast Moving Consumer Goods
500840,EIHOTEL,EIH Ltd,Active,A ,2,INE230A01023,Hotels & Resorts,Equity,Consumer Discretionary,Consumer Services
500850,INDHOTEL,Indian Hotels Company Ltd,Active,A ,1,INE053A01029,Hotels & Resorts,Equity,Consumer Discretionary,Consumer Services
500870,CASTROLIND,Castrol India Ltd,Active,A ,5,INE172A01027,Lubricants,Equity,Energy,"Oil, Gas & Consumable Fuels"
500875,ITC,ITC Ltd,Active,A ,1,INE154A01025,Diversified FMCG,Equity,Fast Moving Consumer Goods,Fast Moving Consumer Goods
500877,APOLLOTYRE,Apollo Tyres Ltd,Active,A ,1,INE438A01022,Tyres & Rubber Products,Equity,Consumer Discretionary,Automobile and Auto Components
500878,CEATLTD,Ceat Ltd,Active,A ,10,INE482A01020,Tyres & Rubber Products,Equity,Consumer Discretionary,Automobile and Auto Components
500890,MODIRUBBER,Modi Rubber Ltd,Active,B ,10,INE832A01018,Tyres & Rubber Products,Equity,Consumer Discretionary,Automobile and Auto Components
500940,FINPIPE,Finolex Industries Ltd,Active,A ,2,INE183A01024,Plastic Products - Industrial,Equity,Industrials,Capital Goods
501110,SUNRINV,Sunrise Industrial Traders Ltd,Active,XT,10,INE371U01015,Other Financial Services,Equity,Financial Services,Financial Services
501111,ZGOLDINV,Gold Rock Investments Ltd,Active,XT,10,INE598F01014,Trading & Distributors,Equity,Services,Services
501144,PEOPLIN,Peoples Investments Ltd,Active,XT,10,INE644U01015,Diversified Commercial Services,Equity,Services,Services
501148,DSINVEST,Dalal Street Investments Ltd,Active,XT,10,INE422D01012,Investment Company,Equity,Financial Services,Financial Services
501150,CENTRUM,Centrum Capital Ltd,Active,B ,1,INE660C01027,Other Financial Services,Equity,Financial Services,Financial Services
501242,TCIFINANCE,TCI Finance Ltd,Active,B ,10,INE911B01018,Non Banking Financial Company (NBFC),Equity,Financial Services,Financial Services
501261,KRATOSENER,Kratos Energy & Infrastructure Ltd,Active,XT,10,INE567L01017,Consulting Services,Equity,Services,Services
501270,ANTARIKSH,Antariksh Industries Ltd,Active,XT,10,INE825M01017,Residential- Commercial Projects,Equity,Consumer Discretionary,Realty
501295,IITL,Industrial Investment Trust Ltd,Active,B ,10,INE886A01014,Investment Company,Equity,Financial Services,Financial Services
501298,INDPRUD,Industrial & Prudential Investment Company Ltd,Active,B ,10,INE620D01011,Investment Company,Equity,Financial Services,Financial Services
501301,TATAINVEST,Tata Investment Corporation Ltd,Active,A ,10,INE672A01018,Investment Company,Equity,Financial Services,Financial Services
501311,JAYBHCR,Jayabharat Credit Ltd,Active,XT,10,INE998D01011,Non Banking Financial Company (NBFC),Equity,Financial Services,Financial Services
501314,PRISMX,Prismx Global Ventures Ltd,Active,X ,1,INE286N01028,Trading & Distributors,Equity,Services,Services
501343,MOTOGENFIN,Motor & General Finance Ltd,Active,B ,5,INE861B01023,Diversified Commercial Services,Equity,Services,Services
501351,RAPIDIN,Rapid Investments Ltd,Active,XT,10,INE154M01012,Diversified Commercial Services,Equity,Services,Services
501370,WALCHPF,Walchand Peoplefirst Ltd,Active,X ,10,INE695D01021,Consulting Services,Equity,Services,Services
501386,ZSWASTSA,Swastik Safe Deposit & Investments Ltd,Active,XT,10,INE094R01019,Other Financial Services,Equity,Financial Services,Financial Services
501391,WHBRADY,WH Brady & Company Ltd,Active,X ,10,INE855A01019,Other Industrial Products,Equity,Industrials,Capital Goods
501421,TECHNVISN,TechNVision Ventures Ltd,Active,XT,10,INE314H01012,Software Products,Equity,Information Technology,Information Technology
501423,SHAILY,Shaily Engineering Plastics Ltd,Active,B ,2,INE151G01028,Plastic Products - Industrial,Equity,Industrials,Capital Goods
501425,BBTC,Bombay Burmah Trading Corporation Ltd,Active,A ,2,INE050A01025,Packaged Foods,Equity,Fast Moving Consumer Goods,Fast Moving Consumer Goods
501430,BOMBCYC,Bombay Cycle & Motor Agency Ltd,Active,X ,10,INE691K01017,Trading & Distributors,Equity,Services,Services
501455,GREAVESCOT,Greaves Cotton Ltd,Active,A ,2,INE224A01026,Compressors- Pumps & Diesel Engines,Equity,Industrials,Capital Goods
501477,MULLER,Muller & Phipps India Ltd,Active,X ,10,INE003F01015,Trading & Distributors,Equity,Services,Services
501479,SFTL,Springform Technology Ltd,Active,P ,10,INE02ZA01012,Trading & Distributors,Equity,Services,Services
501622,AMALGAM,Amalgamated Electricity Company Ltd,Active,X ,5,INE492N01022,Diversified Commercial Services,Equity,Services,Services
501630,ANANDPROJ,Anand Projects Ltd,Active,XT,10,INE134R01013,Civil Construction,Equity,Industrials,Construction
501700,INDIANVSH,IndiaNivesh Ltd,Active,X ,1,INE131H01028,Non Banking Financial Company (NBFC),Equity,Financial Services,Financial Services
501831,COASTCORP,Coastal Corporation Ltd,Active,B ,2,INE377E01024,Seafood,Equity,Fast Moving Consumer Goods,Fast Moving Consumer Goods
501833,CHOWGULSTM,Chowgule Steamships Ltd,Active,X ,10,INE490A01015,Shipping,Equity,Services,Services
501848,GLOBOFFS,Global Offshore Services Ltd,Active,X ,10,INE446C01013,Shipping,Equity,Services,Services
502015,ASIIL,ASI Industries Ltd,Active,X ,1,INE443A01030,Industrial Minerals,Equity,Commodities,Metals & Mining
502090,SAGCEM,Sagar Cements Ltd,Active,B ,2,INE229C01021,Cement & Cement Products,Equity,Commodities,Construction Materials
502133,HEMACEM,Hemadri Cements Ltd,Active,X ,10,INE07BK01011,Cement & Cement Products,Equity,Commodities,Construction Materials
502137,DECCANCE,Deccan Cements Ltd,Active,B ,5,INE583C01021,Cement & Cement Products,Equity,Commodities,Construction Materials
502157,MANGLMCEM,Mangalam Cement Ltd,Active,B ,10,INE347A01017,Cement & Cement Products,Equity,Commodities,Construction Materials
502168,NCLIND,NCL Industries Ltd,Active,B ,10,INE732C01016,Cement & Cement Products,Equity,Commodities,Construction Materials
502175,SAURASHCEM,Saurashtra Cement Ltd,Active,B ,10,INE626A01014,Cement & Cement Products,Equity,Commodities,Construction Materials
502180,SHREDIGCEM,Shree Digvijay Cement Company Ltd,Active,B ,10,INE232A01011,Cement & Cement Products,Equity,Commodities,Construction Materials
502219,BORORENEW,Borosil Renewables Ltd,Active,A ,1,INE666D01022,Glass - Industrial,Equity,Industrials,Capital Goods
502250,LERTHAI,Lerthai Finance Ltd,Active,XT,10,INE347D01011,Other Construction Materials,Equity,Commodities,Construction Materials
502281,TRIVENIGQ,Triveni Glass Ltd,Active,X ,10,INE094C01011,Other Construction Materials,Equity,Commodities,Construction Materials
502294,NILACHAL,Nilachal Refractories Ltd,Active,X ,10,INE416N01013,Electrodes & Refractories,Equity,Industrials,Capital Goods
502330,ANDHRAPAP,Andhra Paper Ltd,Active,B ,2,INE435A01051,Paper & Paper Products,Equity,Commodities,Forest Materials
502355,BALKRISIND,Balkrishna Industries Ltd,Active,A ,2,INE787D01026,Tyres & Rubber Products,Equity,Consumer Discretionary,Automobile and Auto Components
502420,ORIENTPPR,Orient Paper & Industries Ltd,Active,B ,1,INE592A01026,Paper & Paper Products,Equity,Commodities,Forest Materials
502445,CITADEL,Citadel Realty and Developers Ltd,Active,X ,10,INE906D01014,Residential- Commercial Projects,Equity,Consumer Discretionary,Realty
502448,ROLLT,Rollatainers Ltd,Active,B ,1,INE927A01040,Packaging,Equity,Industrials,Capital Goods
502450,SESHAPAPER,Seshasayee Paper and Boards Ltd,Active,B ,2,INE630A01024,Paper & Paper Products,Equity,Commodities,Forest Materials
502587,NATHIND,Nath Industries Ltd,Active,X ,10,INE777A01023,Paper & Paper Products,Equity,Commodities,Forest Materials
502589,VAPIENTER,Vapi Enterprise Ltd,Active,X ,10,INE464D01014,Paper & Paper Products,Equity,Commodities,Forest Materials
502820,DCM,DCM Ltd,Active,B ,10,INE498A01018,IT Enabled Services,Equity,Information Technology,Information Technology
502850,ZGAEKWAR,Gaekwar Mills Ltd ,Active,X ,10,INE837X01027,Other Textile Products,Equity,Consumer Discretionary,Textiles
502865,FORBESCO,Forbes & Company Ltd,Active,XT,10,INE518A01013,Household Appliances,Equity,Consumer Discretionary,Consumer Durables
502873,HPCOTTON,HP Cotton Textile Mills Ltd,Active,X ,10,INE950C01014,Other Textile Products,Equity,Consumer Discretionary,Textiles
502893,UNITEDINT,United Interactive Ltd,Active,X ,10,INE706D01018,IT Enabled Services,Equity,Information Technology,Information Technology
502901,JAMSHRI,Jamshri Realty Ltd,Active,X ,10,INE462D01034,Residential- Commercial Projects,Equity,Consumer Discretionary,Realty
502933,KATRSPG,Katare Spinning Mills Ltd,Active,X ,10,INE498G01015,Other Textile Products,Equity,Consumer Discretionary,Textiles
502937,KESORAMIND,Kesoram Industries Ltd,Active,T ,10,INE087A01019,Cement & Cement Products,Equity,Commodities,Construction Materials
502958,LAKSHMIMIL,Lakshmi Mills Company Ltd,Active,X ,100,INE938C01019,Other Textile Products,Equity,Consumer Discretionary,Textiles
502986,VTL,Vardhman Textiles Ltd,Active,A ,2,INE825A01020,Other Textile Products,Equity,Consumer Discretionary,Textiles
503031,PENINLAND,Peninsula Land Ltd,Active,T ,2,INE138A01028,Residential- Commercial Projects,Equity,Consumer Discretionary,Realty
503092,PASUSPG,Pasupati Spinning & Weaving Mills Ltd,Active,X ,10,INE909B01020,Other Textile Products,Equity,Consumer Discretionary,Textiles
503100,PHOENIXLTD,The Phoenix Mills Ltd,Active,A ,2,INE211B01039,Residential- Commercial Projects,Equity,Consumer Discretionary,Realty
503101,MARATHON,Marathon Nextgen Realty Ltd,Active,B ,5,INE182D01020,Residential- Commercial Projects,Equity,Consumer Discretionary,Realty
503127,RAJABAH,Raja Bahadur International Ltd,Active,X ,100,INE491N01016,Residential- Commercial Projects,Equity,Consumer Discretionary,Realty
503162,RELCHEMQ,Reliance Chemotex Industries Ltd,Active,B ,10,INE750D01016,Other Textile Products,Equity,Consumer Discretionary,Textiles
503169,RUBYMILLS,Ruby Mills Ltd,Active,B ,5,INE301D01026,Other Textile Products,Equity,Consumer Discretionary,Textiles
503229,SIMPLXREA,Simplex Realty Ltd,Active,X ,10,INE167H01014,Residential- Commercial Projects,Equity,Consumer Discretionary,Realty
503310,SWANENERGY,Swan Energy Ltd,Active,A ,1,INE665A01038,Petrochemicals,Equity,Commodities,Chemicals
503349,VICTMILL,Victoria Mills Ltd,Active,X ,100,INE203D01016,Residential- Commercial Projects,Equity,Consumer Discretionary,Realty
503622,ZSVTRADI,SV Trading & Agencies Ltd ,Active,XT,10,INE404N01019,Other Financial Services,Equity,Financial Services,Financial Services
503624,ZSVARAJT,Svaraj Trading & Agencies Ltd ,Active,X ,10,INE406N01014,Other Financial Services,Equity,Financial Services,Financial Services
503626,KSHITIJ,Kshitij Investments Ltd,Active,X ,10,INE733N01011,Other Financial Services,Equity,Financial Services,Financial Services
503635,SALSAIN,Shree Salasar Investments Ltd,Active,XT,10,INE315N01017,Other Financial Services,Equity,Financial Services,Financial Services
503639,INDSOYA,Indsoya Ltd,Active,XT,5,INE314N01028,Diversified Commercial Services,Equity,Services,Services
503641,ZODIACVEN,Zodiac Ventures Ltd,Active,X ,1,INE945J01027,Consulting Services,Equity,Services,Services
503657,VEERENRGY,Veer Energy & Infrastructure Ltd,Active,X ,10,INE255E01030,Power Generation,Equity,Utilities,Power
503663,TILAK,Tilak Ventures Ltd,Active,X ,1,INE026L01022,Investment Company,Equity,Financial Services,Financial Services
503671,UNIJOLL,Unijolly Investments Company Ltd,Active,XT,10,INE130N01010,Other Financial Services,Equity,Financial Services,Financial Services
503675,WAGEND,Wagend Infra Venture Ltd,Active,X ,2,INE786K01023,Diversified Commercial Services,Equity,Services,Services
503681,ELCIDIN,EL CID Investments Ltd,Active,B ,10,INE927X01018,Investment Company,Equity,Financial Services,Financial Services
503685,MEDIAONE,Mediaone Global Entertainment Ltd,Active,X ,10,INE828I01019,Film Production- Distribution & Exhibition,Equity,Consumer Discretionary,"Media, Entertainment & Publication"
503689,HEALINV,Healthy Investments Ltd,Active,XT,10,INE160N01017,Diversified Commercial Services,Equity,Services,Services
503696,SHRENTI,Shreenath Investment Company Ltd,Active,X ,10,INE475V01012,Diversified Commercial Services,Equity,Services,Services
503722,BANSWRAS,Banswara Syntex Ltd,Active,B ,5,INE629D01020,Other Textile Products,Equity,Consumer Discretionary,Textiles
503772,MODWOOL,Modella Woollens Ltd,Active,X ,10,INE380D01012,Trading & Distributors,Equity,Services,Services
503776,MODIPON,Modipon Ltd,Active,X ,10,INE170C01019,Residential- Commercial Projects,Equity,Consumer Discretionary,Realty
503804,SHRIDINE,Shri Dinesh Mills Ltd,Active,X ,10,INE204C01024,Other Textile Products,Equity,Consumer Discretionary,Textiles
503806,SRF,SRF Ltd,Active,A ,10,INE647A01010,Commodity Chemicals,Equity,Commodities,Chemicals
503811,SIYSIL,Siyaram Silk Mills Ltd,Active,B ,2,INE076B01028,Other Textile Products,Equity,Consumer Discretionary,Textiles
503816,SWADPOL,Swadeshi Polytex Ltd,Active,XT,1,INE243N01029,Other Textile Products,Equity,Consumer Discretionary,Textiles
503837,SHRAJSYNQ,Shree Rajasthan Syntex Ltd,Active,X ,10,INE796C01011,Other Textile Products,Equity,Consumer Discretionary,Textiles
503863,SHRMFGC,Shree Manufacturing Company Ltd,Active,X ,10,INE632A01012,Other Textile Products,Equity,Consumer Discretionary,Textiles
503893,ZSATYASL,Satyam Silk Mills Ltd,Active,XT,10,INE07MC01015,Other Financial Services,Equity,Financial Services,Financial Services
503960,BBL,Bharat Bijlee Ltd,Active,A ,5,INE464A01036,Other Electrical Equipment,Equity,Industrials,Capital Goods
504000,ELPROINTL,Elpro International Ltd,Active,B ,1,INE579B01039,Residential- Commercial Projects,Equity,Consumer Discretionary,Realty
504028,GEE,GEE Ltd,Active,Z ,2,INE064H01021,Other Electrical Equipment,Equity,Industrials,Capital Goods
504036,HIRECT,Hind Rectifiers Ltd,Active,B ,2,INE835D01023,Industrial Products,Equity,Industrials,Capital Goods
504058,NIPPOBATRY,Indo National Ltd,Active,B ,5,INE567A01028,Household Products,Equity,Fast Moving Consumer Goods,Fast Moving Consumer Goods
504067,ZENSARTECH,Zensar Technologies Ltd,Active,A ,2,INE520A01027,Computers - Software & Consulting,Equity,Information Technology,Information Technology
504076,JYOTI,Jyoti Ltd,Active,X ,10,INE511D01012,Heavy Electrical Equipment,Equity,Industrials,Capital Goods
504080,JSLINDL,JSL Industries Ltd,Active,X ,10,INE581L01018,Other Electrical Equipment,Equity,Industrials,Capital Goods
504084,KAYCEEI,Kaycee Industries Ltd,Active,XT,10,INE813G01023,Other Electrical Equipment,Equity,Industrials,Capital Goods
504092,INDOKEM,Indokem Ltd,Active,X ,10,INE716F01012,Specialty Chemicals,Equity,Commodities,Chemicals
504093,PANAENERG,Panasonic Energy India Company Ltd,Active,X ,10,INE795A01017,Household Products,Equity,Fast Moving Consumer Goods,Fast Moving Consumer Goods
504112,NELCO,Nelco Ltd,Active,B ,10,INE045B01015,Computers Hardware & Equipments,Equity,Information Technology,Information Technology
504132,PERMAGN,Permanent Magnets Ltd,Active,X ,10,INE418E01018,Other Electrical Equipment,Equity,Industrials,Capital Goods
504176,HIGHENE,High Energy Batteries India Ltd,Active,X ,2,INE783E01023,Household Products,Equity,Fast Moving Consumer Goods,Fast Moving Consumer Goods
504180,STDBAT,Standard Batteries Ltd,Active,X ,1,INE502C01039,Non Banking Financial Company (NBFC),Equity,Financial Services,Financial Services
504212,UNIVCABLES,Universal Cables Ltd,Active,B ,10,INE279A01012,Cables - Electricals,Equity,Industrials,Capital Goods
504220,WSI,W. S. Industries (India) Ltd,Active,T ,10,INE100D01014,Civil Construction,Equity,Industrials,Construction
504240,DLTNCBL,Delton Cables Ltd,Active,XT,10,INE872E01016,Other Electrical Equipment,Equity,Industrials,Capital Goods
504258,LAKSELEC,Lakshmi Electrical Control Systems Ltd,Active,X ,10,INE284C01018,Other Electrical Equipment,Equity,Industrials,Capital Goods
504273,MODULEX,Modulex Construction Technologies Ltd,Active,Z ,10,INE064R01012,Civil Construction,Equity,Industrials,Construction
504286,DELTAMAGNT,Delta Manufacturing Ltd,Active,T ,10,INE393A01011,Other Industrial Products,Equity,Industrials,Capital Goods
504340,LONGSPUR,Longspur International Ventures Ltd,Active,X ,10,INE180M01033,Other Financial Services,Equity,Financial Services,Financial Services
504341,RELTD,Ravindra Energy Ltd,Active,B ,10,INE206N01018,Trading & Distributors,Equity,Services,Services
504346,RRP,RRP Semiconductor Ltd,Active,XT,10,INE713N01013,Other Financial Services,Equity,Financial Services,Financial Services
504351,EMPOWER,Empower India Ltd,Active,X ,1,INE507F01023,Computers - Software & Consulting,Equity,Information Technology,Information Technology
504356,ZMULTIPU,Multipurpose Trading & Agencies Ltd,Active,X ,10,INE017P01014,Diversified Commercial Services,Equity,Services,Services
504365,RIDHISYN,Ridhi Synthetics Ltd,Active,XT,10,INE07LK01010,Other Financial Services,Equity,Financial Services,Financial Services
504369,GRANDMA,Grandma Trading & Agencies Ltd ,Active,XT,1,INE927M01029,Trading & Distributors,Equity,Services,Services
504370,ZARDIINV,Ardi Investments & Trading Company Ltd,Active,XT,10,INE0LKP01014,Diversified Commercial Services,Equity,Services,Services
504375,SOFTBPO,Softbpo Global Services Ltd,Active,P ,10,INE459E01012,Computers - Software & Consulting,Equity,Information Technology,Information Technology
504378,NYSSACORP,Nyssa Corporation Ltd,Active,XT,1,INE812K01027,Trading & Distributors,Equity,Services,Services
504380,FLOMIC,Flomic Global Logistics Ltd,Active,X ,10,INE952M01019,Logistics Solution Provider,Equity,Services,Services
504392,KRISHNA,Krishna Ventures Ltd,Active,XT,10,INE537L01010,Residential- Commercial Projects,Equity,Consumer Discretionary,Realty
504398,SJCORP,SJ Corporation Ltd,Active,XT,1,INE312B01027,Gems- Jewellery And Watches,Equity,Consumer Discretionary,Consumer Durables
504605,UNIABEXAL,Uni Abex Alloy Products Ltd,Active,X ,10,INE361D01012,Iron & Steel Products,Equity,Industrials,Capital Goods
504614,SARDAEN,Sarda Energy & Minerals Ltd,Active,A ,1,INE385C01021,Iron & Steel,Equity,Commodities,Metals & Mining
504646,BGWTATO,Bhagwati Autocast Ltd,Active,X ,10,INE106G01014,Auto Components & Equipments,Equity,Consumer Discretionary,Automobile and Auto Components
504648,BOMBWIR,Bombay Wire Ropes Ltd,Active,X ,1,INE089T01023,Iron & Steel Products,Equity,Industrials,Capital Goods
504731,AZADIND,Azad India Mobility Ltd,Active,X ,10,INE566M01017,Iron & Steel Products,Equity,Industrials,Capital Goods
504741,INDIANHUME,Indian Hume Pipe Company Ltd,Active,B ,2,INE323C01030,Industrial Products,Equity,Industrials,Capital Goods
504746,INLCM,Indian Link Chain Manufacturers Ltd,Active,XT,10,INE359D01024,Other Industrial Products,Equity,Industrials,Capital Goods
504786,INVPRECQ,Investment & Precision Castings Ltd,Active,X ,10,INE155E01016,Castings & Forgings,Equity,Industrials,Capital Goods
504810,INFORTEC,Informed Technologies India Ltd,Active,XT,10,INE123E01014,Business Process Outsourcing (BPO)/ Knowledge Process Outsourcing (KPO),Equity,Services,Services
504840,KAIRA,Kaira Can Company Ltd,Active,X ,10,INE375D01012,Packaging,Equity,Industrials,Capital Goods
504879,ORIENTCER,Orient Ceratech Ltd,Active,B ,1,INE569C01020,Electrodes & Refractories,Equity,Industrials,Capital Goods
504882,NATIONSTD,National Standard (India) Ltd,Active,B ,10,INE166R01015,Residential- Commercial Projects,Equity,Consumer Discretionary,Realty
504903,RATHIST,Rathi Steel & Power Ltd,Active,X ,10,INE336C01016,Iron & Steel Products,Equity,Industrials,Capital Goods
504908,DUNCANENG,Duncan Engineering Ltd,Active,XT,10,INE340F01011,Auto Components & Equipments,Equity,Consumer Discretionary,Automobile and Auto Components
504918,SANDUMA,Sandur Manganese & Iron Ores Ltd,Active,A ,10,INE149K01016,Coal,Equity,Energy,"Oil, Gas & Consumable Fuels"
504959,STOVACQ,Stovec Industries Ltd,Active,X ,10,INE755D01015,Industrial Products,Equity,Industrials,Capital Goods
504973,CHOLAHLDNG,Cholamandalam Financial Holdings Ltd,Active,A ,1,INE149A01033,Investment Company,Equity,Financial Services,Financial Services
504988,ZWELCAST,Welcast Steels Ltd,Active,X ,10,INE380G01015,Other Industrial Products,Equity,Industrials,Capital Goods
504998,WMINIMT,Western Ministil Ltd,Active,P ,10,INE187U01015,Iron & Steel Products,Equity,Industrials,Capital Goods
505010,AUTOAXLES,Automotive Axles Ltd,Active,B ,10,INE449A01011,Auto Components & Equipments,Equity,Consumer Discretionary,Automobile and Auto Components
505029,ATLASCYCLE,Atlas Cycles (Haryana) Ltd,Active,T ,5,INE446A01025,Cycles,Equity,Consumer Discretionary,Consumer Durables
505032,AUTOPRD,Automobile Products of India Ltd,Active,XT,1,INE0NY101012,Auto Components & Equipments,Equity,Consumer Discretionary,Automobile and Auto Components
505036,ACGL,Automobile Corporation of Goa Ltd,Active,T ,10,INE451C01013,Auto Components & Equipments,Equity,Consumer Discretionary,Automobile and Auto Components
505075,SETCO,Setco Automotive Ltd,Active,T ,2,INE878E01021,Auto Components & Equipments,Equity,Consumer Discretionary,Automobile and Auto Components
505160,TALBROAUTO,Talbros Automotive Components Ltd,Active,B ,2,INE187D01029,Auto Components & Equipments,Equity,Consumer Discretionary,Automobile and Auto Components
505163,ZFSTEERING,ZF Steering Gear India Ltd,Active,B ,10,INE116C01012,Auto Components & Equipments,Equity,Consumer Discretionary,Automobile and Auto Components
505192,SMLISUZU,SML Isuzu Ltd,Active,B ,10,INE294B01019,Commercial Vehicles,Equity,Industrials,Capital Goods
505196,TIL,TIL Ltd,Active,B ,10,INE806C01018,Construction Vehicles,Equity,Industrials,Capital Goods
505200,EICHERMOT,Eicher Motors Ltd,Active,A ,1,INE066A01021,2/3 Wheelers,Equity,Consumer Discretionary,Automobile and Auto Components
505212,JAINEX,Jainex Aamcol Ltd,Active,X ,10,INE280F01019,Auto Components & Equipments,Equity,Consumer Discretionary,Automobile and Auto Components
505216,ALFREDHE,Alfred Herbert India Ltd,Active,X ,10,INE782D01027,Non Banking Financial Company (NBFC),Equity,Financial Services,Financial Services
505232,VELJAN,Veljan Denison Ltd,Active,X ,10,INE232E01013,Auto Components & Equipments,Equity,Consumer Discretionary,Automobile and Auto Components
505242,DYNAMATECH,Dynamatic Technologies Ltd,Active,A ,10,INE221B01012,Industrial Products,Equity,Industrials,Capital Goods
505250,GGDPROP,G. G. Dandekar Properties Ltd,Active,X ,1,INE631D01026,Industrial Products,Equity,Industrials,Capital Goods
505255,GMMPFAUDLR,GMM Pfaudler Ltd,Active,A ,2,INE541A01023,Industrial Products,Equity,Industrials,Capital Goods
505283,KIRLPNU,Kirloskar Pneumatic Company Ltd,Active,A ,2,INE811A01020,Compressors- Pumps & Diesel Engines,Equity,Industrials,Capital Goods
505285,TULIVE,Tulive Developers Ltd,Active,XT,10,INE637D01015,Industrial Products,Equity,Industrials,Capital Goods
505299,KPT,KPT Industries Ltd,Active,X ,5,INE731D01024,Industrial Products,Equity,Industrials,Capital Goods
505302,LAKSHMIEW,Lakshmi Engineering And Warehousing Ltd,Active,X ,100,INE718M01022,Industrial Products,Equity,Industrials,Capital Goods
505324,MANUGRAPH,Manugraph India Ltd,Active,B ,2,INE867A01022,Industrial Products,Equity,Industrials,Capital Goods
505336,HARSHILAGR,Harshil Agrotech Ltd,Active,XT,1,INE098E01026,Industrial Products,Equity,Industrials,Capital Goods
505343,MONOT,Monotype India Ltd ,Active,XT,1,INE811D01024,Diversified Commercial Services,Equity,Services,Services
505355,NESCO,NESCO Ltd,Active,B ,2,INE317F01035,Diversified Commercial Services,Equity,Services,Services
505358,INTEGRAEN,Integra Engineering India Ltd,Active,X ,1,INE984B01023,Industrial Products,Equity,Industrials,Capital Goods
505368,SEMAC,Semac Consultants Ltd,Active,T ,10,INE617A01013,Civil Construction,Equity,Industrials,Construction
505400,TEXINFRA,Texmaco Infrastructure & Holdings Ltd,Active,B ,1,INE435C01024,Diversified Commercial Services,Equity,Services,Services
505412,WENDT,Wendt (India) Ltd,Active,B ,10,INE274C01019,Abrasives & Bearings,Equity,Industrials,Capital Goods
505502,PSITINFRA,PS IT Infrastructure & Services Ltd,Active,XT,10,INE953M01033,Other Financial Services,Equity,Financial Services,Financial Services
505504,GHVINFRA,GHV Infra Projects Ltd,Active,XT,10,INE809Q01012,Civil Construction,Equity,Industrials,Construction
505509,RESPONIND,Responsive Industries Ltd,Active,B ,1,INE688D01026,Furniture- Home Furnishing,Equity,Consumer Discretionary,Consumer Durables
505515,SHYMINV,Shyamkamal Investments Ltd ,Active,XT,10,INE203N01015,Other Financial Services,Equity,Financial Services,Financial Services
505520,ZHEMHOLD,Hem Holdings & Trading Ltd,Active,XT,10,INE721U01011,Diversified Commercial Services,Equity,Services,Services
505523,MAHACORP,Maharashtra Corporation Ltd,Active,XT,1,INE272E01027,Trading & Distributors,Equity,Services,Services
505526,DOLATALGO,Dolat Algotech Ltd,Active,B ,1,INE966A01022,Stockbroking & Allied,Equity,Financial Services,Financial Services
505533,WESTLIFE,Westlife Foodworld Ltd,Active,A ,2,INE274F01020,Restaurants,Equity,Consumer Discretionary,Consumer Services
505537,ZEEL,Zee Entertainment Enterprises Ltd,Active,A ,1,INE256A01028,TV Broadcasting & Software Production,Equity,Consumer Discretionary,"Media, Entertainment & Publication"
505585,ZKOVALIN,Kovalam Investment & Trading Company Ltd ,Active,X ,10,INE735U01011,Diversified Commercial Services,Equity,Services,Services
505590,SVPGLOB,SVP Global Textiles Ltd,Active,T ,1,INE308E01029,Other Textile Products,Equity,Consumer Discretionary,Textiles
505594,MULTIIN,Multiplus Holdings Ltd,Active,XT,10,INE886E01016,Diversified Commercial Services,Equity,Services,Services
505650,SKYLMILAR,Skyline Millars Ltd,Active,X ,1,INE178E01026,Residential- Commercial Projects,Equity,Consumer Discretionary,Realty
505681,BIMETAL,Bimetal Bearings Ltd,Active,X ,10,INE469A01019,Auto Components & Equipments,Equity,Consumer Discretionary,Automobile and Auto Components
505685,TAPARIA,Taparia Tools Ltd,Active,XT,10,INE614R01014,Iron & Steel Products,Equity,Industrials,Capital Goods
505688,BHARATGEAR,Bharat Gears Ltd,Active,B ,10,INE561C01019,Auto Components & Equipments,Equity,Consumer Discretionary,Automobile and Auto Components
505690,BRADYM,Brady & Morris Engineering Company Ltd,Active,X ,10,INE856A01017,Construction Vehicles,Equity,Industrials,Capital Goods
505693,LATIMMETAL,La Tim Metal & Industries Ltd,Active,X ,1,INE501N01020,Trading - Metals,Equity,Commodities,Metals & Mining
505700,ELECON,Elecon Engineering Company Ltd,Active,A ,1,INE205B01031,Heavy Electrical Equipment,Equity,Industrials,Capital Goods
505710,GRAUWEIL,Grauer & Weil India Ltd,Active,B ,1,INE266D01021,Commodity Chemicals,Equity,Commodities,Chemicals
505712,HIMTEK,Him Teknoforge Ltd,Active,X ,2,INE705G01021,Auto Components & Equipments,Equity,Consumer Discretionary,Automobile and Auto Components
505714,GABRIEL,Gabriel India Ltd,Active,A ,1,INE524A01029,Auto Components & Equipments,Equity,Consumer Discretionary,Automobile and Auto Components
505720,HERCULES,Hercules Hoists Ltd,Active,B ,1,INE688E01024,Industrial Products,Equity,Industrials,Capital Goods
505725,AQFINTECH,Algoquant Fintech Ltd,Active,X ,2,INE598D01027,Other Financial Services,Equity,Financial Services,Financial Services
505726,IFBIND,IFB Industries Ltd,Active,B ,10,INE559A01017,Household Appliances,Equity,Consumer Discretionary,Consumer Durables
505729,SINGER,Singer India Ltd,Active,X ,2,INE638A01035,Household Appliances,Equity,Consumer Discretionary,Consumer Durables
505737,INTLCOMBQ,International Combustion India Ltd,Active,X ,10,INE403C01014,Industrial Products,Equity,Industrials,Capital Goods
505744,FMGOETZE,Federal-Mogul Goetze (India) Ltd,Active,B ,10,INE529A01010,Auto Components & Equipments,Equity,Consumer Discretionary,Automobile and Auto Components
505750,JOSTS,Josts Engineering Company Ltd,Active,X ,1,INE636D01041,Industrial Products,Equity,Industrials,Capital Goods
505790,SCHAEFFLER,Schaeffler India Ltd,Active,A ,2,INE513A01022,Auto Components & Equipments,Equity,Consumer Discretionary,Automobile and Auto Components
505800,RANEHOLDIN,Rane Holdings Ltd,Active,B ,10,INE384A01010,Holding Company,Equity,Financial Services,Financial Services
505807,ROLCOEN,Rolcon Engineering Company Ltd,Active,P ,10,INE775R01013,Other Industrial Products,Equity,Industrials,Capital Goods
505827,SNL,SNL Bearings Ltd,Active,X ,10,INE568F01017,Auto Components & Equipments,Equity,Consumer Discretionary,Automobile and Auto Components
505840,JAIPAN,Jaipan Industries Ltd,Active,X ,10,INE058D01030,Household Appliances,Equity,Consumer Discretionary,Consumer Durables
505850,MANCREDIT,Mangal Credit and Fincorp Ltd,Active,B ,10,INE545L01039,Non Banking Financial Company (NBFC),Equity,Financial Services,Financial Services
505854,TRF,TRF Ltd,Active,B ,10,INE391D01019,Industrial Products,Equity,Industrials,Capital Goods
505872,WPIL,WPIL Ltd,Active,B ,1,INE765D01022,Industrial Products,Equity,Industrials,Capital Goods
505890,KENNAMET,Kennametal India Ltd,Active,B ,10,INE717A01029,Industrial Products,Equity,Industrials,Capital Goods
505893,HINDHARD,Hindustan Hardy Ltd,Active,X ,10,INE724D01011,Auto Components & Equipments,Equity,Consumer Discretionary,Automobile and Auto Components
505978,TRITONV,Triton Valves Ltd,Active,X ,10,INE440G01017,Auto Components & Equipments,Equity,Consumer Discretionary,Automobile and Auto Components
506003,SUDAI,Sudal Industries Ltd,Active,X ,10,INE618D01015,Aluminium,Equity,Commodities,Metals & Mining
506022,PRAKASH,Prakash Industries Ltd,Active,A ,10,INE603A01013,Iron & Steel,Equity,Commodities,Metals & Mining
506024,HVL,Hariyana Ventures Ltd,Active,ZP,10,INE219D01012,Iron & Steel Products,Equity,Industrials,Capital Goods
506042,ZPRBHSTE,Prabhu Steel Industries Ltd,Active,XT,10,INE821R01015,Iron & Steel Products,Equity,Industrials,Capital Goods
506074,ARSHIYA,Arshiya Ltd,Active,Z ,2,INE968D01022,Logistics Solution Provider,Equity,Services,Services
506076,GRINDWELL,Grindwell Norton Ltd,Active,A ,5,INE536A01023,Abrasives & Bearings,Equity,Industrials,Capital Goods
506079,LAKPRE,Lakshmi Precision Screws Ltd,Active,Z ,10,INE651C01018,Auto Components & Equipments,Equity,Consumer Discretionary,Automobile and Auto Components
506105,STANROS,Stanrose Mafatlal Investments & Finance Ltd,Active,X ,10,INE441L01015,Investment Company,Equity,Financial Services,Financial Services
506109,GENESYS,Genesys International Corporation Ltd,Active,B ,5,INE727B01026,IT Enabled Services,Equity,Information Technology,Information Technology
506120,ALNATRD,Alna Trading & Exports Ltd,Active,P ,10,INE07I701011,Trading & Distributors,Equity,Services,Services
506128,PARNAXLAB,Parnax Lab Ltd,Active,XT,10,INE383L01019,Pharmaceuticals,Equity,Healthcare,Healthcare
506134,GOURMET,Gourmet Gateway India Ltd,Active,XT,1,INE512D01028,Restaurants,Equity,Consumer Discretionary,Consumer Services
506146,VIVIDHA,Visagar Polytex Ltd,Active,B ,1,INE370E01029,Garments & Apparels,Equity,Consumer Discretionary,Textiles
506161,ISHWATR,Ishwarshakti Holdings & Traders Ltd,Active,XT,10,INE073I01012,Non Banking Financial Company (NBFC),Equity,Financial Services,Financial Services
506162,TERRAFORM,Terraform Magnum Ltd,Active,P ,10,INE122V01010,Other Financial Services,Equity,Financial Services,Financial Services
506166,APIS,Apis India Ltd,Active,XT,10,INE070K01014,Other Food Products,Equity,Fast Moving Consumer Goods,Fast Moving Consumer Goods
506178,VELOX,Velox Shipping and Logistics Ltd,Active,XT,10,INE092P01017,Trading & Distributors,Equity,Services,Services
506180,EMERGENT,Emergent Industrial Solutions Ltd,Active,XT,10,INE668L01013,Trading - Metals,Equity,Commodities,Metals & Mining
506184,KANANIIND,Kanani Industries Ltd,Active,T ,1,INE879E01037,Gems- Jewellery And Watches,Equity,Consumer Discretionary,Consumer Durables
506186,GCKL,Galaxy Cloud Kitchens Ltd,Active,XT,10,INE403B01016,Packaged Foods,Equity,Fast Moving Consumer Goods,Fast Moving Consumer Goods
506190,ZSARVAMA,Sarvamangal Mercantile Company Ltd ,Active,XT,10,INE978L01016,Diversified Commercial Services,Equity,Services,Services
506194,ARIHANTSUP,Arihant Superstructures Ltd,Active,B ,10,INE643K01018,Residential- Commercial Projects,Equity,Consumer Discretionary,Realty
506196,VIKSHEN,Viksit Engineering Ltd,Active,XT,10,INE965V01012,Trading & Distributors,Equity,Services,Services
506197,BLISSGVS,Bliss GVS Pharma Ltd,Active,B ,1,INE416D01022,Pharmaceuticals,Equity,Healthcare,Healthcare
506222,STYRENIX,Styrenix Performance Materials Ltd,Active,B ,10,INE189B01011,Specialty Chemicals,Equity,Commodities,Chemicals
506235,ALEMBICLTD,Alembic Ltd,Active,B ,2,INE426A01027,Residential- Commercial Projects,Equity,Consumer Discretionary,Realty
506248,AMNPLST,Amines & Plasticizers Ltd,Active,B ,2,INE275D01022,Commodity Chemicals,Equity,Commodities,Chemicals
506260,ANUHPHR,Anuh Pharma Ltd,Active,B ,5,INE489G01022,Pharmaceuticals,Equity,Healthcare,Healthcare
506261,MODISONLTD,Modison Ltd,Active,B ,1,INE737D01021,Other Electrical Equipment,Equity,Industrials,Capital Goods
506285,BAYERCROP,Bayer CropScience Ltd,Active,A ,10,INE462A01022,Pesticides & Agrochemicals,Equity,Commodities,Chemicals
506313,SASHWAT,Sashwat Technocrats Ltd,Active,P ,10,INE789D01014,Other Construction Materials,Equity,Commodities,Construction Materials
506365,CHEMOPH,Chemo Pharma Laboratories Ltd,Active,XT,10,INE320M01019,Pharmaceuticals,Equity,Healthcare,Healthcare
506390,HEUBACHIND,Heubach Colorants India Ltd,Active,B ,10,INE492A01029,Dyes And Pigments,Equity,Commodities,Chemicals
506395,COROMANDEL,Coromandel International Ltd,Active,A ,1,INE169A01031,Fertilizers,Equity,Commodities,Chemicals
506401,DEEPAKNTR,Deepak Nitrite Ltd,Active,A ,2,INE288B01029,Specialty Chemicals,Equity,Commodities,Chemicals
506405,DMCC,DMCC Speciality Chemicals Ltd,Active,B ,10,INE505A01010,Specialty Chemicals,Equity,Commodities,Chemicals
506414,FERMENTA,Fermenta Biotech Ltd,Active,XT,5,INE225B01021,Pharmaceuticals,Equity,Healthcare,Healthcare
506480,GOCLCORP,GOCL Corporation Ltd,Active,B ,2,INE077F01035,Explosives,Equity,Commodities,Chemicals
506520,JAYCH,Jayshree Chemicals Ltd,Active,X ,10,INE693E01016,Commodity Chemicals,Equity,Commodities,Chemicals
506525,KANORICHEM,Kanoria Chemicals & Industries Ltd,Active,B ,5,INE138C01024,Industrial Products,Equity,Industrials,Capital Goods
506528,KELENRG,KELTECH Energies Ltd,Active,X ,10,INE881E01017,Explosives,Equity,Commodities,Chemicals
506530,KEMP,Kemp & Company Ltd,Active,X ,10,INE060E01018,Diversified Commercial Services,Equity,Services,Services
506532,NITTAGELA,Nitta Gelatin India Ltd,Active,X ,10,INE265B01019,Specialty Chemicals,Equity,Commodities,Chemicals
506543,MPAGI,MP Agro Industries Ltd,Active,X ,10,INE468C01017,Fertilizers,Equity,Commodities,Chemicals
506579,OCCL,Oriental Carbon & Chemicals Ltd,Active,B ,10,INE321D01016,Commodity Chemicals,Equity,Commodities,Chemicals
506590,PCBL,PCBL Chemical Ltd,Active,A ,1,INE602A01031,Carbon Black,Equity,Commodities,Chemicals
506597,AMAL,Amal Ltd,Active,XT,10,INE841D01013,Specialty Chemicals,Equity,Commodities,Chemicals
506605,POLYCHEM,Polychem Ltd,Active,X ,10,INE752B01024,Commodity Chemicals,Equity,Commodities,Chemicals
506618,PUNJABCHEM,Punjab Chemicals & Crop Protection Ltd,Active,B ,10,INE277B01014,Pesticides & Agrochemicals,Equity,Commodities,Chemicals
506640,ZR2,ZR2 Bioenergy Ltd,Active,XT,1,INE218N01021,Commodity Chemicals,Equity,Commodities,Chemicals
506642,SADHNANIQ,Sadhana Nitro Chem Ltd,Active,T ,1,INE888C01040,Commodity Chemicals,Equity,Commodities,Chemicals
506655,SUDARSCHEM,Sudarshan Chemical Industries Ltd,Active,A ,2,INE659A01023,Dyes And Pigments,Equity,Commodities,Chemicals
506685,ULTRAMAR,Ultramarine & Pigments Ltd,Active,B ,2,INE405A01021,Dyes And Pigments,Equity,Commodities,Chemicals
506687,TRANSPEK,Transpek Industry Ltd,Active,X ,10,INE687A01016,Commodity Chemicals,Equity,Commodities,Chemicals
506690,UNICHEMLAB,Unichem Laboratories Ltd,Active,B ,2,INE351A01035,Pharmaceuticals,Equity,Healthcare,Healthcare
506734,MYSORPETRO,Mysore Petro Chemicals Ltd,Active,X ,10,INE741A01011,Trading - Chemicals,Equity,Commodities,Chemicals
506767,ALKYLAMINE,Alkyl Amines Chemicals Ltd,Active,A ,2,INE150B01039,Specialty Chemicals,Equity,Commodities,Chemicals
506808,TUTIALKA,Tuticorin Alkali Chemicals And Fertilizers Ltd,Active,B ,10,INE400A01014,Commodity Chemicals,Equity,Commodities,Chemicals
506820,ASTRAZEN,AstraZeneca Pharma India Ltd,Active,A ,2,INE203A01020,Pharmaceuticals,Equity,Healthcare,Healthcare
506852,PRIMO,Primo Chemicals Ltd,Active,B ,2,INE607A01022,Commodity Chemicals,Equity,Commodities,Chemicals
506854,TANFACIND,TANFAC Industries Ltd,Active,B ,10,INE639B01015,Commodity Chemicals,Equity,Commodities,Chemicals
506858,GUJPETR,Gujarat Petrosynthese Ltd,Active,X ,10,INE636P01011,Petrochemicals,Equity,Commodities,Chemicals
506863,SWADEIN,Swadeshi Industries & Leasing Ltd,Active,XT,10,INE716M01034,Packaging,Equity,Industrials,Capital Goods
506879,GUJTHEM,Gujarat Themis Biosyn Ltd,Active,B ,1,INE942C01045,Pharmaceuticals,Equity,Healthcare,Healthcare
506906,SCBL,Saptak Chem And Business Ltd,Active,X ,10,INE467X01015,Trading & Distributors,Equity,Services,Services
506919,MAKERSL,Makers Laboratories Ltd,Active,X ,10,INE987A01010,Pharmaceuticals,Equity,Healthcare,Healthcare
506935,CONTCHM,Continental Chemicals Ltd,Active,X ,10,INE423K01015,Software Products,Equity,Information Technology,Information Technology
506943,JBCHEPHARM,JB Chemicals & Pharmaceuticals Ltd,Active,A ,1,INE572A01036,Pharmaceuticals,Equity,Healthcare,Healthcare
506945,IGLFXPL-B,Indo Gulf Industries Ltd,Active,P ,1,INE684U01011,Specialty Chemicals,Equity,Commodities,Chemicals
506947,ADVPETR-B,Advance Petrochemicals Ltd,Active,X ,10,INE334N01018,Commodity Chemicals,Equity,Commodities,Chemicals
506979,APTPACK,Apt Packaging Ltd,Active,XT,10,INE046E01025,Packaging,Equity,Industrials,Capital Goods
506981,BLUECHIPT,Bluechip Tex Industries Ltd,Active,X ,10,INE472D01017,Other Textile Products,Equity,Consumer Discretionary,Textiles
507155,JAGAJITIND,Jagatjit Industries Ltd,Active,B ,10,INE574A01016,Breweries & Distilleries,Equity,Fast Moving Consumer Goods,Fast Moving Consumer Goods
507180,KESARENT,Kesar Enterprises Ltd,Active,XT,10,INE133B01019,Sugar,Equity,Fast Moving Consumer Goods,Fast Moving Consumer Goods
507205,TI,Tilaknagar Industries Ltd,Active,A ,10,INE133E01013,Breweries & Distilleries,Equity,Fast Moving Consumer Goods,Fast Moving Consumer Goods
507265,EMERALL,Emerald Leisures Ltd,Active,XT,5,INE044N01021,Hotels & Resorts,Equity,Consumer Discretionary,Consumer Services
507300,RAVALSUGAR,The Ravalgaon Sugar Farm Ltd,Active,X ,10,INE615A01025,Sugar,Equity,Fast Moving Consumer Goods,Fast Moving Consumer Goods
507315,SAKHTISUG,Sakthi Sugars Ltd,Active,B ,10,INE623A01011,Sugar,Equity,Fast Moving Consumer Goods,Fast Moving Consumer Goods
507410,WALCHANNAG,Walchandnagar Industries Ltd,Active,B ,2,INE711A01022,Industrial Products,Equity,Industrials,Capital Goods
507438,IFBAGRO,IFB Agro Industries Ltd,Active,B ,10,INE076C01018,Breweries & Distilleries,Equity,Fast Moving Consumer Goods,Fast Moving Consumer Goods
507474,KFBL,Kothari Fermentation & Biochem Ltd,Active,X ,10,INE991B01010,Other Food Products,Equity,Fast Moving Consumer Goods,Fast Moving Consumer Goods
507486,CAPRO,Caprolactam Chemicals Ltd,Active,X ,10,INE470N01010,Commodity Chemicals,Equity,Commodities,Chemicals
507488,GMBREW,GM Breweries Ltd,Active,B ,10,INE075D01018,Breweries & Distilleries,Equity,Fast Moving Consumer Goods,Fast Moving Consumer Goods
507490,RANASUG,Rana Sugars Ltd,Active,B ,10,INE625B01014,Sugar,Equity,Fast Moving Consumer Goods,Fast Moving Consumer Goods
507498,PICCASUG,Piccadily Sugar & Allied Industries Ltd,Active,X ,10,INE544C01023,Sugar,Equity,Fast Moving Consumer Goods,Fast Moving Consumer Goods
507514,SDBL,Som Distilleries & Breweries Ltd,Active,B ,2,INE480C01038,Breweries & Distilleries,Equity,Fast Moving Consumer Goods,Fast Moving Consumer Goods
507515,CJGEL,CJ Gelatine Products Ltd,Active,XT,10,INE557D01015,Specialty Chemicals,Equity,Commodities,Chemicals
507526,ASALCBR,Associated Alcohols & Breweries Ltd,Active,B ,10,INE073G01016,Breweries & Distilleries,Equity,Fast Moving Consumer Goods,Fast Moving Consumer Goods
507530,THAKKERS,Thakkers Group Ltd,Active,X ,10,INE04VT01017,Trading & Distributors,Equity,Services,Services
507543,CORAGRO,Coromandel Agro Products & Oils Ltd,Active,P ,10,INE495D01018,Edible Oil,Equity,Fast Moving Consumer Goods,Fast Moving Consumer Goods
507552,FOODSIN,Foods & Inns Ltd,Active,B ,1,INE976E01023,Packaged Foods,Equity,Fast Moving Consumer Goods,Fast Moving Consumer Goods
507580,IVP,IVP Ltd,Active,B ,10,INE043C01018,Specialty Chemicals,Equity,Commodities,Chemicals
507598,KLRFM,Kovilpatti Lakshmi Roller Flour Mills Ltd,Active,X ,10,INE014E01015,Other Food Products,Equity,Fast Moving Consumer Goods,Fast Moving Consumer Goods
507609,OLYOI,Olympic Oil Industries Ltd,Active,XT,10,INE286E01019,Other Agricultural Products,Equity,Fast Moving Consumer Goods,Fast Moving Consumer Goods
507621,MLKFOOD,Milkfood Ltd,Active,X ,5,INE588G01021,Dairy Products,Equity,Fast Moving Consumer Goods,Fast Moving Consumer Goods
507645,POLSON,Polson Ltd,Active,X ,50,INE339F01021,Specialty Chemicals,Equity,Commodities,Chemicals
507663,SIGNGCL,Signature Green Corporation Ltd,Active,X ,10,INE131O01024,Edible Oil,Equity,Fast Moving Consumer Goods,Fast Moving Consumer Goods
507685,WIPRO,Wipro Ltd,Active,A ,2,INE075A01022,Computers - Software & Consulting,Equity,Information Technology,Information Technology
507690,ORIBEVER,Orient Beverages Ltd,Active,X ,10,INE247F01018,Other Beverages,Equity,Fast Moving Consumer Goods,Fast Moving Consumer Goods
507717,DHANUKA,Dhanuka Agritech Ltd,Active,B ,2,INE435G01025,Pesticides & Agrochemicals,Equity,Commodities,Chemicals
507747,TTKHLTCARE,TTK Healthcare Ltd,Active,B ,10,INE910C01018,Diversified,Equity,Diversified,Diversified
507753,TGVSL,TGV Sraac Ltd,Active,B ,10,INE284B01028,Commodity Chemicals,Equity,Commodities,Chemicals
507759,LIMECHM,Lime Chemicals Ltd,Active,X ,10,INE891G01011,Commodity Chemicals,Equity,Commodities,Chemicals
507779,KANPRPLA,Kanpur Plastipack Ltd,Active,B ,10,INE694E01014,Packaging,Equity,Industrials,Capital Goods
507785,TAINWALCHM,Tainwala Chemicals and Plastics (India) Ltd,Active,B ,10,INE123C01018,Plastic Products - Industrial,Equity,Industrials,Capital Goods
507789,JAGSNPHARM,Jagsonpal Pharmaceuticals Ltd,Active,B ,2,INE048B01035,Pharmaceuticals,Equity,Healthcare,Healthcare
507794,KHAICHEM,Khaitan Chemicals & Fertilizers Ltd,Active,B ,1,INE745B01028,Fertilizers,Equity,Commodities,Chemicals
507808,UNTTEMI,United Leasing & Industries Ltd,Active,P ,10,INE357P01014,Other Textile Products,Equity,Consumer Discretionary,Textiles
507813,NOL,National Oxygen Ltd,Active,X ,10,INE296D01010,Industrial Gases,Equity,Commodities,Chemicals
507815,GILLETTE,Gillette India Ltd,Active,A ,10,INE322A01010,Personal Care,Equity,Fast Moving Consumer Goods,Fast Moving Consumer Goods
507817,WIREFABR,Wires & Fabriks SA Ltd,Active,X ,10,INE469D01013,Other Textile Products,Equity,Consumer Discretionary,Textiles
507828,ANSALHSG,Ansal Housing Ltd,Active,X ,10,INE880B01015,Residential- Commercial Projects,Equity,Consumer Discretionary,Realty
507833,COMPUPN,Computer Point Ltd,Active,X ,10,INE607B01012,Computers Hardware & Equipments,Equity,Information Technology,Information Technology
507836,MCCHRLS-B,Mac Charles India Ltd,Active,X ,10,INE435D01014,Hotels & Resorts,Equity,Consumer Discretionary,Consumer Services
507852,ADDIND,Addi Industries Ltd,Active,X ,5,INE757C01021,Garments & Apparels,Equity,Consumer Discretionary,Textiles
507864,PIONRINV,Pioneer Investcorp Ltd,Active,X ,10,INE746D01014,Other Financial Services,Equity,Financial Services,Financial Services
507872,ASHNOOR,Ashnoor Textile Mills Ltd,Active,X ,10,INE372I01018,Other Textile Products,Equity,Consumer Discretionary,Textiles
507878,UNITECH,Unitech Ltd,Active,Z ,2,INE694A01020,Residential- Commercial Projects,Equity,Consumer Discretionary,Realty
507880,VIPIND,VIP Industries Ltd,Active,A ,2,INE054A01027,Plastic Products - Consumer,Equity,Consumer Discretionary,Consumer Durables
507910,FIBERWEB,Fiberweb India Ltd,Active,B ,10,INE296C01020,Other Textile Products,Equity,Consumer Discretionary,Textiles
507912,LKPFIN,LKP Finance Ltd,Active,XT,10,INE724A01017,Other Financial Services,Equity,Financial Services,Financial Services
507917,EASTBUILD,East Buildtech Ltd,Active,XT,10,INE706N01017,Residential- Commercial Projects,Equity,Consumer Discretionary,Realty
507938,MNPLFIN,Manipal Finance Corporation Ltd,Active,P ,10,INE798E01013,Non Banking Financial Company (NBFC),Equity,Financial Services,Financial Services
507944,BAJAJST,Bajaj Steel Industries Ltd,Active,B ,5,INE704G01024,Industrial Products,Equity,Industrials,Capital Goods
507946,KIDUJA,Kiduja India Ltd,Active,XT,1,INE845A01028,Non Banking Financial Company (NBFC),Equity,Financial Services,Financial Services
507948,KEYCORP,Key Corporation Ltd,Active,X ,10,INE130F01016,Non Banking Financial Company (NBFC),Equity,Financial Services,Financial Services
507952,SHIKHARLETR,Shikhar Leasing & Trading Ltd,Active,XT,10,INE02BV01019,Non Banking Financial Company (NBFC),Equity,Financial Services,Financial Services
507960,GUJHOTE,Gujarat Hotels Ltd,Active,X ,10,INE621C01011,Hotels & Resorts,Equity,Consumer Discretionary,Consumer Services
507966,RASRESOR,Ras Resorts & Apart Hotels Ltd,Active,X ,10,INE651D01016,Hotels & Resorts,Equity,Consumer Discretionary,Consumer Services
507968,JOLYPLS,Jolly Plastic Industries Ltd,Active,P ,10,INE289M01016,Investment Company,Equity,Financial Services,Financial Services
507970,PARMCOS-B,Paramount Cosmetics India Ltd,Active,X ,10,INE143I01013,Personal Care,Equity,Fast Moving Consumer Goods,Fast Moving Consumer Goods
507981,JINDHOT,Jindal Hotels Ltd,Active,X ,10,INE726D01016,Hotels & Resorts,Equity,Consumer Discretionary,Consumer Services
507984,SERIND,SER Industries Ltd,Active,XT,10,INE358F01013,Road Transport,Equity,Services,Services
507987,JPTRLES,Jupiter Industries & Leasing Ltd,Active,P ,10,INE990E01016,Non Banking Financial Company (NBFC),Equity,Financial Services,Financial Services
507998,SIMMOND,Simmonds Marshall Ltd,Active,X ,2,INE657D01021,Auto Components & Equipments,Equity,Consumer Discretionary,Automobile and Auto Components
508136,BNALTD,B & A Ltd,Active,X ,10,INE489D01011,Tea & Coffee,Equity,Fast Moving Consumer Goods,Fast Moving Consumer Goods
508486,HAWKINCOOK,Hawkins Cookers Ltd,Active,B ,10,INE979B01015,Houseware,Equity,Consumer Discretionary,Consumer Durables
508494,WARRENTEA,Warren Tea Ltd,Active,X ,10,INE712A01012,Tea & Coffee,Equity,Fast Moving Consumer Goods,Fast Moving Consumer Goods
508571,COCHMAL,Cochin Malabar Estates & Industries Ltd,Active,X ,10,INE788M01017,Tyres & Rubber Products,Equity,Consumer Discretionary,Automobile and Auto Components
508664,BESTEAST,Best Eastern Hotels Ltd,Active,X ,1,INE553F01035,Hotels & Resorts,Equity,Consumer Discretionary,Consumer Services
508670,NEAGI,Neelamalai Agro Industries Ltd,Active,X ,10,INE605D01012,Tea & Coffee,Equity,Fast Moving Consumer Goods,Fast Moving Consumer Goods
508807,ISTLTD,I S T Ltd,Active,B ,5,INE684B01029,Auto Components & Equipments,Equity,Consumer Discretionary,Automobile and Auto Components
508814,COSMOFIRST,Cosmo First Ltd,Active,B ,10,INE757A01017,Packaging,Equity,Industrials,Capital Goods
508867,NEWMKTADV,New Markets Advisory Ltd,Active,XT,10,INE800K01014,Software Products,Equity,Information Technology,Information Technology
508869,APOLLOHOSP,Apollo Hospitals Enterprise Ltd,Active,A ,5,INE437A01024,Hospital,Equity,Healthcare,Healthcare
508875,NITINCAST,Nitin Castings Ltd,Active,X ,5,INE861H01020,Castings & Forgings,Equity,Industrials,Capital Goods
508905,SMIFS,SMIFS Capital Markets Ltd,Active,X ,10,INE641A01013,Other Financial Services,Equity,Financial Services,Financial Services
508906,EVERESTIND,Everest Industries Ltd,Active,T ,10,INE295A01018,Other Construction Materials,Equity,Commodities,Construction Materials
508922,MSRINDIA,MSR India Ltd,Active,XT,5,INE331L01026,Aluminium- Copper & Zinc Products,Equity,Industrials,Capital Goods
508933,AYMSYNTEX,AYM Syntex Ltd,Active,B ,10,INE193B01039,Other Textile Products,Equity,Consumer Discretionary,Textiles
508941,PANCARBON,Panasonic Carbon India Company Ltd,Active,X ,10,INE013E01017,Electrodes & Refractories,Equity,Industrials,Capital Goods
508954,FINKURVE,Finkurve Financial Services Ltd,Active,T ,1,INE734I01027,Non Banking Financial Company (NBFC),Equity,Financial Services,Financial Services
508956,HBLEAS,HB Leasing & Finance Company Ltd,Active,X ,10,INE549B01016,Non Banking Financial Company (NBFC),Equity,Financial Services,Financial Services
508961,SHRICON,Shricon Industries Ltd,Active,XT,10,INE753D01010,Non Banking Financial Company (NBFC),Equity,Financial Services,Financial Services
508963,TRUSTWAVE,Trustwave Securities Ltd,Active,XT,10,INE668Y01016,Non Banking Financial Company (NBFC),Equity,Financial Services,Financial Services
508969,SULABEN,Sulabh Engineers & Services Ltd,Active,X ,1,INE673M01029,Non Banking Financial Company (NBFC),Equity,Financial Services,Financial Services
508980,FRONTCAP,Frontier Capital Ltd,Active,X ,10,INE977E01013,Diversified Commercial Services,Equity,Services,Services
508989,NAVNETEDUL,Navneet Education Ltd,Active,B ,2,INE060A01024,Printing & Publication,Equity,Consumer Discretionary,"Media, Entertainment & Publication"
508993,KEDIACN,Kedia Construction Company Ltd ,Active,XT,5,INE511J01027,Residential- Commercial Projects,Equity,Consumer Discretionary,Realty
509003,TRANOCE,Transoceanic Properties Ltd,Active,XT,10,INE074J01018,Diversified Commercial Services,Equity,Services,Services
509009,AUSOMENT,AuSom Enterprise Ltd,Active,B ,10,INE218C01016,Gems- Jewellery And Watches,Equity,Consumer Discretionary,Consumer Durables
509015,THAKRAL,Thakral Services India Ltd,Active,XT,3,INE190F01028,Industrial Products,Equity,Industrials,Capital Goods
509020,RUCHINFRA,Ruchi Infrastructure Ltd,Active,B ,1,INE413B01023,Diversified Commercial Services,Equity,Services,Services
509024,GOLDLEG,Golden Legand Leasing & finance Ltd,Active,XT,10,INE088E01019,Non Banking Financial Company (NBFC),Equity,Financial Services,Financial Services
509026,VJTFEDU,VJTF Eduservices Ltd,Active,X ,10,INE117F01013,Education,Equity,Consumer Discretionary,Consumer Services
509038,VOLLF,Voltaire Leasing & Finance Ltd ,Active,X ,10,INE763D01019,Non Banking Financial Company (NBFC),Equity,Financial Services,Financial Services
509040,NETLINK,Netlink Solutions India Ltd,Active,X ,10,INE040F01033,Software Products,Equity,Information Technology,Information Technology
509046,TRILIANCE,Triliance Polymers Ltd,Active,XT,10,INE778N01016,Diversified Commercial Services,Equity,Services,Services
509048,LANCORHOL,Lancor Holdings Ltd,Active,B ,2,INE572G01025,Residential- Commercial Projects,Equity,Consumer Discretionary,Realty
509051,INDINFO,Indian Infotech & Software Ltd,Active,X ,1,INE300B01022,Investment Company,Equity,Financial Services,Financial Services
509053,BANASFN,Banas Finance Ltd,Active,X ,10,INE521L01030,Investment Company,Equity,Financial Services,Financial Services
509055,VISAKAIND,Visaka Industries Ltd,Active,B ,2,INE392A01021,Cement & Cement Products,Equity,Commodities,Construction Materials
509069,INFOMEDIA,Infomedia Press Ltd,Active,B ,10,INE669A01022,Printing & Publication,Equity,Consumer Discretionary,"Media, Entertainment & Publication"
509073,HATHWAYB,Hathway Bhawani Cabletel & Datacom Ltd,Active,X ,10,INE525B01016,TV Broadcasting & Software Production,Equity,Consumer Discretionary,"Media, Entertainment & Publication"
509079,GUFICBIO,Gufic Biosciences Ltd,Active,B ,1,INE742B01025,Pharmaceuticals,Equity,Healthcare,Healthcare
509084,PHOTON,Photon Capital Advisors Ltd,Active,X ,10,INE107J01016,Diversified Commercial Services,Equity,Services,Services
509152,GRPLTD,GRP Ltd,Active,B ,10,INE137I01015,Rubber,Equity,Industrials,Capital Goods
509162,INDAG,Indag Rubber Ltd,Active,X ,2,INE802D01023,Tyres & Rubber Products,Equity,Consumer Discretionary,Automobile and Auto Components
509196,MMRUBBR-B,MM Rubber Company Ltd,Active,X ,2,INE159E01026,Tyres & Rubber Products,Equity,Consumer Discretionary,Automobile and Auto Components
509220,PTL,PTL Enterprises Ltd,Active,B ,1,INE034D01049,Diversified Commercial Services,Equity,Services,Services
509243,TVSSRICHAK,TVS Srichakra Ltd,Active,B ,10,INE421C01016,Tyres & Rubber Products,Equity,Consumer Discretionary,Automobile and Auto Components
509423,SEL,Sanathnagar Enterprises Ltd,Active,XT,10,INE367E01033,Residential- Commercial Projects,Equity,Consumer Discretionary,Realty
509438,BENARAS,Benares Hotels Ltd,Active,B ,10,INE664D01019,Hotels & Resorts,Equity,Consumer Discretionary,Consumer Services
509449,BHAGWOX,Bhagawati Oxygen Ltd,Active,X ,10,INE026I01010,Commodity Chemicals,Equity,Commodities,Chemicals
509470,BOMOXY-B1,Bombay Oxygen Investments Ltd,Active,X ,100,INE01TL01014,Non Banking Financial Company (NBFC),Equity,Financial Services,Financial Services
509472,CRAVATEX,Cravatex Ltd,Active,X ,10,INE145E01017,Trading & Distributors,Equity,Services,Services
509480,BERGEPAINT,Berger Paints India Ltd,Active,A ,1,INE463A01038,Paints,Equity,Consumer Discretionary,Consumer Durables
509486,CAPRIHANS,Caprihans India Ltd,Active,X ,10,INE479A01018,Plastic Products - Industrial,Equity,Industrials,Capital Goods
509488,GRAPHITE,Graphite India Ltd,Active,A ,2,INE371A01025,Electrodes & Refractories,Equity,Industrials,Capital Goods
509496,ITDCEM,ITD Cementation India Ltd,Active,A ,1,INE686A01026,Civil Construction,Equity,Industrials,Construction
509525,EMPIND,Empire Industries Ltd,Active,X ,10,INE515H01014,Diversified,Equity,Diversified,Diversified
509546,GRAVISSHO,Graviss Hospitality Ltd,Active,X ,2,INE214F01026,Hotels & Resorts,Equity,Consumer Discretionary,Consumer Services
509557,GARFIBRES,Garware Technical Fibres Ltd,Active,A ,10,INE276A01018,Other Textile Products,Equity,Consumer Discretionary,Textiles
509563,GARWAMAR,Garware Marine Industries Ltd,Active,XT,10,INE925D01014,Other Textile Products,Equity,Consumer Discretionary,Textiles
509567,GOACARBON,Goa Carbon Ltd,Active,B ,10,INE426D01013,Industrial Minerals,Equity,Commodities,Metals & Mining
509597,HARDCAS,Hardcastle & Waud Manufacturing Company Ltd,Active,X ,10,INE722D01015,Specialty Chemicals,Equity,Commodities,Chemicals
509631,HEG,HEG Ltd,Active,A ,2,INE545A01024,Electrodes & Refractories,Equity,Industrials,Capital Goods
509635,HINDCOMPOS,Hindustan Composites Ltd,Active,B ,5,INE310C01029,Auto Components & Equipments,Equity,Consumer Discretionary,Automobile and Auto Components
509650,ZHINDHSG,Hindustan Housing Company Ltd ,Active,XT,25,INE083O01019,Housing Finance Company,Equity,Financial Services,Financial Services
509675,BIRLANU,Birlanu Ltd,Active,B ,10,INE557A01011,Furniture- Home Furnishing,Equity,Consumer Discretionary,Consumer Durables
509692,INDIANCARD,Indian Card Clothing Company Ltd,Active,B ,10,INE061A01014,Other Textile Products,Equity,Consumer Discretionary,Textiles
509709,INTLCONV,International Conveyors Ltd,Active,B ,1,INE575C01027,Industrial Products,Equity,Industrials,Capital Goods
509715,JAYSREETEA,Jay Shree Tea & Industries Ltd,Active,B ,5,INE364A01020,Tea & Coffee,Equity,Fast Moving Consumer Goods,Fast Moving Consumer Goods
509732,KOTIC,Kothari Industrial Corporation Ltd,Active,XT,5,INE972A01020,Fertilizers,Equity,Commodities,Chemicals
509760,MODRNSH,Modern Shares & Stockbrokers Ltd,Active,X ,10,INE370A01019,Other Financial Services,Equity,Financial Services,Financial Services
509782,OSEASPR,Oseaspre Consultants Ltd,Active,XT,10,INE880P01015,Diversified Commercial Services,Equity,Services,Services
509820,HUHTAMAKI,Huhtamaki India Ltd,Active,B ,2,INE275B01026,Packaging,Equity,Industrials,Capital Goods
509835,PREMSYN,Premier Synthetics Ltd,Active,X ,10,INE940N01012,Other Textile Products,Equity,Consumer Discretionary,Textiles
509845,RJSHAH,RJ Shah & Company Ltd,Active,P ,10,INE712Z01019,Residential- Commercial Projects,Equity,Consumer Discretionary,Realty
509870,SHAHCON,Shah Construction Company Ltd,Active,X ,100,INE02C301011,Residential- Commercial Projects,Equity,Consumer Discretionary,Realty
509874,SHALPAINTS,Shalimar Paints Ltd,Active,B ,2,INE849C01026,Paints,Equity,Consumer Discretionary,Consumer Durables
509887,SINNAR,Sinnar Bidi Udyog Ltd,Active,XT,5,INE896E01023,Cigarettes & Tobacco Products,Equity,Fast Moving Consumer Goods,Fast Moving Consumer Goods
509895,HINDMILL,Hindoostan Mills Ltd,Active,X ,10,INE832D01020,Other Textile Products,Equity,Consumer Discretionary,Textiles
509910,ZSOUTGAS,Southern Gas Ltd,Active,P ,100,INE532U01012,Commodity Chemicals,Equity,Commodities,Chemicals
509917,TECHCON,Technojet Consultants Ltd,Active,X ,10,INE881P01013,Consulting Services,Equity,Services,Services
509930,SUPREMEIND,Supreme Industries Ltd,Active,A ,2,INE195A01028,Plastic Products - Industrial,Equity,Industrials,Capital Goods
509945,THACKER,Thacker & Company Ltd,Active,X ,1,INE077P01034,Other Financial Services,Equity,Financial Services,Financial Services
509960,UPHOT,UP Hotels Ltd,Active,X ,10,INE726E01014,Hotels & Resorts,Equity,Consumer Discretionary,Consumer Services
509966,VSTIND,VST Industries Ltd,Active,A ,10,INE710A01016,Cigarettes & Tobacco Products,Equity,Fast Moving Consumer Goods,Fast Moving Consumer Goods
510245,SWASTIVI,Swasti Vinayaka Synthetics Ltd,Active,X ,1,INE804A01025,Other Textile Products,Equity,Consumer Discretionary,Textiles
511000,MADHUSE,Madhusudan Securities Ltd,Active,X ,10,INE856D01011,Non Banking Financial Company (NBFC),Equity,Financial Services,Financial Services
511012,YAMNINV,Yamini Investments Company Ltd,Active,XT,1,INE457N01025,Investment Company,Equity,Financial Services,Financial Services
511018,ZMILGFIN,Milgrey Finance & Investments Ltd,Active,X ,10,INE679T01013,Diversified Commercial Services,Equity,Services,Services
511034,JINDRILL,Jindal Drilling & Industries Ltd,Active,B ,5,INE742C01031,Offshore Support Solution Drilling,Equity,Energy,"Oil, Gas & Consumable Fuels"
511048,KUSUMEL,Kusam Electrical Industries Ltd,Active,XT,10,INE175Q01018,Trading & Distributors,Equity,Services,Services
511060,JUMBFNL,Jumbo Finance Ltd,Active,XT,10,INE122N01017,Diversified Commercial Services,Equity,Services,Services
511066,SAKTHIFIN,Sakthi Finance Ltd,Active,X ,10,INE302E01014,Investment Company,Equity,Financial Services,Financial Services
511074,EASYFIN,Easy Fincorp Ltd,Active,Z ,10,INE407F01018,Investment Company,Equity,Financial Services,Financial Services
511076,SATINDLTD,Sat Industries Ltd,Active,B ,2,INE065D01027,Iron & Steel Products,Equity,Industrials,Capital Goods
511092,JMDVL,JMD Ventures Ltd,Active,XT,10,INE047E01031,Film Production- Distribution & Exhibition,Equity,Consumer Discretionary,"Media, Entertainment & Publication"
511096,TVOLCON,Tivoli Construction Ltd,Active,XT,10,INE747V01014,Residential- Commercial Projects,Equity,Consumer Discretionary,Realty
511108,SHIVATEX,Shiva Texyarn Ltd,Active,B ,10,INE705C01020,Other Textile Products,Equity,Consumer Discretionary,Textiles
511110,VBDESAI,V B Desai Financial Services Ltd,Active,X ,10,INE848D01018,Other Financial Services,Equity,Financial Services,Financial Services
511116,QUADRANT,Quadrant Televentures Ltd,Active,XT,1,INE527B01020,Telecom - Cellular & Fixed line services,Equity,Telecommunication,Telecommunication
511122,1STCUS,First Custodian Fund India Ltd,Active,X ,10,INE609B01018,Non Banking Financial Company (NBFC),Equity,Financial Services,Financial Services
511131,KAMANWALA,Kamanwala Housing Construction Ltd,Active,XT,10,INE344D01018,Residential- Commercial Projects,Equity,Consumer Discretionary,Realty
511147,WSFX,WSFx Global Pay Ltd,Active,X ,10,INE549D01012,Financial Technology (Fintech),Equity,Financial Services,Financial Services
511153,ANJANIFOODS,Anjani Foods Ltd,Active,X ,2,INE096I01021,Packaged Foods,Equity,Fast Moving Consumer Goods,Fast Moving Consumer Goods
511169,RKDAGRRTL,RKD Agri & Retail Ltd,Active,XT,1,INE552N01023,Other Agricultural Products,Equity,Fast Moving Consumer Goods,Fast Moving Consumer Goods
511176,PARSHWANA,Parshwanath Corporation Ltd,Active,X ,10,INE635I01018,Residential- Commercial Projects,Equity,Consumer Discretionary,Realty
511185,RAJVI,Rajvi Logitrade Ltd,Active,X ,10,INE381N01019,Logistics Solution Provider,Equity,Services,Services
511187,MILLENNIUM,Millennium Online Solutions ( India ) Ltd,Active,X ,1,INE570N01025,Diversified Commercial Services,Equity,Services,Services
511194,ICDSLTD,ICDS Ltd,Active,B ,10,INE613B01010,Diversified Commercial Services,Equity,Services,Services
511196,CANFINHOME,Can Fin Homes Ltd,Active,A ,2,INE477A01020,Housing Finance Company,Equity,Financial Services,Financial Services
511200,MUNCAPM,Munoth Capital Markets Ltd,Active,XT,5,INE910G01027,Stockbroking & Allied,Equity,Financial Services,Financial Services
511208,IVC,IL&FS Investment Managers Ltd,Active,B ,2,INE050B01023,Asset Management Company,Equity,Financial Services,Financial Services
511218,SHRIRAMFIN,Shriram Finance Ltd,Active,A ,2,INE721A01047,Non Banking Financial Company (NBFC),Equity,Financial Services,Financial Services
511243,CHOLAFIN,Cholamandalam Investment and Finance Company Ltd,Active,A ,2,INE121A01024,Non Banking Financial Company (NBFC),Equity,Financial Services,Financial Services
511254,SAGARSYST,Sagar Systech Ltd,Active,XT,10,INE771Z01015,Non Banking Financial Company (NBFC),Equity,Financial Services,Financial Services
511260,ICONIKSPEV,Iconik Sports And Events Ltd,Active,XT,10,INE088P01015,Other Financial Services,Equity,Financial Services,Financial Services
511333,VLSFINANCE,VLS Finance Ltd,Active,B ,10,INE709A01018,Investment Company,Equity,Financial Services,Financial Services
511355,INDCEMCAP,India Cements Capital Ltd,Active,XT,10,INE429D01017,Non Banking Financial Company (NBFC),Equity,Financial Services,Financial Services
511359,ADMANUM,Ad-Manum Finance Ltd,Active,X ,10,INE556D01017,Non Banking Financial Company (NBFC),Equity,Financial Services,Financial Services
511377,MEHIF,Mehta Integrated Finance Ltd,Active,X ,10,INE240B01012,Non Banking Financial Company (NBFC),Equity,Financial Services,Financial Services
511391,INTRGLB,Inter Globe Finance Ltd,Active,X ,10,INE661M01016,Non Banking Financial Company (NBFC),Equity,Financial Services,Financial Services
511401,MCLTD,Munoth Communication Ltd,Active,XT,10,INE410E01015,Other Financial Services,Equity,Financial Services,Financial Services
511411,SHRISTI,Shristi Infrastructure Development Corporation Ltd,Active,X ,10,INE472C01027,Residential- Commercial Projects,Equity,Consumer Discretionary,Realty
511413,CREST,Crest Ventures Ltd,Active,B ,10,INE559D01011,Non Banking Financial Company (NBFC),Equity,Financial Services,Financial Services
511431,VAKRANGEE,Vakrangee Ltd,Active,T ,1,INE051B01021,IT Enabled Services,Equity,Information Technology,Information Technology
511441,GUJCRED,Gujarat Credit Corporation Ltd,Active,XT,10,INE034B01019,Other Financial Services,Equity,Financial Services,Financial Services
511447,SYLPH,Sylph Technologies Ltd,Active,X ,1,INE706F01021,IT Enabled Services,Equity,Information Technology,Information Technology
511451,DHARFIN,Dharani Finance Ltd,Active,X ,10,INE899D01011,Non Banking Financial Company (NBFC),Equity,Financial Services,Financial Services
511463,ALEXANDER,Alexander Stamps And Coin Ltd,Active,X ,10,INE191N01012,Diversified,Equity,Diversified,Diversified
511473,INDBANK,Indbank Merchant Banking Services Ltd,Active,B ,10,INE841B01017,Stockbroking & Allied,Equity,Financial Services,Financial Services
511493,SHRYDUS,Shrydus Industries Ltd,Active,XT,10,INE488C01015,Non Banking Financial Company (NBFC),Equity,Financial Services,Financial Services
511501,BHARAT,Bharat Bhushan Finance & Commodity Brokers Ltd,Active,X ,10,INE900A01013,Other Financial Services,Equity,Financial Services,Financial Services
511505,CAPTRUST,Capital Trust Ltd,Active,B ,10,INE707C01018,Non Banking Financial Company (NBFC),Equity,Financial Services,Financial Services
511507,USHAKIRA,Ushakiran Finance Ltd,Active,X ,10,INE697C01011,Non Banking Financial Company (NBFC),Equity,Financial Services,Financial Services
511509,VIVOBIOT,Vivo Bio Tech Ltd,Active,X ,10,INE380K01017,Biotechnology,Equity,Healthcare,Healthcare
511523,VEERHEALTH,Veerhealth Care Ltd,Active,XT,10,INE882C01035,Pharmaceuticals,Equity,Healthcare,Healthcare
511525,PANINDIAC,Pan India Corporation Ltd,Active,X ,10,INE376A01032,Investment Company,Equity,Financial Services,Financial Services
511533,SAHARAHOUS,Sahara Housingfina Corporation Ltd,Active,X ,10,INE135C01012,Housing Finance Company,Equity,Financial Services,Financial Services
511535,NDASEC,NDA Securities Ltd,Active,X ,10,INE026C01013,Other Financial Services,Equity,Financial Services,Financial Services
511543,GSBFIN,GSB Finance Ltd,Active,XT,10,INE777C01011,Non Banking Financial Company (NBFC),Equity,Financial Services,Financial Services
511549,MORARKFI,Morarka Finance Ltd,Active,X ,10,INE367A01015,Non Banking Financial Company (NBFC),Equity,Financial Services,Financial Services
511551,MONARCH,Monarch Networth Capital Ltd,Active,B ,10,INE903D01011,Stockbroking & Allied,Equity,Financial Services,Financial Services
511557,PROFINC,Pro Fin Capital Services Ltd,Active,XT,1,INE732K01027,Diversified Commercial Services,Equity,Services,Services
511559,TIMESGTY,Times Guaranty Ltd,Active,B ,10,INE289C01025,Non Banking Financial Company (NBFC),Equity,Financial Services,Financial Services
511563,SANCF,Sanchay Finvest Ltd,Active,Z ,10,INE654D01010,Diversified Commercial Services,Equity,Services,Services
511571,SODFC,Som Datt Finance Corporation Ltd,Active,X ,10,INE754C01010,Non Banking Financial Company (NBFC),Equity,Financial Services,Financial Services
511577,SAVFI,Savani Financials Ltd,Active,X ,10,INE304E01010,Non Banking Financial Company (NBFC),Equity,Financial Services,Financial Services
511585,BEFOUNDMOL,Befound Movement Ltd,Active,X ,1,INE425F01028,Consulting Services,Equity,Services,Services
511589,AVONMORE,Avonmore Capital & Management Services Ltd,Active,T ,1,INE323B01024,Non Banking Financial Company (NBFC),Equity,Financial Services,Financial Services
511593,LIBORDFIN,Libord Finance Ltd,Active,X ,10,INE212B01011,Non Banking Financial Company (NBFC),Equity,Financial Services,Financial Services
511601,YASHMGM,Yash Management & Satellite Ltd,Active,X ,10,INE216B01012,Trading & Distributors,Equity,Services,Services
511605,ARIHANTCAP,Arihant Capital Markets Ltd,Active,B ,1,INE420B01036,Stockbroking & Allied,Equity,Financial Services,Financial Services
511609,ISLCONSUL,ISL Consulting Ltd,Active,X ,5,INE569B01022,Other Financial Services,Equity,Financial Services,Financial Services
511611,DCMFINSERV,DCM Financial Services Ltd,Active,B ,10,INE891B01012,Investment Company,Equity,Financial Services,Financial Services
511626,RRFIN,RR Financial Consultants Ltd,Active,XT,10,INE229D01011,Non Banking Financial Company (NBFC),Equity,Financial Services,Financial Services
511628,FEDDERSHOL,Fedders Holding Ltd,Active,T ,1,INE417D01020,Non Banking Financial Company (NBFC),Equity,Financial Services,Financial Services
511630,SAMBHAAV,Sambhaav Media Ltd,Active,T ,1,INE699B01027,Electronic Media,Equity,Consumer Discretionary,"Media, Entertainment & Publication"
511634,DUGARHOU,Dugar Housing Developments Ltd,Active,X ,10,INE919M01026,Civil Construction,Equity,Industrials,Construction
511636,DJSSS,DJS Stock & Shares Ltd,Active,XT,1,INE234E01027,Other Financial Services,Equity,Financial Services,Financial Services
511644,OMEGAIN,Omega Interactive Technologies Ltd,Active,XT,10,INE113B01029,Software Products,Equity,Information Technology,Information Technology
511654,SUGALDAM,Sugal & Damani Share Brokers Ltd,Active,X ,10,INE309D01011,Non Banking Financial Company (NBFC),Equity,Financial Services,Financial Services
511658,NETTLINX,Nettlinx Ltd,Active,XT,10,INE027D01019,Other Telecom Services,Equity,Telecommunication,Telecommunication
511664,BGIL,BGIL Films & Technologies Ltd,Active,X ,10,INE443D01018,Film Production- Distribution & Exhibition,Equity,Consumer Discretionary,"Media, Entertainment & Publication"
511672,SCANSTL,Scan Steels Ltd,Active,X ,10,INE099G01011,Iron & Steel,Equity,Commodities,Metals & Mining
511676,GICHSGFIN,GIC Housing Finance Ltd,Active,B ,10,INE289B01019,Housing Finance Company,Equity,Financial Services,Financial Services
511692,AJCON,Ajcon Global Services Ltd,Active,X ,10,INE759C01019,Other Financial Services,Equity,Financial Services,Financial Services
511696,CHRTEDCA,Chartered Capital & Investment Ltd,Active,X ,10,INE953B01010,Other Financial Services,Equity,Financial Services,Financial Services
511700,STANCAP,Standard Capital Markets Ltd,Active,X ,1,INE625D01028,Non Banking Financial Company (NBFC),Equity,Financial Services,Financial Services
511702,YOGI,YOGI Ltd,Active,X ,10,INE290E01011,Non Banking Financial Company (NBFC),Equity,Financial Services,Financial Services
511710,CUBIFIN,Cubical Financial Services Ltd,Active,X ,2,INE717D01023,Non Banking Financial Company (NBFC),Equity,Financial Services,Financial Services
511712,RELICTEC,Relic Technologies Ltd,Active,XT,10,INE452B01013,Other Financial Services,Equity,Financial Services,Financial Services
511714,NIMBSPROJ,Nimbus Projects Ltd,Active,XT,10,INE875B01015,Residential- Commercial Projects,Equity,Consumer Discretionary,Realty
511716,INVIGO,Invigorated Business Consulting Ltd,Active,XT,10,INE359A01012,Consulting Services,Equity,Services,Services
511724,BAIDFIN,Baid Finserv Ltd,Active,B ,2,INE020D01022,Non Banking Financial Company (NBFC),Equity,Financial Services,Financial Services
511726,VIPULLTD,Vipul Ltd,Active,T ,1,INE946H01037,Residential- Commercial Projects,Equity,Consumer Discretionary,Realty
511728,KZLFIN,KZ Leasing & Finance Ltd,Active,XT,10,INE006C01015,Non Banking Financial Company (NBFC),Equity,Financial Services,Financial Services
511734,PASUFIN,Pasupati Fincap Ltd,Active,XT,10,INE527C01010,Non Banking Financial Company (NBFC),Equity,Financial Services,Financial Services
511740,RFL,Ruparel Food Products Ltd,Active,X ,10,INE239B01014,Packaged Foods,Equity,Fast Moving Consumer Goods,Fast Moving Consumer Goods
511742,UGROCAP,Ugro Capital Ltd,Active,B ,10,INE583D01011,Non Banking Financial Company (NBFC),Equity,Financial Services,Financial Services
511754,SAHLIBHFI,Shalibhadra Finance Ltd,Active,X ,10,INE861D01011,Non Banking Financial Company (NBFC),Equity,Financial Services,Financial Services
511756,ABIRAFN,Abirami Financial Services India Ltd,Active,Z ,10,INE195I01013,Non Banking Financial Company (NBFC),Equity,Financial Services,Financial Services
511758,MANSIFIN,Mansi Finance (Chennai) Ltd,Active,X ,10,INE094E01017,Non Banking Financial Company (NBFC),Equity,Financial Services,Financial Services
511760,SEVENHILL,Seven Hill Industries Ltd,Active,Z ,1,INE518D01025,Non Banking Financial Company (NBFC),Equity,Financial Services,Financial Services
511764,AASTAFIN,Aastamangalam Finance Ltd,Active,X ,10,INE819K01014,Non Banking Financial Company (NBFC),Equity,Financial Services,Financial Services
511766,MUTHOOTCAP,Muthoot Capital Services Ltd,Active,B ,10,INE296G01013,Non Banking Financial Company (NBFC),Equity,Financial Services,Financial Services
511768,MASTERTR,Master Trust Ltd,Active,B ,1,INE677D01037,Stockbroking & Allied,Equity,Financial Services,Financial Services
512004,ZNILKENG,Nilkanth Engineering Ltd,Active,P ,10,INE582V01015,Diversified Commercial Services,Equity,Services,Services
512008,EFCIL,EFC (I) Ltd,Active,B ,2,INE886D01026,Real Estate related services,Equity,Consumer Discretionary,Realty
512014,SOBME,Sobhagya Mercantile Ltd,Active,XT,10,INE754D01018,Diversified Commercial Services,Equity,Services,Services
512018,CNIRESLTD,CNI Research Ltd,Active,XT,1,INE135H01029,Other Financial Services,Equity,Financial Services,Financial Services
512020,ZSARACOM,Saraswati Commercial India Ltd,Active,T ,10,INE967G01019,Non Banking Financial Company (NBFC),Equity,Financial Services,Financial Services
512022,WINROC,Winro Commercial India Ltd,Active,XT,10,INE837E01019,Non Banking Financial Company (NBFC),Equity,Financial Services,Financial Services
512025,BANGANGA,Banganga Paper Industries Ltd,Active,XT,1,INE767M01029,Diversified Commercial Services,Equity,Services,Services
512026,VEGA,Vega Jewellers Ltd,Active,XT,10,INE603D01017,Trading & Distributors,Equity,Services,Services
512036,KAPILCO,Kapil Cotex Ltd,Active,XT,10,INE393H01016,Other Textile Products,Equity,Consumer Discretionary,Textiles
512038,TCC,TCC Concept Ltd,Active,B ,10,INE887D01016,Trading & Distributors,Equity,Services,Services
512047,ROYALIND,Royal India Corporation Ltd,Active,XT,10,INE510H01015,Gems- Jewellery And Watches,Equity,Consumer Discretionary,Consumer Durables
512048,LUHARUKA,Luharuka Media & Infra Ltd,Active,X ,1,INE195E01020,Non Banking Financial Company (NBFC),Equity,Financial Services,Financial Services
512060,SHYAM,Ventura Guaranty Ltd,Active,P ,10,INE139J01019,Diversified Commercial Services,Equity,Services,Services
512062,ZSANMCOM,Sanmitra Commercial Ltd,Active,XT,10,INE896J01014,Diversified Commercial Services,Equity,Services,Services
512063,WARDHEALTH,Wardwizard Healthcare Ltd,Active,P ,10,INE048E01013,Trading & Distributors,Equity,Services,Services
512064,VISVEN,Vishvprabha Ventures Ltd,Active,X ,10,INE762D01011,Diversified Commercial Services,Equity,Services,Services
512065,MRUTR,Mrugesh Trading Ltd,Active,XT,10,INE738D01011,Non Banking Financial Company (NBFC),Equity,Financial Services,Financial Services
512068,DECNGOLD,Deccan Gold Mines Ltd,Active,B ,1,INE945F01025,Precious Metals,Equity,Commodities,Metals & Mining
512070,UPL,UPL Ltd,Active,A ,2,INE628A01036,Pesticides & Agrochemicals,Equity,Commodities,Chemicals
512091,NIBEORD,Nibe Ordnance and Maritime Ltd,Active,XT,10,INE425H01016,Gems- Jewellery And Watches,Equity,Consumer Discretionary,Consumer Durables
512093,CRANESSOFT,Cranes Software International Ltd,Active,Z ,2,INE234B01023,Software Products,Equity,Information Technology,Information Technology
512097,SAICOM,Saianand Commercial Ltd,Active,X ,1,INE092G01024,Trading & Distributors,Equity,Services,Services
512099,EY,Eyantra Ventures Ltd,Active,XT,10,INE750G01019,Diversified Commercial Services,Equity,Services,Services
512101,TRIPR,Triochem Products Ltd,Active,XT,10,INE331E01013,Pharmaceuticals,Equity,Healthcare,Healthcare
512103,NIDHGRN,Nidhi Granites Ltd,Active,XT,10,INE276H01013,Other Construction Materials,Equity,Commodities,Construction Materials
512115,ROSEMER,Rose Merc Ltd,Active,XT,10,INE649C01012,Trading & Distributors,Equity,Services,Services
512117,TWIROST,Twin Roses Trades & Agencies Ltd,Active,XT,10,INE436U01016,Diversified Commercial Services,Equity,Services,Services
512131,SIGIND,Signet Industries Ltd,Active,B ,10,INE529F01035,Trading & Distributors,Equity,Services,Services
512147,KAJALSY,Kajal Synthetics & Silk Mills Ltd,Active,XT,10,INE956V01011,Other Financial Services,Equity,Financial Services,Financial Services
512149,AVANCE,Avance Technologies Ltd,Active,X ,1,INE758A01072,Software Products,Equity,Information Technology,Information Technology
512153,MLINDLTD,M Lakhamsi Industries Ltd,Active,XT,10,INE808W01012,Trading & Distributors,Equity,Services,Services
512157,TERRAREAL,Terraform Realstate Ltd,Active,P ,10,INE123V01018,Diversified Commercial Services,Equity,Services,Services
512161,SECURKLOUD,Securekloud Technologies Ltd,Active,T ,5,INE650K01021,IT Enabled Services,Equity,Information Technology,Information Technology
512165,ABANSENT,Abans Enterprises Ltd,Active,X ,2,INE365O01028,Trading - Metals,Equity,Commodities,Metals & Mining
512175,VAMA,Vama Industries Ltd,Active,X ,2,INE685D01022,Computers Hardware & Equipments,Equity,Information Technology,Information Technology
512179,SUNTECK,Sunteck Realty Ltd,Active,A ,1,INE805D01034,Residential- Commercial Projects,Equity,Consumer Discretionary,Realty
512195,BENTCOM,Bentley Commercial Enterprises Ltd,Active,P ,10,INE496M01017,Diversified Commercial Services,Equity,Services,Services
512197,SILVERO,Silveroak Commercials Ltd,Active,Z ,10,INE798C01017,Non Banking Financial Company (NBFC),Equity,Financial Services,Financial Services
512213,CLASELE,Classic Electricals Ltd,Active,XT,10,INE02BR01017,Trading & Distributors,Equity,Services,Services
512217,PRISMMEDI,Prism Medico and Pharmacy Ltd,Active,XT,10,INE730E01016,Non Banking Financial Company (NBFC),Equity,Financial Services,Financial Services
512221,SPVGLOBAL,SPV Global Trading Ltd,Active,XT,10,INE177E01010,Non Banking Financial Company (NBFC),Equity,Financial Services,Financial Services
512229,VERITAS,Veritas (India) Ltd,Active,T ,1,INE379J01029,Trading & Distributors,Equity,Services,Services
512237,JAICORPLTD,Jai Corp Ltd,Active,A ,1,INE070D01027,Plastic Products - Industrial,Equity,Industrials,Capital Goods
512245,ZNIVITRD,Nivi Trading Ltd,Active,P ,10,INE552F01011,Diversified Commercial Services,Equity,Services,Services
512247,ASHCAP,Ashirwad Capital Ltd,Active,X ,1,INE894A01026,Other Financial Services,Equity,Financial Services,Financial Services
512257,SVARTCORP,Swasti Vinayaka Art And Heritage Corporation Ltd,Active,X ,1,INE895A01023,Diversified,Equity,Diversified,Diversified
512261,BAJGLOB,Bajaj Global Ltd,Active,XT,10,INE553H01015,Trading & Distributors,Equity,Services,Services
512267,MMWL,Media Matrix Worldwide Ltd,Active,T ,1,INE200D01020,Film Production- Distribution & Exhibition,Equity,Consumer Discretionary,"Media, Entertainment & Publication"
512271,TASHIND,Tashi India Ltd,Active,XT,10,INE552H01017,Diversified Commercial Services,Equity,Services,Services
512277,AUTOINT,Autoriders International Ltd,Active,XT,10,INE340U01010,Logistics Solution Provider,Equity,Services,Services
512291,ZSPEEDCO,Speedage Commercials Ltd,Active,P ,10,INE497M01015,Other Financial Services,Equity,Financial Services,Financial Services
512296,BHAGYANGR,Bhagyanagar India Ltd,Active,B ,2,INE458B01036,Copper,Equity,Commodities,Metals & Mining
512297,SHANTAI,Shantai Industries Ltd,Active,X ,2,INE408F01024,Industrial Products,Equity,Industrials,Capital Goods
512301,CHMBBRW,Chambal Breweries & Distilleries Ltd,Active,XT,10,INE417N01011,Trading & Distributors,Equity,Services,Services
512303,ZMANSOON,Mansoon Trading Company Ltd,Active,P ,10,INE776V01013,Diversified Commercial Services,Equity,Services,Services
512329,SGMART,SG Mart Ltd,Active,B ,1,INE385F01024,Civil Construction,Equity,Industrials,Construction
512341,CESL,CES Ltd,Active,XT,10,INE396F01013,Business Process Outsourcing (BPO)/ Knowledge Process Outsourcing (KPO),Equity,Services,Services
512344,ARAVALIS,Aravali Securities & Finance Ltd,Active,X ,10,INE068C01015,Trading & Distributors,Equity,Services,Services
512345,YASTF,Yash Trading & Finance Ltd,Active,XT,10,INE745A01012,Other Financial Services,Equity,Financial Services,Financial Services
512361,CUPIDALBV,Cupid Breweries And Distilleries Ltd,Active,XT,10,INE108G01010,Breweries & Distilleries,Equity,Fast Moving Consumer Goods,Fast Moving Consumer Goods
512367,ZSHERAPR,Sheraton Properties & Finance Ltd,Active,P ,10,INE495M01019,Other Financial Services,Equity,Financial Services,Financial Services
512377,MAGANTR,Magnanimous Trade & finance Ltd,Active,XT,10,INE664N01018,Diversified Commercial Services,Equity,Services,Services
512379,CRSL,Cressanda Railway Solutions Ltd,Active,XT,1,INE716D01033,IT Enabled Services,Equity,Information Technology,Information Technology
512381,STARTECK,Starteck Finance Ltd,Active,B ,10,INE992I01013,Non Banking Financial Company (NBFC),Equity,Financial Services,Financial Services
512393,SHARDUL,Shardul Securities Ltd,Active,XT,2,INE037B01020,Stockbroking & Allied,Equity,Financial Services,Financial Services
512399,SERA,Sera Investments & Finance India Ltd,Active,XT,2,INE017I01027,Non Banking Financial Company (NBFC),Equity,Financial Services,Financial Services
512404,BENGALS,Bengal Steel Industries Ltd,Active,P ,10,INE523W01017,Iron & Steel Products,Equity,Industrials,Capital Goods
512408,UNIWSEC,Uniworth Securities Ltd,Active,XT,10,INE728J01019,Other Textile Products,Equity,Consumer Discretionary,Textiles
512415,MERCTRD,Mercury Trade Links Ltd,Active,XT,10,INE319T01016,Diversified Commercial Services,Equity,Services,Services
512425,NIRAVCOM,Nirav Commercials Ltd,Active,XT,10,INE242B01018,Trading & Distributors,Equity,Services,Services
512431,WHITHAL,White Hall Commercial Company Ltd,Active,XT,10,INE416X01012,Diversified Commercial Services,Equity,Services,Services
512433,ASUTENT,Asutosh Enterprise Ltd,Active,P ,10,INE508W01018,Trading & Distributors,Equity,Services,Services
512437,APOLLOFI,Apollo Finvest India Ltd,Active,X ,10,INE412D01013,Non Banking Financial Company (NBFC),Equity,Financial Services,Financial Services
512441,ENBETRD,Enbee Trade & Finance Ltd,Active,X ,1,INE993I01029,Diversified Commercial Services,Equity,Services,Services
512443,GANONPRO,Ganon Products Ltd,Active,X ,10,INE162L01017,Trading & Distributors,Equity,Services,Services
512445,DEVITRD,Devinsu Trading Ltd,Active,P ,10,INE07LH01016,Other Financial Services,Equity,Financial Services,Financial Services
512453,SHRJAGP,Shri Jagdamba Polymers Ltd,Active,X ,1,INE564J01026,Packaging,Equity,Industrials,Capital Goods
512455,LLOYDSME,Lloyds Metals and Energy Ltd,Active,A ,1,INE281B01032,Industrial Minerals,Equity,Commodities,Metals & Mining
512461,PUNCTRD,Punctual Trading Ltd,Active,P ,10,INE07NX01019,Diversified Commercial Services,Equity,Services,Services
512463,LLOYDSENT,Lloyds Enterprises Ltd,Active,B ,1,INE080I01025,Trading - Metals,Equity,Commodities,Metals & Mining
512477,BETXIND,Betex India Ltd,Active,X ,10,INE765L01017,Other Textile Products,Equity,Consumer Discretionary,Textiles
512479,VIRYA,Virya Resources Ltd,Active,XT,10,INE661K01010,Residential- Commercial Projects,Equity,Consumer Discretionary,Realty
512485,DHANCOT,Dhanlaxmi Cotex Ltd,Active,XT,10,INE977F01010,Trading & Distributors,Equity,Services,Services
512489,OASISEC,Oasis Securities Ltd,Active,X ,1,INE876A01023,Non Banking Financial Company (NBFC),Equity,Financial Services,Financial Services
512493,GARNETINT,Garnet International Ltd,Active,X ,10,INE590B01010,Investment Company,Equity,Financial Services,Financial Services
512499,SHALPRO,Shalimar Productions Ltd,Active,X ,1,INE435E01020,Media & Entertainment,Equity,Consumer Discretionary,"Media, Entertainment & Publication"
512505,MEENST,Meenakshi Steel Industries Ltd,Active,Z ,10,INE721V01019,Iron & Steel Products,Equity,Industrials,Capital Goods
512511,VARUNME,Varun Mercantile Ltd,Active,XT,10,INE442U01014,Diversified Commercial Services,Equity,Services,Services
512517,VINVANI,Vinayak Vanijya Ltd,Active,XT,10,INE132V01019,Diversified Commercial Services,Equity,Services,Services
512519,DONEAR,Donear Industries Ltd,Active,B ,2,INE668D01028,Other Textile Products,Equity,Consumer Discretionary,Textiles
512527,SUPER,Super Sales India Ltd,Active,X ,10,INE091C01017,Other Textile Products,Equity,Consumer Discretionary,Textiles
512529,SEQUENT,Sequent Scientific Ltd,Active,A ,2,INE807F01027,Pharmaceuticals,Equity,Healthcare,Healthcare
512531,STCINDIA,State Trading Corporation of India Ltd,Active,B ,10,INE655A01013,Trading & Distributors,Equity,Services,Services
512553,ZENITHEXPO,Zenith Exports Ltd,Active,T ,10,INE058B01018,Leather And Leather Products,Equity,Consumer Discretionary,Consumer Durables
512559,KOHINOOR,Kohinoor Foods Ltd,Active,B ,10,INE080B01012,Other Agricultural Products,Equity,Fast Moving Consumer Goods,Fast Moving Consumer Goods
512565,NEELKANTH,Neelkanth Ltd,Active,X ,10,INE581D01015,Trading & Distributors,Equity,Services,Services
512573,AVANTIFEED,Avanti Feeds Ltd,Active,A ,1,INE871C01038,Animal Feed,Equity,Fast Moving Consumer Goods,Fast Moving Consumer Goods
512587,ZODJRDMKJ,Zodiac-JRD-MKJ Ltd,Active,X ,10,INE077B01018,Gems- Jewellery And Watches,Equity,Consumer Discretionary,Consumer Durables
512589,SITAENT,Sita Enterprises Ltd,Active,XT,10,INE579D01019,Trading & Distributors,Equity,Services,Services
512591,PULSRIN,Pulsar International Ltd,Active,XT,1,INE183U01022,Trading & Distributors,Equity,Services,Services
512595,MANBRO,Manbro Industries Ltd,Active,XT,10,INE348N01034,Gems- Jewellery And Watches,Equity,Consumer Discretionary,Consumer Durables
512597,KEYFINSERV,Keynote Financial Services Ltd,Active,T ,10,INE681C01015,Stockbroking & Allied,Equity,Financial Services,Financial Services
512599,ADANIENT,Adani Enterprises Ltd,Active,A ,1,INE423A01024,Trading - Minerals,Equity,Commodities,Metals & Mining
512600,ASTALLTD,Astal Laboratories Ltd,Active,X ,10,INE307N01014,Pharmaceuticals,Equity,Healthcare,Healthcare
512608,BHANDARI,Bhandari Hosiery Exports Ltd,Active,B ,1,INE474E01029,Other Textile Products,Equity,Consumer Discretionary,Textiles
512618,RLF,RLF Ltd,Active,X ,10,INE629C01014,Other Textile Products,Equity,Consumer Discretionary,Textiles
512624,REGENTRP,Regent Enterprises Ltd,Active,X ,10,INE769D01016,Trading & Distributors,Equity,Services,Services
512626,ORBTEXP,Orbit Exports Ltd,Active,B ,10,INE231G01010,Other Textile Products,Equity,Consumer Discretionary,Textiles
512634,SAVERA,Savera Industries Ltd,Active,X ,10,INE104E01014,Hotels & Resorts,Equity,Consumer Discretionary,Consumer Services
513005,CHROME,Chrome Silicon Ltd,Active,X ,10,INE114E01013,Ferro & Silica Manganese,Equity,Commodities,Metals & Mining
513012,ZJEETMAC,Jeet Machine Tools Ltd,Active,XT,10,INE987E01012,Trading & Distributors,Equity,Services,Services
513023,NAVA,Nava Ltd,Active,A ,1,INE725A01030,Power Generation,Equity,Utilities,Power
513039,ZHINUDYP,Hindusthan Udyog Ltd,Active,XT,10,INE582K01018,Industrial Products,Equity,Industrials,Capital Goods
513043,REMIEDEL,Remi Edelstahl Tubulars Ltd,Active,X ,10,INE158G01015,Iron & Steel Products,Equity,Industrials,Capital Goods
513059,GSAUTO,GS Auto International Ltd,Active,X ,5,INE736H01024,Auto Components & Equipments,Equity,Consumer Discretionary,Automobile and Auto Components
513063,TRANSFRE,Trans Freight Containers Ltd,Active,X ,10,INE360D01014,Iron & Steel Products,Equity,Industrials,Capital Goods
513097,SBCL,Shivalik Bimetal Controls Ltd,Active,B ,2,INE386D01027,Iron & Steel Products,Equity,Industrials,Capital Goods
513108,GANDHITUBE,Gandhi Special Tubes Ltd,Active,B ,5,INE524B01027,Iron & Steel Products,Equity,Industrials,Capital Goods
513117,AMFORG,Amforge Industries Ltd,Active,X ,2,INE991A01020,Auto Components & Equipments,Equity,Consumer Discretionary,Automobile and Auto Components
513119,ONIXSOLAR,Onix Solar Energy Ltd,Active,XT,10,INE173M01012,Copper,Equity,Commodities,Metals & Mining
513121,ORICONENT,Oricon Enterprises Ltd,Active,B ,2,INE730A01022,Packaging,Equity,Industrials,Capital Goods
513149,ACROW,Acrow India Ltd,Active,X ,10,INE950D01012,Iron & Steel Products,Equity,Industrials,Capital Goods
513173,STLSTRINF,Steel Strips Infrastructures Ltd,Active,X ,10,INE205F01016,Residential- Commercial Projects,Equity,Consumer Discretionary,Realty
513228,PENIND,Pennar Industries Ltd,Active,B ,5,INE932A01024,Industrial Products,Equity,Industrials,Capital Goods
513250,JYOTISTRUC,Jyoti Structures Ltd,Active,A ,2,INE197A01024,Heavy Electrical Equipment,Equity,Industrials,Capital Goods
513252,JAYUSH,Jay Ushin Ltd,Active,X ,10,INE289D01015,Auto Components & Equipments,Equity,Consumer Discretionary,Automobile and Auto Components
513262,SSWL,Steel Strips Wheels Ltd,Active,B ,1,INE802C01033,Auto Components & Equipments,Equity,Consumer Discretionary,Automobile and Auto Components
513269,MANINDS,Man Industries (India) Ltd,Active,B ,5,INE993A01026,Iron & Steel Products,Equity,Industrials,Capital Goods
513295,IMEC,Imec Services Ltd,Active,XT,10,INE611C01020,Consulting Services,Equity,Services,Services
513303,MDRNSTL,Modern Steels Ltd,Active,X ,10,INE001F01019,Iron & Steel Products,Equity,Industrials,Capital Goods
513309,GOLKONDA,Golkonda Aluminium Extrusions Ltd,Active,X ,10,INE327C01031,Aluminium,Equity,Commodities,Metals & Mining
513337,GUJTLRM,Gujarat Toolroom Ltd,Active,XT,1,INE145J01032,Plastic Products - Industrial,Equity,Industrials,Capital Goods
513349,AJMERA,Ajmera Realty & Infra India Ltd,Active,B ,10,INE298G01027,Residential- Commercial Projects,Equity,Consumer Discretionary,Realty
513353,COCHINM,Cochin Minerals & Rutiles Ltd,Active,X ,10,INE105D01013,Specialty Chemicals,Equity,Commodities,Chemicals
513361,ISWL,India Steel Works Ltd,Active,XT,1,INE072A01029,Iron & Steel Products,Equity,Industrials,Capital Goods
513369,KVFORGE,Krishanveer Forge Ltd,Active,X ,10,INE013J01016,Castings & Forgings,Equity,Industrials,Capital Goods
513375,CARBORUNIV,Carborundum Universal Ltd,Active,A ,1,INE120A01034,Abrasives & Bearings,Equity,Industrials,Capital Goods
513377,MMTC,MMTC Ltd,Active,A ,1,INE123F01029,Trading & Distributors,Equity,Services,Services
513397,VALLABHSQ,Vallabh Steels Ltd,Active,X ,10,INE457E01016,Iron & Steel Products,Equity,Industrials,Capital Goods
513401,ASHIS,Ashiana Ispat Ltd,Active,XT,10,INE587D01012,Iron & Steel Products,Equity,Industrials,Capital Goods
513403,PMTELELIN,P.M. Telelinnks Ltd,Active,X ,10,INE092C01015,Iron & Steel Products,Equity,Industrials,Capital Goods
513418,SMFIL,Smiths & Founders (India) Ltd,Active,X ,1,INE728B01032,Castings & Forgings,Equity,Industrials,Capital Goods
513422,BLOIN,Bloom Industries Ltd,Active,X ,10,INE373E01015,Iron & Steel Products,Equity,Industrials,Capital Goods
513430,MAITRI,Maitri Enterprises Ltd,Active,XT,10,INE501L01024,Aluminium,Equity,Commodities,Metals & Mining
513436,SHAHALLOYS,Shah Alloys Ltd,Active,T ,10,INE640C01011,Iron & Steel Products,Equity,Industrials,Capital Goods
513452,ELANGO,Elango Industries Ltd,Active,X ,10,INE594D01018,Iron & Steel Products,Equity,Industrials,Capital Goods
513456,KANSHST,Kanishk Steel Industries Ltd,Active,X ,10,INE791E01018,Iron & Steel Products,Equity,Industrials,Capital Goods
513460,MAHALXSE,Mahalaxmi Seamless Ltd,Active,Z ,10,INE257F01017,Iron & Steel Products,Equity,Industrials,Capital Goods
513472,SIMPLEXCAS,Simplex Castings Ltd,Active,X ,10,INE658D01011,Other Industrial Products,Equity,Industrials,Capital Goods
513488,SSWRL,Shree Steel Wire Ropes Ltd,Active,X ,10,INE387D01025,Iron & Steel Products,Equity,Industrials,Capital Goods
513496,SIZEMASTER,Sizemasters Technology Ltd,Active,XT,10,INE235U01012,Zinc,Equity,Commodities,Metals & Mining
513498,SOUTHMG,Southern Magnesium & Chemicals Ltd,Active,XT,10,INE308N01012,Industrial Minerals,Equity,Commodities,Metals & Mining
513502,BAROEXT,Baroda Extrusion Ltd,Active,XT,1,INE927K01023,Aluminium- Copper & Zinc Products,Equity,Industrials,Capital Goods
513507,GUJCONT,Gujarat Containers Ltd,Active,P ,10,INE276I01011,Packaging,Equity,Industrials,Capital Goods
513509,KALYANIFRG,Kalyani Forge Ltd,Active,B ,10,INE314G01014,Castings & Forgings,Equity,Industrials,Capital Goods
513511,PANCHMAHQ,Panchmahal Steel Ltd,Active,XT,10,INE798F01010,Iron & Steel Products,Equity,Industrials,Capital Goods
513513,ADITYA,Aditya Ispat Ltd,Active,X ,10,INE570B01012,Iron & Steel Products,Equity,Industrials,Capital Goods
513517,STEELCAS,Steelcast Ltd,Active,B ,5,INE124E01020,Castings & Forgings,Equity,Industrials,Capital Goods
513519,PITTIENG,Pitti Engineering Ltd,Active,B ,5,INE450D01021,Industrial Products,Equity,Industrials,Capital Goods
513528,GLITTEKG,Glittek Granites Ltd,Active,XT,5,INE741B01027,Other Construction Materials,Equity,Commodities,Construction Materials
513532,PRADPME,Pradeep Metals Ltd,Active,X ,10,INE770A01010,Auto Components & Equipments,Equity,Consumer Discretionary,Automobile and Auto Components
513536,GNRL,Gujarat Natural Resources Ltd,Active,XT,10,INE207H01018,Oil Exploration & Production,Equity,Energy,"Oil, Gas & Consumable Fuels"
513540,TNSTLTU,Tamilnadu Steel Tubes Ltd,Active,P ,10,INE176E01012,Iron & Steel Products,Equity,Industrials,Capital Goods
513548,SHRDAIS,Sharda Ispat Ltd,Active,X ,10,INE385M01012,Iron & Steel Products,Equity,Industrials,Capital Goods
513554,MAHASTEEL,Mahamaya Steel Industries Ltd,Active,T ,10,INE451L01014,Iron & Steel Products,Equity,Industrials,Capital Goods
513566,NOVIS,Nova Iron & Steel Ltd,Active,X ,10,INE608C01026,Iron & Steel Products,Equity,Industrials,Capital Goods
513575,STERPOW,Sterling Powergensys Ltd,Active,XT,10,INE067E01013,Industrial Products,Equity,Industrials,Capital Goods
513579,FFPL,Foundry Fuel Products Ltd,Active,Z ,10,INE617C01027,Coal,Equity,Energy,"Oil, Gas & Consumable Fuels"
513599,HINDCOPPER,Hindustan Copper Ltd,Active,A ,5,INE531E01026,Copper,Equity,Commodities,Metals & Mining
513629,TULSYAN,Tulsyan NEC Ltd,Active,X ,10,INE463D01016,Iron & Steel Products,Equity,Industrials,Capital Goods
513642,AXELPOLY,Axel Polymers Ltd,Active,XT,10,INE197C01012,Plastic Products - Industrial,Equity,Industrials,Capital Goods
513683,NLCINDIA,NLC India Ltd,Active,A ,10,INE589A01014,Power Generation,Equity,Utilities,Power
513687,SPECTRA,Spectra Industries Ltd,Active,Z ,10,INE848B01012,Auto Components & Equipments,Equity,Consumer Discretionary,Automobile and Auto Components
513693,KAJARIR,KIC Metaliks Ltd,Active,X ,2,INE434C01027,Iron & Steel,Equity,Commodities,Metals & Mining
513699,SOLIDSTON,Solid Stone Company Ltd,Active,X ,10,INE584G01012,Other Construction Materials,Equity,Commodities,Construction Materials
513709,SHILGRAVQ,Shilp Gravures Ltd,Active,X ,10,INE960A01017,Aluminium- Copper & Zinc Products,Equity,Industrials,Capital Goods
513713,WHITEORG,White Organic Agro Ltd,Active,X ,10,INE146C01019,Other Agricultural Products,Equity,Fast Moving Consumer Goods,Fast Moving Consumer Goods
513721,MFSINTRCRP,MFS Intercorp Ltd,Active,Z ,10,INE614F01019,Iron & Steel Products,Equity,Industrials,Capital Goods
513729,AROGRANITE,Aro Granite Industries Ltd,Active,B ,10,INE210C01013,Granites & Marbles,Equity,Consumer Discretionary,Consumer Durables
514010,RUDRAECO,Rudra Ecovation Ltd,Active,X ,1,INE723D01021,Other Textile Products,Equity,Consumer Discretionary,Textiles
514028,RAJKSYN,Rajkamal Synthetics Ltd,Active,X ,10,INE376L01013,Other Textile Products,Equity,Consumer Discretionary,Textiles
514030,DEEPAKSP,Deepak Spinners Ltd,Active,X ,10,INE272C01013,Other Textile Products,Equity,Consumer Discretionary,Textiles
514036,LOYALTEX,Loyal Textile Mills Ltd,Active,T ,10,INE970D01010,Other Textile Products,Equity,Consumer Discretionary,Textiles
514043,HIMATSEIDE,Himatsingka Seide Ltd,Active,B ,5,INE049A01027,Other Textile Products,Equity,Consumer Discretionary,Textiles
514045,BSL,BSL Ltd,Active,T ,10,INE594B01012,Other Textile Products,Equity,Consumer Discretionary,Textiles
514060,MARKOBENZ,Markobenz Ventures Ltd,Active,XT,10,INE229N01010,Trading & Distributors,Equity,Services,Services
514087,PBMPOLY,PBM Polytex Ltd,Active,X ,10,INE501F01018,Other Textile Products,Equity,Consumer Discretionary,Textiles
514113,ADINATH,Adinath Textiles Ltd,Active,X ,10,INE207C01019,Other Textile Products,Equity,Consumer Discretionary,Textiles
514128,KONARKSY,Konark Synthetic Ltd,Active,X ,10,INE517D01019,Other Textile Products,Equity,Consumer Discretionary,Textiles
514138,SURYALA,Suryalata Spinning Mills Ltd,Active,X ,10,INE132C01027,Other Textile Products,Equity,Consumer Discretionary,Textiles
514140,SURYVANSP,Suryavanshi Spinning Mills Ltd,Active,X ,10,INE431C01023,Other Textile Products,Equity,Consumer Discretionary,Textiles
514142,TTL,T T Ltd,Active,B ,1,INE592B01024,Other Textile Products,Equity,Consumer Discretionary,Textiles
514162,WELSPUNLIV,Welspun Living Ltd,Active,A ,1,INE192B01031,Other Textile Products,Equity,Consumer Discretionary,Textiles
514165,INDIANACRY,Indian Acrylics Ltd,Active,X ,10,INE862B01013,Petrochemicals,Equity,Commodities,Chemicals
514167,GANECOS,Ganesha Ecosphere Ltd,Active,B ,10,INE845D01014,Other Textile Products,Equity,Consumer Discretionary,Textiles
514171,CEETAIN,Ceeta Industries Ltd,Active,X ,1,INE760J01012,Packaged Foods,Equity,Fast Moving Consumer Goods,Fast Moving Consumer Goods
514175,VARDMNPOLY,Vardhman Polytex Ltd,Active,B ,1,INE835A01029,Other Textile Products,Equity,Consumer Discretionary,Textiles
514177,RISHYRN,Rishab Special Yarns Ltd,Active,P ,10,INE351D01013,Other Textile Products,Equity,Consumer Discretionary,Textiles
514183,BLACKROSE,Black Rose Industries Ltd,Active,X ,1,INE761G01016,Specialty Chemicals,Equity,Commodities,Chemicals
514197,STCORP,S & T Corporation Ltd,Active,X ,2,INE110Q01023,Other Textile Products,Equity,Consumer Discretionary,Textiles
514223,RAMGOPOLY,Ramgopal Polytex Ltd,Active,X ,10,INE410D01017,Trading & Distributors,Equity,Services,Services
514234,SANGAMIND,Sangam India Ltd,Active,B ,10,INE495C01010,Other Textile Products,Equity,Consumer Discretionary,Textiles
514236,TTLEL,TTL Enterprises Ltd,Active,XT,10,INE664X01025,Trading & Distributors,Equity,Services,Services
514238,MKVENTURES,Mkventures Capital Ltd,Active,X ,10,INE874A01010,Investment Company,Equity,Financial Services,Financial Services
514240,KUSHIND,Kush Industries Ltd,Active,X ,10,INE979D01011,Other Textile Products,Equity,Consumer Discretionary,Textiles
514248,SRECR,Sreechem Resins Ltd,Active,P ,10,INE377C01010,Commodity Chemicals,Equity,Commodities,Chemicals
514260,SURBHIN,Surbhi Industries Ltd,Active,X ,10,INE899E01019,Other Textile Products,Equity,Consumer Discretionary,Textiles
514264,SEASONST,Seasons Textiles Ltd,Active,X ,10,INE707B01010,Other Textile Products,Equity,Consumer Discretionary,Textiles
514266,ZENIFIB,Zenith Fibres Ltd,Active,X ,10,INE106C01013,Other Textile Products,Equity,Consumer Discretionary,Textiles
514272,BHILSPIN,Bhilwara Spinners Ltd,Active,X ,10,INE436C01014,Other Textile Products,Equity,Consumer Discretionary,Textiles
514274,AARVEEDEN,Aarvee Denims & Exports Ltd,Active,T ,10,INE273D01019,Other Textile Products,Equity,Consumer Discretionary,Textiles
514280,SANTETX,Sanrhea Technical Textiles Ltd,Active,X ,10,INE589J01015,Other Textile Products,Equity,Consumer Discretionary,Textiles
514286,ASHIMASYN,Ashima Ltd,Active,T ,10,INE440A01010,Other Textile Products,Equity,Consumer Discretionary,Textiles
514300,PIONEEREMB,Pioneer Embroideries Ltd,Active,B ,10,INE156C01018,Other Textile Products,Equity,Consumer Discretionary,Textiles
514302,VIPPYSP,Vippy Spinpro Ltd,Active,X ,10,INE660D01017,Other Textile Products,Equity,Consumer Discretionary,Textiles
514312,JAIHINDS,Jaihind Synthetics Ltd,Active,XT,10,INE156E01014,Other Textile Products,Equity,Consumer Discretionary,Textiles
514316,RAGHUSYN,Raghuvir Synthetics Ltd,Active,X ,1,INE969C01022,Other Textile Products,Equity,Consumer Discretionary,Textiles
514318,JATTAINDUS,Jattashankar Industries Ltd,Active,XT,10,INE722N01014,Other Textile Products,Equity,Consumer Discretionary,Textiles
514322,KAMADGIRI,Kamadgiri Fashion Ltd,Active,X ,10,INE535C01013,Other Textile Products,Equity,Consumer Discretionary,Textiles
514324,OMNITEX,Omnitex Industries India Ltd,Active,X ,10,INE814D01010,Other Textile Products,Equity,Consumer Discretionary,Textiles
514326,PATSPINLTD,Patspin India Ltd,Active,X ,10,INE790C01014,Other Textile Products,Equity,Consumer Discretionary,Textiles
514330,ONEGLOBAL,One Global Service Provider Ltd,Active,XT,10,INE670O01013,Healthcare Service Provider,Equity,Healthcare,Healthcare
514332,NEOINFRA,Neo Infracon Ltd,Active,XT,10,INE216I01017,Residential- Commercial Projects,Equity,Consumer Discretionary,Realty
514348,WINSOME,Winsome Yarns Ltd,Active,Z ,10,INE784B01035,Other Textile Products,Equity,Consumer Discretionary,Textiles
514354,PREMIERPOL,Premier Polyfilm Ltd,Active,B ,1,INE309M01020,Plastic Products - Industrial,Equity,Industrials,Capital Goods
514358,EVERFIN,Everlon Financials Ltd,Active,X ,10,INE339D01034,Non Banking Financial Company (NBFC),Equity,Financial Services,Financial Services
514360,KRRAIL,K&R Rail Engineering Ltd,Active,XT,10,INE078T01026,Civil Construction,Equity,Industrials,Construction
514378,YARNSYN,Yarn Syndicate Ltd,Active,XT,10,INE564C01013,Trading & Distributors,Equity,Services,Services
514386,GUJCOTEX,Gujarat Cotex Ltd,Active,X ,5,INE004C01028,Other Textile Products,Equity,Consumer Discretionary,Textiles
514400,GARWSYN,Garware Synthetics Ltd,Active,X ,10,INE340D01016,Trading & Distributors,Equity,Services,Services
514402,ECOHOTELS,Eco Hotels And Resorts Ltd,Active,XT,10,INE638N01012,Hotels & Resorts,Equity,Consumer Discretionary,Consumer Services
514412,SARUPINDUS,Sarup Industries Ltd,Active,XT,10,INE305D01019,Gems- Jewellery And Watches,Equity,Consumer Discretionary,Consumer Durables
514418,MANORG,Mangalam Organics Ltd,Active,B ,10,INE370D01013,Commodity Chemicals,Equity,Commodities,Chemicals
514428,HINDADH,Hindustan Adhesives Ltd,Active,X ,10,INE074C01013,Plastic Products - Industrial,Equity,Industrials,Capital Goods
514440,BPAGRI,Blue Pearl Agriventures Ltd,Active,XT,1,INE439N01031,Commodity Chemicals,Equity,Commodities,Chemicals
514442,SRIKPRIND,Sri KPR Industries Ltd,Active,X ,10,INE009C01019,Plastic Products - Industrial,Equity,Industrials,Capital Goods
514446,LSIND,LS Industries Ltd,Active,B ,1,INE345D01031,Trading - Minerals,Equity,Commodities,Metals & Mining
514448,JYOTIRES,Jyoti Resins & Adhesives Ltd,Active,B ,10,INE577D01013,Specialty Chemicals,Equity,Commodities,Chemicals
514450,MHLXMIRU,Mahalaxmi Rubtech Ltd,Active,B ,10,INE112D01035,Other Textile Products,Equity,Consumer Discretionary,Textiles
514454,SOUTLAT,Southern Latex Ltd,Active,XT,10,INE410M01018,Other Textile Products,Equity,Consumer Discretionary,Textiles
514460,OSWAYRN,Oswal Yarns Ltd,Active,XT,10,INE670H01017,Trading & Distributors,Equity,Services,Services
514470,WINSOMTX,Winsome Textile Industries Ltd,Active,B ,10,INE837B01031,Other Textile Products,Equity,Consumer Discretionary,Textiles
515008,MODINSU,Modern Insulators Ltd,Active,X ,10,INE219W01012,Other Electrical Equipment,Equity,Industrials,Capital Goods
515018,REGENCERAM,Regency Ceramics Ltd,Active,B ,10,INE277C01012,Ceramics,Equity,Consumer Discretionary,Consumer Durables
515030,ASAHIINDIA,Asahi India Glass Ltd,Active,A ,1,INE439A01020,Auto Components & Equipments,Equity,Consumer Discretionary,Automobile and Auto Components
515037,MURUDCERA,Murudeshwar Ceramics Ltd,Active,B ,10,INE692B01014,Ceramics,Equity,Consumer Discretionary,Consumer Durables
515043,SAINTGOBAIN,Saint Gobain Sekurit India Ltd,Active,B ,10,INE068B01017,Auto Components & Equipments,Equity,Consumer Discretionary,Automobile and Auto Components
515055,ANANTRAJ,Anant Raj Ltd,Active,A ,2,INE242C01024,Residential- Commercial Projects,Equity,Consumer Discretionary,Realty
515059,MADHUDIN,Madhusudan Industries Ltd,Active,X ,5,INE469C01023,Edible Oil,Equity,Fast Moving Consumer Goods,Fast Moving Consumer Goods
515085,RESTILE,Restile Ceramics Ltd,Active,X ,10,INE298E01022,Ceramics,Equity,Consumer Discretionary,Consumer Durables
515093,MADHAV,Madhav Marbles & Granites Ltd,Active,B ,10,INE925C01016,Granites & Marbles,Equity,Consumer Discretionary,Consumer Durables
515127,RAMASIGNS,Ramasigns Industries Ltd,Active,X ,5,INE650D01026,Trading & Distributors,Equity,Services,Services
515145,HINDNATGLS,Hindusthan National Glass & Industries Ltd,Active,T ,2,INE952A01022,Packaging,Equity,Industrials,Capital Goods
515147,HALDYNGL,Haldyn Glass Ltd,Active,X ,1,INE506D01020,Packaging,Equity,Industrials,Capital Goods
516003,DUROPLY,Duroply Industries Ltd,Active,X ,10,INE932D01010,Plywood Boards/ Laminates,Equity,Consumer Discretionary,Consumer Durables
516016,SHREYANIND,Shreyans Industries Ltd,Active,B ,10,INE231C01019,Paper & Paper Products,Equity,Commodities,Forest Materials
516020,AGIOPAPER,Agio Paper & Industries Ltd,Active,X ,10,INE112C01011,Paper & Paper Products,Equity,Commodities,Forest Materials
516022,STARPAPER,Star Paper Mills Ltd,Active,B ,10,INE733A01018,Paper & Paper Products,Equity,Commodities,Forest Materials
516030,PAKKA,Pakka Ltd,Active,B ,10,INE551D01018,Paper & Paper Products,Equity,Commodities,Forest Materials
516032,TAHMARENT,Tahmar Enterprises Ltd,Active,XT,1,INE385D01029,Breweries & Distilleries,Equity,Fast Moving Consumer Goods,Fast Moving Consumer Goods
516062,NATPLY,National Plywood Industries Ltd,Active,Z ,10,INE497C01016,Forest Products,Equity,Commodities,Forest Materials
516064,ARROWGREEN,Arrow Greentech Ltd,Active,T ,10,INE570D01018,Packaging,Equity,Industrials,Capital Goods
516072,VISHNU,Vishnu Chemicals Ltd,Active,B ,2,INE270I01022,Specialty Chemicals,Equity,Commodities,Chemicals
516078,JUMBO,Jumbo Bag Ltd,Active,X ,10,INE699D01015,Packaging,Equity,Industrials,Capital Goods
516082,NRAIL,NR Agarwal Industries Ltd,Active,B ,10,INE740D01017,Paper & Paper Products,Equity,Commodities,Forest Materials
516092,3PLAND,3P Land Holdings Ltd,Active,B ,2,INE105C01023,Investment Company,Equity,Financial Services,Financial Services
516096,SANPA,Sangal Papers Ltd,Active,X ,10,INE384D01022,Paper & Paper Products,Equity,Commodities,Forest Materials
516098,VENTURA,Ventura Textiles Ltd,Active,X ,10,INE810C01044,Other Textile Products,Equity,Consumer Discretionary,Textiles
516106,SHKARTP,Shree Karthik Papers Ltd,Active,X ,5,INE538D01015,Paper & Paper Products,Equity,Commodities,Forest Materials
516108,STHINPA,South India Paper Mills Ltd,Active,X ,10,INE088G01014,Paper & Paper Products,Equity,Commodities,Forest Materials
516110,FAMILYCARE,Family Care Hospitals Ltd,Active,XT,10,INE146N01016,Healthcare Service Provider,Equity,Healthcare,Healthcare
517015,VINDHYATEL,Vindhya Telelinks Ltd,Active,B ,10,INE707A01012,Telecom - Infrastructure,Equity,Telecommunication,Telecommunication
517035,RIR,RIR Power Electronics Ltd,Active,B ,10,INE302D01016,Other Electrical Equipment,Equity,Industrials,Capital Goods
517041,ADOR,Ador Welding Ltd,Active,B ,10,INE045A01017,Other Industrial Products,Equity,Industrials,Capital Goods
517044,IDM,International Data Management Ltd,Active,X ,10,INE649R01010,Consulting Services,Equity,Services,Services
517059,SALZERELEC,Salzer Electronics Ltd,Active,B ,10,INE457F01013,Other Electrical Equipment,Equity,Industrials,Capital Goods
517063,JETKINGQ,Jetking Infotrain Ltd,Active,XT,10,INE919C01019,E-Learning,Equity,Consumer Discretionary,Consumer Services
517077,INDAGIV,Ind Agiv Commerce Ltd,Active,XT,10,INE115E01010,Trading & Distributors,Equity,Services,Services
517096,APLAB,Aplab Ltd,Active,X ,10,INE273A01015,Other Electrical Equipment,Equity,Industrials,Capital Goods
517119,PCS,PCS Technology Ltd,Active,X ,10,INE834B01012,IT Enabled Services,Equity,Information Technology,Information Technology
517146,USHAMART,Usha Martin Ltd,Active,A ,1,INE228A01035,Iron & Steel Products,Equity,Industrials,Capital Goods
517166,SPELS,SPEL Semiconductor Ltd,Active,X ,10,INE252A01019,Other Electrical Equipment,Equity,Industrials,Capital Goods
517168,SUBROS,Subros Ltd,Active,B ,2,INE287B01021,Other Industrial Products,Equity,Industrials,Capital Goods
517170,EDVENSWA,Edvenswa Enterprises Ltd,Active,X ,10,INE125G01014,Computers - Software & Consulting,Equity,Information Technology,Information Technology
517172,PERVASIVE,Pervasive Commodities Ltd,Active,XT,1,INE443P01038,Trading & Distributors,Equity,Services,Services
517174,HONAUT,Honeywell Automation India Ltd,Active,A ,10,INE671A01010,Industrial Products,Equity,Industrials,Capital Goods
517201,SWITCHTE,Switching Technologies Gunther Ltd,Active,XT,10,INE311D01017,Other Electrical Equipment,Equity,Industrials,Capital Goods
517206,LUMAXIND,Lumax Industries Ltd,Active,B ,10,INE162B01018,Auto Components & Equipments,Equity,Consumer Discretionary,Automobile and Auto Components
517214,DIGISPICE,Digispice Technologies Ltd,Active,B ,3,INE927C01020,IT Enabled Services,Equity,Information Technology,Information Technology
517236,CALCOM,Calcom Vision Ltd,Active,X ,10,INE216C01010,Consumer Electronics,Equity,Consumer Discretionary,Consumer Durables
517238,DYNAVSN,Dynavision Ltd,Active,X ,10,INE083E01010,Diversified Commercial Services,Equity,Services,Services
517246,BCCFUBA,BCC Fuba India Ltd,Active,X ,10,INE788D01016,Computers Hardware & Equipments,Equity,Information Technology,Information Technology
517258,PRECISIO,Precision Electronics Ltd,Active,X ,10,INE143C01024,Industrial Products,Equity,Industrials,Capital Goods
517271,HBLENGINE,HBL Engineering Ltd,Active,A ,1,INE292B01021,Other Industrial Products,Equity,Industrials,Capital Goods
517273,S&SPOWER,S&S Power Switchgear Ltd,Active,T ,10,INE902B01017,Other Electrical Equipment,Equity,Industrials,Capital Goods
517288,GUJARATPOLY,Gujarat Poly Electronics Ltd,Active,X ,10,INE541F01022,Other Electrical Equipment,Equity,Industrials,Capital Goods
517300,GIPCL,Gujarat Industries Power Company Ltd,Active,B ,10,INE162A01010,Power Generation,Equity,Utilities,Power
517334,MOTHERSON,Samvardhana Motherson International Ltd,Active,A ,1,INE775A01035,Auto Components & Equipments,Equity,Consumer Discretionary,Automobile and Auto Components
517344,MINDTECK,Mindteck (India) Ltd,Active,B ,10,INE110B01017,Computers - Software & Consulting,Equity,Information Technology,Information Technology
517354,HAVELLS,Havells India Ltd,Active,A ,1,INE176B01034,Consumer Electronics,Equity,Consumer Discretionary,Consumer Durables
517356,ACIIN,ACI Infocom Ltd,Active,X ,1,INE167B01025,Computers Hardware & Equipments,Equity,Information Technology,Information Technology
517360,SBECSYS,SBEC Systems India Ltd,Active,XT,10,INE689V01018,Trading & Distributors,Equity,Services,Services
517370,INCAP,Incap Ltd,Active,X ,10,INE437C01012,Other Electrical Equipment,Equity,Industrials,Capital Goods
517372,GUJINTRX,Gujarat Intrux Ltd,Active,X ,10,INE877E01015,Castings & Forgings,Equity,Industrials,Capital Goods
517380,IGARASHI,Igarashi Motors India Ltd,Active,B ,10,INE188B01013,Auto Components & Equipments,Equity,Consumer Discretionary,Automobile and Auto Components
517385,SYMPHONY,Symphony Ltd,Active,A ,2,INE225D01027,Household Appliances,Equity,Consumer Discretionary,Consumer Durables
517393,VINTRON,Vintron Informatics Ltd,Active,XT,1,INE043B01028,Computers Hardware & Equipments,Equity,Information Technology,Information Technology
517397,PANELEC,Pan Electronics India Ltd,Active,XT,10,INE648E01010,Industrial Products,Equity,Industrials,Capital Goods
517399,VXLINSTR,VXL Instruments Ltd,Active,XT,10,INE756A01019,Consumer Electronics,Equity,Consumer Discretionary,Consumer Durables
517411,SHYAMTEL,Shyam Telecom Ltd,Active,B ,10,INE635A01023,Trading & Distributors,Equity,Services,Services
517415,LEENEE,Lee & Nee Softwares Exports Ltd,Active,X ,10,INE791B01014,IT Enabled Services,Equity,Information Technology,Information Technology
517417,PATELSAI,Patels Airtemp India Ltd,Active,X ,10,INE082C01024,Industrial Products,Equity,Industrials,Capital Goods
517421,BUTTERFLY,Butterfly Gandhimathi Appliances Ltd,Active,B ,10,INE295F01017,Household Appliances,Equity,Consumer Discretionary,Consumer Durables
517423,INTEGSW,Integra Switchgear Ltd,Active,XT,10,INE0IPL01018,Other Electrical Equipment,Equity,Industrials,Capital Goods
517429,ATHENAGLO,Athena Global Technologies Ltd,Active,X ,10,INE576B01019,Computers - Software & Consulting,Equity,Information Technology,Information Technology
517431,NARMP,Narmada Macplast Drip Irrigation Systems Ltd,Active,XT,10,INE060D01010,Plastic Products - Industrial,Equity,Industrials,Capital Goods
517437,DUTRON,Dutron Polymers Ltd,Active,X ,10,INE940C01015,Plastic Products - Industrial,Equity,Industrials,Capital Goods
517447,RSSOFTWARE,R.S. Software (India) Ltd,Active,T ,5,INE165B01029,Computers - Software & Consulting,Equity,Information Technology,Information Technology
517449,MAGNAELQ,Magna Electro Castings Ltd,Active,X ,10,INE437D01010,Castings & Forgings,Equity,Industrials,Capital Goods
517467,MARSONS,Marsons Ltd,Active,XT,1,INE415B01044,Other Electrical Equipment,Equity,Industrials,Capital Goods
517477,ELNET,Elnet Technologies Ltd,Active,X ,10,INE033C01019,IT Enabled Services,Equity,Information Technology,Information Technology
517494,ACCEL,Accel Ltd,Active,X ,2,INE258C01038,Computers - Software & Consulting,Equity,Information Technology,Information Technology
517498,WEBELSOLAR,Websol Energy System Ltd,Active,B ,10,INE855C01015,Other Electrical Equipment,Equity,Industrials,Capital Goods
517500,ROTO,Roto Pumps Ltd,Active,B ,1,INE535D01037,Compressors- Pumps & Diesel Engines,Equity,Industrials,Capital Goods
517506,TTKPRESTIG,TTK Prestige Ltd,Active,A ,1,INE690A01028,Household Appliances,Equity,Consumer Discretionary,Consumer Durables
517514,DHINDIA,D & H India Ltd,Active,X ,10,INE589D01018,Industrial Products,Equity,Industrials,Capital Goods
517522,RAJRATAN,Rajratan Global Wire Ltd,Active,B ,2,INE451D01029,Auto Components & Equipments,Equity,Consumer Discretionary,Automobile and Auto Components
517530,SURANAT&P,Surana Telecom and Power Ltd,Active,B ,1,INE130B01031,Power Generation,Equity,Utilities,Power
517536,ONWARDTEC,Onward Technologies Ltd,Active,B ,10,INE229A01017,IT Enabled Services,Equity,Information Technology,Information Technology
517544,CENTUM,Centum Electronics Ltd,Active,B ,10,INE320B01020,Industrial Products,Equity,Industrials,Capital Goods
517546,ALFATRAN,Alfa Transformers Ltd,Active,XT,10,INE209C01015,Other Electrical Equipment,Equity,Industrials,Capital Goods
517554,NHCFOODS,NHC Foods Ltd,Active,XT,1,INE141C01036,Other Food Products,Equity,Fast Moving Consumer Goods,Fast Moving Consumer Goods
517556,PVP,PVP Ventures Ltd,Active,B ,10,INE362A01016,Residential- Commercial Projects,Equity,Consumer Discretionary,Realty
517562,TRIGYN,Trigyn Technologies Ltd,Active,B ,10,INE948A01012,Computers - Software & Consulting,Equity,Information Technology,Information Technology
517569,KEI,KEI Industries Ltd,Active,A ,2,INE878B01027,Cables - Electricals,Equity,Industrials,Capital Goods
518011,KEERTHI,Keerthi Industries Ltd,Active,X ,10,INE145L01012,Cement & Cement Products,Equity,Commodities,Construction Materials
518053,SRICC,Sri Chakra Cement Ltd,Active,XT,10,INE827D01020,Cement & Cement Products,Equity,Commodities,Construction Materials
518075,SURAJ,Suraj Products Ltd,Active,Z ,10,INE069E01019,Iron & Steel Products,Equity,Industrials,Capital Goods
518091,APCL,Anjani Portland Cement Ltd,Active,B ,10,INE071F01012,Cement & Cement Products,Equity,Commodities,Construction Materials
519003,MODINATUR,Modi Naturals Ltd,Active,X ,10,INE537F01012,Other Agricultural Products,Equity,Fast Moving Consumer Goods,Fast Moving Consumer Goods
519014,PRSNTIN,Prashant India Ltd,Active,XT,10,INE100E01012,Other Textile Products,Equity,Consumer Discretionary,Textiles
519064,ZKHANDEN,Khandelwal Extractions Ltd,Active,X ,10,INE687W01010,Other Agricultural Products,Equity,Fast Moving Consumer Goods,Fast Moving Consumer Goods
519091,TASTYBITE,Tasty Bite Eatables Ltd,Active,B ,10,INE488B01017,Packaged Foods,Equity,Fast Moving Consumer Goods,Fast Moving Consumer Goods
519097,RITESHIN,Ritesh International Ltd,Active,X ,10,INE534D01014,Commodity Chemicals,Equity,Commodities,Chemicals
519105,AVTNPL,AVT Natural Products Ltd,Active,B ,1,INE488D01021,Other Agricultural Products,Equity,Fast Moving Consumer Goods,Fast Moving Consumer Goods
519126,HNDFDS,Hindustan Foods Ltd,Active,B ,2,INE254N01026,Diversified FMCG,Equity,Fast Moving Consumer Goods,Fast Moving Consumer Goods
519136,NAHARINDUS,Nahar Industrial Enterprises Ltd,Active,B ,10,INE289A01011,Other Textile Products,Equity,Consumer Discretionary,Textiles
519152,VADILENT,Vadilal Enterprises Ltd,Active,XT,10,INE693D01018,Dairy Products,Equity,Fast Moving Consumer Goods,Fast Moving Consumer Goods
519156,VADILALIND,Vadilal Industries Ltd,Active,B ,10,INE694D01016,Dairy Products,Equity,Fast Moving Consumer Goods,Fast Moving Consumer Goods
519174,ASHAI,Ashiana Agro Industries Ltd,Active,XT,10,INE709D01012,Edible Oil,Equity,Fast Moving Consumer Goods,Fast Moving Consumer Goods
519183,ADFFOODS,Adf Foods Ltd,Active,B ,2,INE982B01027,Packaged Foods,Equity,Fast Moving Consumer Goods,Fast Moving Consumer Goods
519191,RGRL,Retro Green Revolution Ltd,Active,X ,10,INE601N01010,Tea & Coffee,Equity,Fast Moving Consumer Goods,Fast Moving Consumer Goods
519214,WILLIMFI,Williamson Financial Services Ltd,Active,XT,10,INE188E01017,Non Banking Financial Company (NBFC),Equity,Financial Services,Financial Services
519216,AJANTSOY,Ajanta Soya Ltd,Active,X ,2,INE601B01023,Edible Oil,Equity,Fast Moving Consumer Goods,Fast Moving Consumer Goods
519224,WILLAMAGOR,Williamson Magor & Company Ltd,Active,B ,10,INE210A01017,Investment Company,Equity,Financial Services,Financial Services
519230,KISAAN,Kisaan Parivar Industries Ltd,Active,XT,5,INE102C01020,Trading & Distributors,Equity,Services,Services
519234,SIEL,Superior Industrial Enterprises Ltd,Active,X ,10,INE843L01012,Edible Oil,Equity,Fast Moving Consumer Goods,Fast Moving Consumer Goods
519238,SPTRSHI,Saptarishi Agro Industries Ltd,Active,XT,10,INE233P01017,Other Agricultural Products,Equity,Fast Moving Consumer Goods,Fast Moving Consumer Goods
519260,SANWARIA,Sanwaria Consumer Ltd,Active,Z ,1,INE890C01046,Other Food Products,Equity,Fast Moving Consumer Goods,Fast Moving Consumer Goods
519262,PRIMAGR,Prima Agro Ltd,Active,X ,10,INE297D01018,Other Agricultural Products,Equity,Fast Moving Consumer Goods,Fast Moving Consumer Goods
519279,MADHURIND,Madhur Industries Ltd,Active,XT,10,INE110C01015,Other Agricultural Products,Equity,Fast Moving Consumer Goods,Fast Moving Consumer Goods
519285,TARAI,Tarai Foods Ltd,Active,Z ,10,INE906C01016,Other Agricultural Products,Equity,Fast Moving Consumer Goods,Fast Moving Consumer Goods
519287,MODAIRY,Modern Dairies Ltd,Active,X ,10,INE617B01011,Dairy Products,Equity,Fast Moving Consumer Goods,Fast Moving Consumer Goods
519295,BAMBINO,Bambino Agro Industries Ltd,Active,X ,10,INE921D01013,Packaged Foods,Equity,Fast Moving Consumer Goods,Fast Moving Consumer Goods
519299,PRIMIND,Prime Industries Ltd,Active,XT,5,INE543F01028,Edible Oil,Equity,Fast Moving Consumer Goods,Fast Moving Consumer Goods
519307,VIKASWSP,Vikas WSP Ltd,Active,Z ,1,INE706A01022,Other Agricultural Products,Equity,Fast Moving Consumer Goods,Fast Moving Consumer Goods
519331,VSFPROJ,VSF Projects Ltd,Active,X ,10,INE923K01014,Civil Construction,Equity,Industrials,Construction
519353,BANSTEA,Bansisons Tea Industries Ltd,Active,ZP,10,INE856E01019,Tea & Coffee,Equity,Fast Moving Consumer Goods,Fast Moving Consumer Goods
519359,POONADAL,Poona Dal & Oil Industries Ltd,Active,X ,10,INE809E01018,Edible Oil,Equity,Fast Moving Consumer Goods,Fast Moving Consumer Goods
519367,TRANSFD,Transglobe Foods Ltd,Active,XT,10,INE213P01027,Other Beverages,Equity,Fast Moving Consumer Goods,Fast Moving Consumer Goods
519383,ANIKINDS,Anik Industries Ltd,Active,T ,10,INE087B01017,Trading & Distributors,Equity,Services,Services
519397,SHINDL,Sharat Industries Ltd,Active,X ,10,INE220Z01013,Seafood,Equity,Fast Moving Consumer Goods,Fast Moving Consumer Goods
519413,DATIWARE,Datiware Maritime Infra Ltd,Active,P ,10,INE673U01014,Shipping,Equity,Services,Services
519415,KMGMILK,KMG Milk Food Ltd,Active,P ,10,INE873N01015,Packaged Foods,Equity,Fast Moving Consumer Goods,Fast Moving Consumer Goods
519421,KSE,KSE Ltd,Active,X ,10,INE953E01014,Animal Feed,Equity,Fast Moving Consumer Goods,Fast Moving Consumer Goods
519439,PIONAGR,Pioneer Agro Extracts Ltd,Active,XT,10,INE062E01014,Edible Oil,Equity,Fast Moving Consumer Goods,Fast Moving Consumer Goods
519455,NARBADA,Narbada Gems and Jewellery Ltd,Active,X ,10,INE540C01021,Gems- Jewellery And Watches,Equity,Consumer Discretionary,Consumer Durables
519457,VIRATCRA,Virat Crane Industries Ltd,Active,X ,10,INE295C01014,Dairy Products,Equity,Fast Moving Consumer Goods,Fast Moving Consumer Goods
519463,IBINFO,IB Infotech Enterprises Ltd,Active,X ,10,INE678B01021,Other Agricultural Products,Equity,Fast Moving Consumer Goods,Fast Moving Consumer Goods
519471,AMBARPIL,Ambar Protein Industries Ltd,Active,X ,10,INE072V01017,Edible Oil,Equity,Fast Moving Consumer Goods,Fast Moving Consumer Goods
519475,CHORDIA,Chordia Food Products Ltd,Active,X ,10,INE975C01011,Packaged Foods,Equity,Fast Moving Consumer Goods,Fast Moving Consumer Goods
519477,CIANAGRO,CIAN Agro Industries & Infrastructure Ltd,Active,XT,10,INE052V01019,Edible Oil,Equity,Fast Moving Consumer Goods,Fast Moving Consumer Goods
519479,OMEAG,Omega Ag-Seeds Punjab Ltd,Active,XT,10,INE112B01013,Other Agricultural Products,Equity,Fast Moving Consumer Goods,Fast Moving Consumer Goods
519483,TAIIND,TAI Industries Ltd,Active,X ,10,INE358D01018,Trading & Distributors,Equity,Services,Services
519494,NKIND,NK Industries Ltd,Active,B ,10,INE542C01019,Edible Oil,Equity,Fast Moving Consumer Goods,Fast Moving Consumer Goods
519500,BKV,BKV Industries Ltd,Active,X ,1,INE356C01022,Packaged Foods,Equity,Fast Moving Consumer Goods,Fast Moving Consumer Goods
519506,NCCBLUE,NCC Bluewater Products Ltd,Active,P ,10,INE630N01019,Seafood,Equity,Fast Moving Consumer Goods,Fast Moving Consumer Goods
519528,NORBTEAEXP,Norben Tea & Exports Ltd,Active,T ,10,INE369C01017,Tea & Coffee,Equity,Fast Moving Consumer Goods,Fast Moving Consumer Goods
519532,ASIANTNE,Asian Tea & Exports Ltd,Active,X ,10,INE822B01017,Trading & Distributors,Equity,Services,Services
519552,HERITGFOOD,Heritage Foods Ltd,Active,A ,5,INE978A01027,Dairy Products,Equity,Fast Moving Consumer Goods,Fast Moving Consumer Goods
519566,SIMRAN,Simran Farms Ltd,Active,X ,10,INE354D01017,Meat Products including Poultry,Equity,Fast Moving Consumer Goods,Fast Moving Consumer Goods
519574,HINDUST,Hindustan Agrigenetics Ltd,Active,X ,10,INE092301014,Other Agricultural Products,Equity,Fast Moving Consumer Goods,Fast Moving Consumer Goods
519600,CCL,CCL Products (India) Ltd,Active,A ,2,INE421D01022,Tea & Coffee,Equity,Fast Moving Consumer Goods,Fast Moving Consumer Goods
519602,KELLTONTEC,Kellton Tech Solutions Ltd,Active,B ,5,INE164B01022,IT Enabled Services,Equity,Information Technology,Information Technology
519604,SURFI,Suryo Foods & Industries Ltd,Active,X ,10,INE565E01016,Packaged Foods,Equity,Fast Moving Consumer Goods,Fast Moving Consumer Goods
519606,INTEGFD,Integrated Proteins Ltd,Active,XT,10,INE177M01013,Edible Oil,Equity,Fast Moving Consumer Goods,Fast Moving Consumer Goods
519612,MAHAANF,Mahaan Foods Ltd,Active,XT,10,INE734D01010,Packaged Foods,Equity,Fast Moving Consumer Goods,Fast Moving Consumer Goods
520008,RICOAUTO,Rico Auto Industries Ltd,Active,B ,1,INE209B01025,Auto Components & Equipments,Equity,Consumer Discretionary,Automobile and Auto Components
520021,OMAXAUTO,Omax Autos Ltd,Active,B ,10,INE090B01011,Auto Components & Equipments,Equity,Consumer Discretionary,Automobile and Auto Components
520043,MUNJALSHOW,Munjal Showa Ltd,Active,B ,2,INE577A01027,Auto Components & Equipments,Equity,Consumer Discretionary,Automobile and Auto Components
520051,JAMNAAUTO,Jamna Auto Industries Ltd,Active,A ,1,INE039C01032,Auto Components & Equipments,Equity,Consumer Discretionary,Automobile and Auto Components
520056,TVSHLTD,TVS Holdings Ltd,Active,A ,5,INE105A01035,Investment Company,Equity,Financial Services,Financial Services
520057,JTEKTINDIA,Jtekt India Ltd,Active,B ,1,INE643A01035,Auto Components & Equipments,Equity,Consumer Discretionary,Automobile and Auto Components
520059,MUNJALAU,Munjal Auto Industries Ltd,Active,B ,2,INE672B01032,Auto Components & Equipments,Equity,Consumer Discretionary,Automobile and Auto Components
520066,JAYBARMARU,Jay Bharat Maruti Ltd,Active,B ,2,INE571B01036,Auto Components & Equipments,Equity,Consumer Discretionary,Automobile and Auto Components
520073,RACLGEAR,RACL Geartech Ltd,Active,B ,10,INE704B01017,Auto Components & Equipments,Equity,Consumer Discretionary,Automobile and Auto Components
520075,SAMKRG,Samkrg Pistons & Rings Ltd,Active,X ,10,INE706B01012,Auto Components & Equipments,Equity,Consumer Discretionary,Automobile and Auto Components
520081,ECSTSTL,Eastcoast Steel Ltd,Active,P ,10,INE315F01013,Iron & Steel Products,Equity,Industrials,Capital Goods
520111,RATNAMANI,Ratnamani Metals & Tubes Ltd,Active,A ,2,INE703B01027,Iron & Steel Products,Equity,Industrials,Capital Goods
520113,VESUVIUS,Vesuvius India Ltd,Active,A ,10,INE386A01015,Electrodes & Refractories,Equity,Industrials,Capital Goods
520119,ASAL,Automotive Stampings and Assemblies Ltd,Active,B ,10,INE900C01027,Auto Components & Equipments,Equity,Consumer Discretionary,Automobile and Auto Components
520121,ARCEEIN,Arcee Industries Ltd,Active,X ,10,INE276D01012,Plastic Products - Industrial,Equity,Industrials,Capital Goods
520123,ABCINDQ,ABC India Ltd,Active,X ,10,INE125D01011,Road Transport,Equity,Services,Services
520127,BALTE,Balurghat Technologies Ltd,Active,X ,10,INE654B01014,Road Transport,Equity,Services,Services
520131,COARO,Coastal Roadways Ltd,Active,P ,10,INE229E01019,Road Transport,Equity,Services,Services
520141,SIBARAUT,Sibar Auto Parts Ltd,Active,X ,10,INE441C01014,Auto Components & Equipments,Equity,Consumer Discretionary,Automobile and Auto Components
520151,TRANSWORLD,Transworld Shipping Lines Ltd,Active,B ,10,INE757B01015,Shipping,Equity,Services,Services
520155,STARLOG,Starlog Enterprises Ltd,Active,XT,10,INE580C01019,Port & Port services,Equity,Services,Services
521003,SHVSUIT,Shiva Suitings Ltd,Active,P ,10,INE02Z901011,Trading & Distributors,Equity,Services,Services
521005,TITANIN,Titan Intech Ltd,Active,XT,10,INE807M01023,IT Enabled Services,Equity,Information Technology,Information Technology
521014,EUROTEXIND,Eurotex Industries and Exports Ltd,Active,B ,10,INE022C01012,Other Textile Products,Equity,Consumer Discretionary,Textiles
521016,ICIL,Indo Count Industries Ltd,Active,A ,2,INE483B01026,Other Textile Products,Equity,Consumer Discretionary,Textiles
521018,MARALOVER,Maral Overseas Ltd,Active,B ,10,INE882A01013,Other Textile Products,Equity,Consumer Discretionary,Textiles
521034,SOMATEX,Soma Textiles & Industries Ltd,Active,B ,10,INE314C01013,Other Textile Products,Equity,Consumer Discretionary,Textiles
521048,ADVLIFE,Advance Lifestyles Ltd,Active,X ,10,INE900E01015,Other Textile Products,Equity,Consumer Discretionary,Textiles
521054,KAKTEX,Kakatiya Textiles Ltd,Active,X ,10,INE092E01011,Other Textile Products,Equity,Consumer Discretionary,Textiles
521062,OCTAVE,Perfect-Octave Media Projects Ltd,Active,X ,10,INE814L01013,TV Broadcasting & Software Production,Equity,Consumer Discretionary,"Media, Entertainment & Publication"
521064,TRIDENT,Trident Ltd,Active,A ,1,INE064C01022,Other Textile Products,Equity,Consumer Discretionary,Textiles
521068,HISARSP,Hisar Spinning Mills Ltd,Active,P ,10,INE689E01014,Other Textile Products,Equity,Consumer Discretionary,Textiles
521070,ALOKINDS,Alok Industries Ltd,Active,A ,1,INE270A01029,Other Textile Products,Equity,Consumer Discretionary,Textiles
521080,PASARI,Pasari Spinning Mills Ltd,Active,X ,10,INE604F01010,Other Textile Products,Equity,Consumer Discretionary,Textiles
521097,AMARJOTHI,Amarjothi Spinning Mills Ltd,Active,X ,10,INE484D01012,Other Textile Products,Equity,Consumer Discretionary,Textiles
521105,OLYMPTX,Olympia Industries Ltd,Active,X ,10,INE482O01021,Internet & Catalogue Retail,Equity,Consumer Discretionary,Consumer Services
521109,NAGREEKEXP,Nagreeka Exports Ltd,Active,B ,5,INE123B01028,Other Textile Products,Equity,Consumer Discretionary,Textiles
521113,SUDTIND-B,Suditi Industries Ltd,Active,XT,10,INE691D01012,Other Textile Products,Equity,Consumer Discretionary,Textiles
521131,SBFL,Shree Bhavya Fabrics Ltd,Active,X ,10,INE363D01018,Other Textile Products,Equity,Consumer Discretionary,Textiles
521133,GEMSPIN,Gem Spinners India Ltd,Active,P ,5,INE165F01020,Other Textile Products,Equity,Consumer Discretionary,Textiles
521137,EUREKAI,Eureka Industries Ltd,Active,XT,10,INE958A01011,Other Textile Products,Equity,Consumer Discretionary,Textiles
521141,ADITYASP,Aditya Spinners Ltd,Active,X ,10,INE122D01026,Other Textile Products,Equity,Consumer Discretionary,Textiles
521149,PRIMEURB,Prime Urban Development India Ltd,Active,XT,2,INE419E01024,Residential- Commercial Projects,Equity,Consumer Discretionary,Realty
521151,DHANFAB,Dhanlaxmi Fabrics Ltd,Active,X ,10,INE953D01016,Other Textile Products,Equity,Consumer Discretionary,Textiles
521161,SLSTLQ,Sri Lakshmi Saraswathi Textiles Arni Ltd,Active,X ,10,INE456D01010,Other Textile Products,Equity,Consumer Discretionary,Textiles
521163,ZODIACLOTH,Zodiac Clothing Company Ltd,Active,B ,10,INE206B01013,Garments & Apparels,Equity,Consumer Discretionary,Textiles
521178,SRMCL,Sri Ramakrishna Mills Coimbatore Ltd,Active,X ,10,INE306D01017,Other Textile Products,Equity,Consumer Discretionary,Textiles
521180,SUPERSPIN,Super Spinning Mills Ltd,Active,B ,1,INE662A01027,Other Textile Products,Equity,Consumer Discretionary,Textiles
521194,SILINV,SIL Investments Ltd,Active,B ,10,INE923A01015,Investment Company,Equity,Financial Services,Financial Services
521200,SURYALAXMI,Suryalakshmi Cotton Mills Ltd,Active,B ,10,INE713B01026,Other Textile Products,Equity,Consumer Discretionary,Textiles
521206,SAMTEX,Samtex Fashions Ltd,Active,X ,2,INE931D01020,Garments & Apparels,Equity,Consumer Discretionary,Textiles
521210,CITYMAN,Cityman Ltd,Active,X ,10,INE117C01010,Gems- Jewellery And Watches,Equity,Consumer Discretionary,Consumer Durables
521216,DHANROTO,Dhanalaxmi Roto Spinners Ltd,Active,X ,10,INE220C01012,Other Textile Products,Equity,Consumer Discretionary,Textiles
521220,DAMODARIND,Damodar Industries Ltd,Active,B ,5,INE497D01022,Other Textile Products,Equity,Consumer Discretionary,Textiles
521222,SANBLUE,Sanblue Corporation Ltd,Active,X ,10,INE602D01027,Trading - Textile Products,Equity,Consumer Discretionary,Textiles
521226,UNIROYAL,Uniroyal Industries Ltd,Active,X ,10,INE980D01019,Other Textile Products,Equity,Consumer Discretionary,Textiles
521228,TATIAGLOB,Tatia Global Vennture Ltd,Active,X ,1,INE083G01031,Residential- Commercial Projects,Equity,Consumer Discretionary,Realty
521232,SUNILTX,Sunil Industries Ltd,Active,P ,10,INE124M01015,Trading & Distributors,Equity,Services,Services
521234,SRINACHA,Sri Nachammai Cotton Mills Ltd,Active,X ,10,INE443E01016,Other Textile Products,Equity,Consumer Discretionary,Textiles
521238,BGDL,Bharat Global Developers Ltd,Active,T ,10,INE893C01032,Computers Hardware & Equipments,Equity,Information Technology,Information Technology
521240,SAMBANDAM,Sambandam Spinning Mills Ltd,Active,X ,10,INE304D01012,Other Textile Products,Equity,Consumer Discretionary,Textiles
521242,KANDAGIRI,Kandagiri Spinning Mills Ltd,Active,XT,10,INE292D01019,Other Textile Products,Equity,Consumer Discretionary,Textiles
521244,MKPMOB,MKP Mobility Ltd,Active,XT,10,INE676G01024,Other Textile Products,Equity,Consumer Discretionary,Textiles
521246,PARASPETRO,Paras Petrofils Ltd,Active,B ,1,INE162C01024,Investment Company,Equity,Financial Services,Financial Services
521248,KITEX,Kitex Garments Ltd,Active,B ,1,INE602G01020,Garments & Apparels,Equity,Consumer Discretionary,Textiles
522001,CRANEX,Cranex Ltd,Active,X ,10,INE608B01010,Industrial Products,Equity,Industrials,Capital Goods
522004,BATLIBOI,Batliboi Ltd,Active,X ,5,INE177C01022,Industrial Products,Equity,Industrials,Capital Goods
522005,AUSTENG,Austin Engineering Company Ltd,Active,X ,10,INE759F01012,Industrial Products,Equity,Industrials,Capital Goods
522014,UNIDT,United Drilling Tools Ltd,Active,B ,10,INE961D01019,Industrial Products,Equity,Industrials,Capital Goods
522017,FLUIDOM,Fluidomat Ltd,Active,X ,10,INE459C01016,Industrial Products,Equity,Industrials,Capital Goods
522027,EMAINDIA,EMA India Ltd,Active,XT,10,INE279D01016,Industrial Products,Equity,Industrials,Capital Goods
522029,WINDMACHIN,Windsor Machines Ltd,Active,B ,2,INE052A01021,Industrial Products,Equity,Industrials,Capital Goods
522034,SHANTIGEAR,Shanthi Gears Ltd,Active,B ,1,INE631A01022,Industrial Products,Equity,Industrials,Capital Goods
522036,MIVENMACH,Miven Machine Tools Ltd,Active,XT,10,INE338P01014,Industrial Products,Equity,Industrials,Capital Goods
522064,HONDAPOWER,Honda India Power Products Ltd,Active,B ,10,INE634A01018,Industrial Products,Equity,Industrials,Capital Goods
522073,HITECHGEAR,The Hi-Tech Gears Ltd,Active,T ,10,INE127B01011,Auto Components & Equipments,Equity,Consumer Discretionary,Automobile and Auto Components
522074,ELGIEQUIP,Elgi Equipments Ltd,Active,A ,1,INE285A01027,Compressors- Pumps & Diesel Engines,Equity,Industrials,Capital Goods
522091,UVDRHOR,United Van Der Horst Ltd,Active,X ,5,INE890G01021,Heavy Electrical Equipment,Equity,Industrials,Capital Goods
522101,KLBRENG-B,Kilburn Engineering Ltd,Active,B ,10,INE338F01015,Industrial Products,Equity,Industrials,Capital Goods
522105,BIRLAPREC,Birla Precision Technologies Ltd,Active,XT,2,INE372E01025,Industrial Products,Equity,Industrials,Capital Goods
522108,YUKEN,Yuken India Ltd,Active,B ,10,INE384C01016,Compressors- Pumps & Diesel Engines,Equity,Industrials,Capital Goods
522113,TIMKEN,Timken India Ltd,Active,A ,10,INE325A01013,Abrasives & Bearings,Equity,Industrials,Capital Goods
522122,VOITHPAPR,Voith Paper Fabrics India Ltd,Active,X ,10,INE285C01015,Other Textile Products,Equity,Consumer Discretionary,Textiles
522134,ARTSON,Artson Ltd,Active,XT,1,INE133D01023,Industrial Products,Equity,Industrials,Capital Goods
522152,SOLIMAC,Solitaire Machine Tools Ltd,Active,X ,10,INE410A01013,Industrial Products,Equity,Industrials,Capital Goods
522163,DIACABS,Diamond Power Infrastructure Ltd,Active,B ,1,INE989C01038,Other Electrical Equipment,Equity,Industrials,Capital Goods
522165,INDSILHYD,Indsil Hydro Power and Manganese Ltd,Active,X ,10,INE867D01018,Ferro & Silica Manganese,Equity,Commodities,Metals & Mining
522183,ITL,ITL Industries Ltd,Active,X ,10,INE478D01014,Industrial Products,Equity,Industrials,Capital Goods
522195,FRONTSP,Frontier Springs Ltd,Active,X ,10,INE572D01014,Auto Components & Equipments,Equity,Consumer Discretionary,Automobile and Auto Components
522205,PRAJIND,Praj Industries Ltd,Active,A ,2,INE074A01025,Industrial Products,Equity,Industrials,Capital Goods
522207,RASANDIK,Rasandik Engineering Industries India Ltd,Active,X ,10,INE682D01011,Auto Components & Equipments,Equity,Consumer Discretionary,Automobile and Auto Components
522209,YOGISUNG,Yogi Sungwon (India) Ltd,Active,X ,10,INE429B01011,Other Financial Services,Equity,Financial Services,Financial Services
522215,HLEGLAS,HLE Glascoat Ltd,Active,B ,2,INE461D01028,Industrial Products,Equity,Industrials,Capital Goods
522217,GUJAPOLLO,Gujarat Apollo Industries Ltd,Active,B ,10,INE826C01016,Industrial Products,Equity,Industrials,Capital Goods
522229,TANAA,Taneja Aerospace & Aviation Ltd,Active,T ,5,INE692C01020,Aerospace & Defense,Equity,Industrials,Capital Goods
522231,CONART,Conart Engineers Ltd,Active,XT,5,INE714D01020,Civil Construction,Equity,Industrials,Construction
522235,MINALIND,Minal Industries Ltd,Active,X ,2,INE097E01028,Trading & Distributors,Equity,Services,Services
522241,MMFL,MM Forgings Ltd,Active,B ,10,INE227C01017,Auto Components & Equipments,Equity,Consumer Discretionary,Automobile and Auto Components
522245,IYKOTHITE,Iykot Hitech Toolroom Ltd,Active,XT,5,INE079L01013,Industrial Products,Equity,Industrials,Capital Goods
522249,MAYURUNIQ,Mayur Uniquoters Ltd,Active,B ,5,INE040D01038,Leather And Leather Products,Equity,Consumer Discretionary,Consumer Durables
522251,CENLUB,Cenlub Industries Ltd,Active,X ,10,INE627F01011,Industrial Products,Equity,Industrials,Capital Goods
522257,RAJOOENG,Rajoo Engineers Ltd,Active,B ,1,INE535F01024,Industrial Products,Equity,Industrials,Capital Goods
522261,DOLPHIN,Dolphin Offshore Enterprises (India) Ltd,Active,T ,1,INE920A01037,Offshore Support Solution Drilling,Equity,Energy,"Oil, Gas & Consumable Fuels"
522267,VJLAXMIE,Veejay Lakshmi Engineering Works Ltd,Active,X ,10,INE466D01019,Industrial Products,Equity,Industrials,Capital Goods
522273,AHMDSTE,Ahmedabad Steelcraft Ltd,Active,XT,10,INE868C01018,Iron & Steel Products,Equity,Industrials,Capital Goods
522275,GVTD,GE Vernova T&D India Ltd,Active,B ,2,INE200A01026,Heavy Electrical Equipment,Equity,Industrials,Capital Goods
522281,RAMRAT,Ram Ratna Wires Ltd,Active,B ,5,INE207E01023,Other Electrical Equipment,Equity,Industrials,Capital Goods
522285,JAYNECOIND,Jayaswal Neco Industries Ltd,Active,B ,10,INE854B01010,Iron & Steel Products,Equity,Industrials,Capital Goods
522287,KPIL,Kalpataru Projects International Ltd,Active,A ,2,INE220B01022,Civil Construction,Equity,Industrials,Construction
522289,NMSRESRC,NMS Resources Global Ltd,Active,XT,10,INE169F01014,Trading & Distributors,Equity,Services,Services
522292,CANDOUR,Candour Techtex Ltd,Active,X ,10,INE713D01055,Plastic Products - Industrial,Equity,Industrials,Capital Goods
522294,TIGLOB,T & I Global Ltd,Active,X ,10,INE811B01010,Industrial Products,Equity,Industrials,Capital Goods
522295,CONTROLPR,Control Print Ltd,Active,B ,10,INE663B01015,Computers Hardware & Equipments,Equity,Information Technology,Information Technology
522650,BEMHY,Bemco Hydraulics Ltd ,Active,X ,10,INE142E01014,Industrial Products,Equity,Industrials,Capital Goods
523007,ANSALBU,Ansal Buildwell Ltd,Active,X ,10,INE030C01015,Residential- Commercial Projects,Equity,Consumer Discretionary,Realty
523011,WEIZMANIND,Weizmann Ltd,Active,B ,10,INE080A01014,Other Textile Products,Equity,Consumer Discretionary,Textiles
523019,BNRSEC,BN Rathi Securities Ltd,Active,XT,5,INE710D01028,Other Financial Services,Equity,Financial Services,Financial Services
523021,RISHITECH,Rishi Techtex Ltd,Active,X ,10,INE989D01010,Packaging,Equity,Industrials,Capital Goods
523023,SINCLAIR,Sinclairs Hotels Ltd,Active,B ,2,INE985A01022,Hotels & Resorts,Equity,Consumer Discretionary,Consumer Services
523025,SAFARI,Safari Industries India Ltd,Active,A ,2,INE429E01023,Plastic Products - Consumer,Equity,Consumer Discretionary,Consumer Durables
523031,ADSDIAG,A D S Diagnostics Ltd,Active,Y ,10,-,Healthcare Service Provider,Equity,Healthcare,Healthcare
523054,ZBINTXPP,Binayak Tex Processors Ltd,Active,XT,10,INE626H01019,Other Textile Products,Equity,Consumer Discretionary,Textiles
523062,JJFINCOR,JJ Finance Corporation Ltd,Active,XT,10,INE584C01011,Non Banking Financial Company (NBFC),Equity,Financial Services,Financial Services
523100,COSMOFE,Cosmo Ferrites Ltd,Active,X ,10,INE124B01018,Industrial Products,Equity,Industrials,Capital Goods
523105,CROPSTER,Cropster Agro Ltd,Active,B ,1,INE293E01031,Packaging,Equity,Industrials,Capital Goods
523116,SANCTRN,Sanco Trans Ltd,Active,X ,10,INE391G01012,Logistics Solution Provider,Equity,Services,Services
523120,ADORMUL,Ador Multiproducts Ltd,Active,XT,10,INE628D01014,Personal Care,Equity,Fast Moving Consumer Goods,Fast Moving Consumer Goods
523127,EIHAHOTELS,EIH Associated Hotels Ltd,Active,B ,10,INE276C01014,Hotels & Resorts,Equity,Consumer Discretionary,Consumer Services
523144,MEDICAPQ,Medi Caps Ltd,Active,X ,10,INE442D01010,Pharmaceuticals,Equity,Healthcare,Healthcare
523151,OTCO,OTCO International Ltd,Active,X ,2,INE910B01028,Consulting Services,Equity,Services,Services
523160,MORGANITE,Morganite Crucible India Ltd,Active,X ,5,INE599F01020,Electrodes & Refractories,Equity,Industrials,Capital Goods
523186,BAPACK,B&A Packaging India Ltd,Active,X ,10,INE00FM01013,Packaging,Equity,Industrials,Capital Goods
523204,ABAN,Aban Offshore Ltd,Active,T ,2,INE421A01028,Offshore Support Solution Drilling,Equity,Energy,"Oil, Gas & Consumable Fuels"
523207,KOKUYOCMLN,Kokuyo Camlin Ltd,Active,B ,1,INE760A01029,Stationary,Equity,Fast Moving Consumer Goods,Fast Moving Consumer Goods
523222,SRMENERGY,SRM Energy Ltd,Active,XT,10,INE173J01018,Power Generation,Equity,Utilities,Power
523229,BHARATSE,Bharat Seats Ltd,Active,B ,2,INE415D01024,Auto Components & Equipments,Equity,Consumer Discretionary,Automobile and Auto Components
523232,CONTPTR,Continental Petroleums Ltd,Active,X ,5,INE369D01023,Refineries & Marketing,Equity,Energy,"Oil, Gas & Consumable Fuels"
523242,NBFOOT,NB Footwear Ltd,Active,P ,10,INE006F01018,Leather And Leather Products,Equity,Consumer Discretionary,Consumer Durables
523248,MACPLASQ,Machino Plastics Ltd,Active,X ,10,INE082B01018,Auto Components & Equipments,Equity,Consumer Discretionary,Automobile and Auto Components
523260,PEARLPOLY,PEARL Polymers Ltd,Active,B ,10,INE844A01013,Plastic Products - Consumer,Equity,Consumer Discretionary,Consumer Durables
523261,VENKEYS,Venkys (India) Ltd,Active,B ,10,INE398A01010,Meat Products including Poultry,Equity,Fast Moving Consumer Goods,Fast Moving Consumer Goods
523269,ADVANIHOTR,Advani Hotels & Resorts (India) Ltd,Active,B ,2,INE199C01026,Hotels & Resorts,Equity,Consumer Discretionary,Consumer Services
523277,GVFILM,GV Films Ltd,Active,X ,1,INE395B01048,Film Production- Distribution & Exhibition,Equity,Consumer Discretionary,"Media, Entertainment & Publication"
523283,SUPERHOUSE,Superhouse Ltd,Active,B ,10,INE712B01010,Leather And Leather Products,Equity,Consumer Discretionary,Consumer Durables
523289,RAMAVISION,Rama Vision Ltd,Active,XT,10,INE763B01013,Trading & Distributors,Equity,Services,Services
523301,TCPLPACK,TCPL Packaging Ltd,Active,B ,10,INE822C01015,Packaging,Equity,Industrials,Capital Goods
523309,SHRIGANG,Shri Gang Industries & Allied Products Ltd,Active,X ,10,INE241V01018,Breweries & Distilleries,Equity,Fast Moving Consumer Goods,Fast Moving Consumer Goods
523315,PURITY,Purity Flexpack Ltd,Active,P ,10,INE898O01010,Paper & Paper Products,Equity,Commodities,Forest Materials
523319,BALMLAWRIE,Balmer Lawrie & Company Ltd,Active,A ,10,INE164A01016,Diversified,Equity,Diversified,Diversified
523323,KOVAI,Kovai Medical Center & Hospital Ltd,Active,B ,10,INE177F01017,Hospital,Equity,Healthcare,Healthcare
523329,ELDEHSG,Eldeco Housing & Industries Ltd,Active,B ,2,INE668G01021,Residential- Commercial Projects,Equity,Consumer Discretionary,Realty
523343,MICROSE,Microse India Ltd,Active,XT,10,INE809F01015,Non Banking Financial Company (NBFC),Equity,Financial Services,Financial Services
523367,DCMSHRIRAM,DCM Shriram Ltd,Active,A ,2,INE499A01024,Diversified,Equity,Diversified,Diversified
523369,DCMSRIND,DCM Shriram Industries Ltd,Active,B ,2,INE843D01027,Sugar,Equity,Fast Moving Consumer Goods,Fast Moving Consumer Goods
523371,MAWANASUG,Mawana Sugars Ltd,Active,B ,10,INE636A01039,Sugar,Equity,Fast Moving Consumer Goods,Fast Moving Consumer Goods
523373,MINID,Mini Diamonds India Ltd,Active,XT,10,INE281E01010,Gems- Jewellery And Watches,Equity,Consumer Discretionary,Consumer Durables
523384,MAHAPEXLTD,Maha Rashtra Apex Corporation Ltd,Active,B ,10,INE843B01013,Other Financial Services,Equity,Financial Services,Financial Services
523385,NILKAMAL,Nilkamal Ltd,Active,B ,10,INE310A01015,Plastic Products - Consumer,Equity,Consumer Discretionary,Consumer Durables
523391,NAHARPOLY,Nahar Polyfilms Ltd,Active,B ,5,INE308A01027,Packaging,Equity,Industrials,Capital Goods
523395,3MINDIA,3M India Ltd,Active,A ,10,INE470A01017,Diversified,Equity,Diversified,Diversified
523398,JCHAC,Johnson Controls-Hitachi Air Conditioning India Ltd,Active,B ,10,INE782A01015,Household Appliances,Equity,Consumer Discretionary,Consumer Durables
523405,JMFINANCIL,JM Financial Ltd,Active,A ,1,INE780C01023,Holding Company,Equity,Financial Services,Financial Services
523411,ADCINDIA,ADC India Communications Ltd,Active,X ,10,INE833A01016,Telecom -  Equipment & Accessories,Equity,Telecommunication,Telecommunication
523419,TNTELE,Tamilnadu Telecommunications Ltd,Active,B ,10,INE141D01018,Telecom -  Equipment & Accessories,Equity,Telecommunication,Telecommunication
523425,SUNRAJDI,Sunraj Diamond Exports Ltd,Active,XT,10,INE459D01014,Gems- Jewellery And Watches,Equity,Consumer Discretionary,Consumer Durables
523445,RIIL,Reliance Industrial Infrastructure Ltd,Active,A ,10,INE046A01015,Logistics Solution Provider,Equity,Services,Services
523449,SHARP,Sharp India Ltd,Active,XT,10,INE207B01011,Consumer Electronics,Equity,Consumer Discretionary,Consumer Durables
523457,LINDEINDIA,Linde India Ltd,Active,A ,10,INE473A01011,Industrial Gases,Equity,Commodities,Chemicals
523465,INDBNK,Ind Bank Housing Ltd,Active,B ,10,INE969D01012,Housing Finance Company,Equity,Financial Services,Financial Services
523467,JAIMATAG,Jai Mata Glass Ltd,Active,X ,1,INE250C01027,Other Construction Materials,Equity,Commodities,Construction Materials
523475,LOTUSCHO,Lotus Chocolate Company Ltd,Active,B ,10,INE026D01011,Packaged Foods,Equity,Fast Moving Consumer Goods,Fast Moving Consumer Goods
523483,PACIFICI,Pacific Industries Ltd,Active,X ,10,INE883C01025,Granites & Marbles,Equity,Consumer Discretionary,Consumer Durables
523489,CMMHOSP,Chennai Meenakshi Multispeciality Hospital Ltd,Active,X ,10,INE889F01017,Healthcare Service Provider,Equity,Healthcare,Healthcare
523519,UNIOFFICE,Universal Office Automation Ltd,Active,XT,10,INE951C01012,Trading & Distributors,Equity,Services,Services
523537,APMIN,APM Industries Ltd,Active,X ,2,INE170D01025,Other Textile Products,Equity,Consumer Discretionary,Textiles
523539,PRECWIRE,Precision Wires India Ltd,Active,B ,1,INE372C01037,Aluminium- Copper & Zinc Products,Equity,Industrials,Capital Goods
523550,KRYPTONQ,Krypton Industries Ltd,Active,XT,10,INE951B01014,Diversified,Equity,Diversified,Diversified
523558,SWISSMLTRY,Swiss Military Consumer Goods Ltd,Active,X ,2,INE010C01025,Diversified consumer products,Equity,Consumer Discretionary,Consumer Durables
523566,MARBU,Martin Burn Ltd,Active,X ,10,INE199D01016,Residential- Commercial Projects,Equity,Consumer Discretionary,Realty
523574,FEL,Future Enterprises Ltd,Active,Z ,2,INE623B01027,Diversified Retail,Equity,Consumer Discretionary,Consumer Services
523586,INDTONER,Indian Toners & Developers Ltd,Active,X ,10,INE826B01018,Specialty Chemicals,Equity,Commodities,Chemicals
523594,KUNSTOFF,Kunststoffe Industries Ltd,Active,X ,10,INE638D01021,Plastic Products - Industrial,Equity,Industrials,Capital Goods
523598,SCI,Shipping Corporation of India Ltd,Active,A ,10,INE109A01011,Shipping,Equity,Services,Services
523606,SIKA,Sika Interplant Systems Ltd,Active,B ,2,INE438E01032,Aerospace & Defense,Equity,Industrials,Capital Goods
523610,ITI,ITI Ltd,Active,A ,10,INE248A01017,Telecom -  Equipment & Accessories,Equity,Telecommunication,Telecommunication
523618,DREDGECORP,Dredging Corporation of India Ltd,Active,B ,10,INE506A01018,Dredging,Equity,Services,Services
523620,PHRMASI,Phaarmasia Ltd,Active,XT,10,INE486I01016,Pharmaceuticals,Equity,Healthcare,Healthcare
523630,NFL,National Fertilizers Ltd,Active,A ,10,INE870D01012,Fertilizers,Equity,Commodities,Chemicals
523638,IPRINGLTD,IP Rings Ltd,Active,X ,10,INE558A01019,Auto Components & Equipments,Equity,Consumer Discretionary,Automobile and Auto Components
523642,PIIND,PI Industries Ltd,Active,A ,1,INE603J01030,Pesticides & Agrochemicals,Equity,Commodities,Chemicals
523648,PLASTIBLEN,Plastiblends India Ltd,Active,B ,5,INE083C01022,Specialty Chemicals,Equity,Commodities,Chemicals
523650,YASHINNO,Yash Innoventures Ltd,Active,X ,10,INE823D01011,Diversified Commercial Services,Equity,Services,Services
523652,KKPLASTICK,Kkalpana Plastick Ltd,Active,X ,10,INE465K01016,Plastic Products - Industrial,Equity,Industrials,Capital Goods
523660,WATERBASE,Waterbase Ltd,Active,X ,10,INE054C01015,Seafood,Equity,Fast Moving Consumer Goods,Fast Moving Consumer Goods
523672,FLEXFO,Flex Foods Ltd,Active,XT,10,INE954B01018,Other Agricultural Products,Equity,Fast Moving Consumer Goods,Fast Moving Consumer Goods
523676,GOLKUNDIA,Golkunda Diamonds & Jewellery Ltd,Active,XT,10,INE798D01015,Gems- Jewellery And Watches,Equity,Consumer Discretionary,Consumer Durables
523694,APCOTEXIND,Apcotex Industries Ltd,Active,B ,2,INE116A01032,Rubber,Equity,Industrials,Capital Goods
523696,FORTISMLR,Fortis Malar Hospitals Ltd,Active,X ,10,INE842B01015,Hospital,Equity,Healthcare,Healthcare
523704,MASTEK,Mastek Ltd,Active,A ,5,INE759A01021,Computers - Software & Consulting,Equity,Information Technology,Information Technology
523708,EIMCOELECO,Eimco Elecon (India) Ltd,Active,B ,10,INE158B01016,Industrial Products,Equity,Industrials,Capital Goods
523710,SAYAJIHOTL,Sayaji Hotels Ltd,Active,X ,10,INE318C01014,Hotels & Resorts,Equity,Consumer Discretionary,Consumer Services
523716,ASHIANA,Ashiana Housing Ltd,Active,B ,2,INE365D01021,Residential- Commercial Projects,Equity,Consumer Discretionary,Realty
523722,SVAMSOF,Svam Software Ltd,Active,XT,10,INE119B01018,Software Products,Equity,Information Technology,Information Technology
523732,ECOBOAR,Ecoboard Industries Ltd,Active,XT,10,INE866A01016,Plywood Boards/ Laminates,Equity,Consumer Discretionary,Consumer Durables
523736,DVL,Dhunseri Ventures Ltd,Active,B ,10,INE477B01010,Diversified,Equity,Diversified,Diversified
523752,TIHIL,Trans India House Impex Ltd,Active,XT,10,INE502D01011,Industrial Products,Equity,Industrials,Capital Goods
523754,MAHEPC,Mahindra EPC Irrigation Ltd,Active,B ,10,INE215D01010,Industrial Products,Equity,Industrials,Capital Goods
523782,MITSHI,Mitshi India Ltd,Active,X ,10,INE844D01017,Trading & Distributors,Equity,Services,Services
523790,SHUKJEW,Shukra Jewellery Ltd,Active,P ,10,INE344E01016,Gems- Jewellery And Watches,Equity,Consumer Discretionary,Consumer Durables
523792,MAZDA,Mazda Ltd,Active,T ,2,INE885E01042,Industrial Products,Equity,Industrials,Capital Goods
523796,VHLTD,Viceroy Hotels Ltd,Active,T ,10,INE048C01025,Hotels & Resorts,Equity,Consumer Discretionary,Consumer Services
523826,SOVERDIA,Sovereign Diamonds Ltd,Active,X ,10,INE959D01013,Gems- Jewellery And Watches,Equity,Consumer Discretionary,Consumer Durables
523828,MENONBE,Menon Bearings Ltd,Active,B ,1,INE071D01033,Auto Components & Equipments,Equity,Consumer Discretionary,Automobile and Auto Components
523832,MUKATPIP,Mukat Pipes Ltd,Active,X ,5,INE862C01029,Iron & Steel Products,Equity,Industrials,Capital Goods
523836,GUJRAFFIA,Gujarat Raffia Industries Ltd,Active,T ,10,INE610B01024,Packaging,Equity,Industrials,Capital Goods
523838,SIMPLEXINF,Simplex Infrastructures Ltd,Active,B ,2,INE059B01024,Civil Construction,Equity,Industrials,Construction
523840,INNOVTEC,Innovative Tech Pack Ltd,Active,X ,1,INE965C01038,Packaging,Equity,Industrials,Capital Goods
523842,SUPTANERY,Super Tannery Ltd,Active,X ,1,INE460D01038,Leather And Leather Products,Equity,Consumer Discretionary,Consumer Durables
523844,CONSTRONIC,Constronics Infra Ltd,Active,X ,10,INE537B01011,Trading & Distributors,Equity,Services,Services
523850,AXTEL,Axtel Industries Ltd,Active,X ,10,INE767C01012,Industrial Products,Equity,Industrials,Capital Goods
523862,PIFL,Pacheli Industrial Finance Ltd,Active,XT,10,INE926B01016,Non Banking Financial Company (NBFC),Equity,Financial Services,Financial Services
523888,VRWODAR,VR Woodart Ltd,Active,Z ,10,INE317D01014,Tyres & Rubber Products,Equity,Consumer Discretionary,Automobile and Auto Components
523896,APIL,Avi Products India Ltd,Active,X ,10,INE316O01021,Trading & Distributors,Equity,Services,Services
524000,POONAWALLA,Poonawalla Fincorp Ltd,Active,A ,2,INE511C01022,Non Banking Financial Company (NBFC),Equity,Financial Services,Financial Services
524013,HINFLUR,Hindustan Fluorocarbons Ltd,Active,B ,10,INE806J01013,Commodity Chemicals,Equity,Commodities,Chemicals
524019,KINGFA,Kingfa Science & Technology (India) Ltd,Active,B ,10,INE473D01015,Plastic Products - Industrial,Equity,Industrials,Capital Goods
524031,PATIDAR,Patidar Buildcon Ltd,Active,X ,10,INE637N01014,Residential- Commercial Projects,Equity,Consumer Discretionary,Realty
524037,RAMAPHO,Rama Phosphates Ltd,Active,T ,5,INE809A01032,Fertilizers,Equity,Commodities,Chemicals
524038,VENLONENT,Venlon Enterprises Ltd,Active,X ,5,INE204D01022,Commodity Chemicals,Equity,Commodities,Chemicals
524046,PETPLST,Pet Plastics Ltd,Active,XT,10,INE704F01018,Plastic Products - Industrial,Equity,Industrials,Capital Goods
524051,POLYPLEX,Polyplex Corporation Ltd,Active,A ,10,INE633B01018,Packaging,Equity,Industrials,Capital Goods
524055,PANIDPR,Panther Industrial Products Ltd,Active,X ,10,INE181D01014,Trading & Distributors,Equity,Services,Services
524075,ALBERTDAVD,Albert David Ltd,Active,B ,10,INE155C01010,Pharmaceuticals,Equity,Healthcare,Healthcare
524080,HARLETH,Haryana Leather Chemicals Ltd,Active,X ,10,INE681F01018,Commodity Chemicals,Equity,Commodities,Chemicals
524091,CARYSIL,Carysil Ltd,Active,B ,2,INE482D01024,Household Appliances,Equity,Consumer Discretionary,Consumer Durables
524109,KABRAEXTRU,Kabra Extrusiontechnik Ltd,Active,T ,5,INE900B01029,Industrial Products,Equity,Industrials,Capital Goods
524129,VINYLINDIA,Vinyl Chemicals (India) Ltd,Active,B ,1,INE250B01029,Trading - Chemicals,Equity,Commodities,Chemicals
524136,PCCOSMA,Pee Cee Cosma Sope Ltd,Active,X ,10,INE417E01010,Household Products,Equity,Fast Moving Consumer Goods,Fast Moving Consumer Goods
524156,TCMLMTD,TCM Ltd,Active,X ,10,INE034F01010,Commodity Chemicals,Equity,Commodities,Chemicals
524164,IOLCP,IOL Chemicals & Pharmaceuticals Ltd,Active,B ,2,INE485C01029,Pharmaceuticals,Equity,Healthcare,Healthcare
524174,KESARPE,Kesar Petroproducts Ltd,Active,X ,1,INE133C01033,Commodity Chemicals,Equity,Commodities,Chemicals
524200,VINATIORGA,Vinati Organics Ltd,Active,A ,1,INE410B01037,Specialty Chemicals,Equity,Commodities,Chemicals
524202,LACTOSE,Lactose India Ltd,Active,XT,10,INE058I01013,Pharmaceuticals,Equity,Healthcare,Healthcare
524204,TEEAI,Teesta Agro Industries Ltd,Active,X ,10,INE757D01011,Fertilizers,Equity,Commodities,Chemicals
524208,AARTIIND,Aarti Industries Ltd,Active,A ,5,INE769A01020,Specialty Chemicals,Equity,Commodities,Chemicals
524210,PNTKYOR,Pentokey Organy India Ltd,Active,XT,10,INE702E01015,Commodity Chemicals,Equity,Commodities,Chemicals
524212,WANBURY,Wanbury Ltd,Active,B ,10,INE107F01022,Pharmaceuticals,Equity,Healthcare,Healthcare
524218,RESONANCE,Resonance Specialties Ltd,Active,X ,10,INE486D01017,Specialty Chemicals,Equity,Commodities,Chemicals
524226,GAEL,Gujarat Ambuja Exports Ltd,Active,A ,1,INE036B01030,Other Agricultural Products,Equity,Fast Moving Consumer Goods,Fast Moving Consumer Goods
524230,RCF,Rashtriya Chemicals and Fertilizers Ltd,Active,A ,10,INE027A01015,Fertilizers,Equity,Commodities,Chemicals
524238,GUJINJEC,Gujarat Inject Kerala Ltd,Active,X ,10,INE659F01014,Pharmaceuticals,Equity,Healthcare,Healthcare
524280,KOPRAN,Kopran Ltd,Active,B ,10,INE082A01010,Pharmaceuticals,Equity,Healthcare,Healthcare
524288,AIMCOPEST,Aimco Pesticides Ltd,Active,X ,10,INE008B01013,Pesticides & Agrochemicals,Equity,Commodities,Chemicals
524314,GUJTERC,Gujarat Terce Laboratories Ltd,Active,X ,10,INE499G01013,Pharmaceuticals,Equity,Healthcare,Healthcare
524330,JAYAGROGN,Jayant Agro Organics Ltd,Active,B ,5,INE785A01026,Specialty Chemicals,Equity,Commodities,Chemicals
524332,BCLIND,BCL Industries Ltd,Active,B ,1,INE412G01024,Breweries & Distilleries,Equity,Fast Moving Consumer Goods,Fast Moving Consumer Goods
524336,SHHARICH,Shree Hari Chemicals Export Ltd,Active,X ,10,INE065E01017,Commodity Chemicals,Equity,Commodities,Chemicals
524342,INDOBORAX,Indo Borax & Chemicals Ltd,Active,B ,1,INE803D01021,Commodity Chemicals,Equity,Commodities,Chemicals
524348,AARTIDRUGS,Aarti Drugs Ltd,Active,B ,10,INE767A01016,Pharmaceuticals,Equity,Healthcare,Healthcare
524370,BODALCHEM,Bodal Chemicals Ltd,Active,B ,2,INE338D01028,Dyes And Pigments,Equity,Commodities,Chemicals
524372,ORCHPHARMA,Orchid Pharma Ltd,Active,A ,10,INE191A01027,Pharmaceuticals,Equity,Healthcare,Healthcare
524394,VIMTALABS,Vimta Labs Ltd,Active,B ,2,INE579C01029,Healthcare Research- Analytics & Technology,Equity,Healthcare,Healthcare
524396,BIOFILCHEM,Biofil Chemicals & Pharmaceuticals Ltd,Active,B ,10,INE829A01014,Pharmaceuticals,Equity,Healthcare,Healthcare
524400,ISHITADR,Ishita Drugs & Industries Ltd,Active,X ,10,INE806D01016,Pharmaceuticals,Equity,Healthcare,Healthcare
524404,MARKSANS,Marksans Pharma Ltd,Active,A ,1,INE750C01026,Pharmaceuticals,Equity,Healthcare,Healthcare
524408,UNIVSTAR,Universal Starch Chem Allied Ltd,Active,X ,10,INE113E01015,Other Agricultural Products,Equity,Fast Moving Consumer Goods,Fast Moving Consumer Goods
524412,AAREYDRUGS,Aarey Drugs & Pharmaceuticals Ltd,Active,B ,10,INE198H01019,Pharmaceuticals,Equity,Healthcare,Healthcare
524414,NORRIS,Norris Medicines Ltd,Active,X ,10,INE744C01029,Trading & Distributors,Equity,Services,Services
524434,ASINPET,Asian Petroproducts & Exports Ltd,Active,X ,10,INE810M01019,Commodity Chemicals,Equity,Commodities,Chemicals
524440,CAMEXLTD,Camex Ltd,Active,XT,10,INE198C01010,Commodity Chemicals,Equity,Commodities,Chemicals
524444,EVEXIA,Evexia Lifecare Ltd,Active,X ,1,INE313M01030,Edible Oil,Equity,Fast Moving Consumer Goods,Fast Moving Consumer Goods
524458,INDOEURO,Indo Euro Indchem Ltd,Active,X ,10,INE319N01019,Specialty Chemicals,Equity,Commodities,Chemicals
524470,SYNCOMF,Syncom Formulations India Ltd,Active,B ,1,INE312C01025,Pharmaceuticals,Equity,Healthcare,Healthcare
524480,RIDDHI,Riddhi Siddhi Gluco Biols Ltd,Active,X ,10,INE249D01019,Trading & Distributors,Equity,Services,Services
524488,SVCIND,SVC INDUSTRIES Ltd,Active,X ,10,INE038B01010,Diversified Commercial Services,Equity,Services,Services
524494,IPCALAB,Ipca Laboratories Ltd,Active,A ,1,INE571A01038,Pharmaceuticals,Equity,Healthcare,Healthcare
524500,KILITCH,Kilitch Drugs India Ltd,Active,B ,10,INE729D01010,Pharmaceuticals,Equity,Healthcare,Healthcare
524502,RAAJMEDI,Raaj Medisafe India Ltd,Active,P ,10,INE548H01015,Packaging,Equity,Industrials,Capital Goods
524504,REVAORG,Revati Organics Ltd,Active,X ,10,INE270D01015,Trading & Distributors,Equity,Services,Services
524506,CORALAB,Coral Laboratories Ltd,Active,X ,10,INE683E01017,Pharmaceuticals,Equity,Healthcare,Healthcare
524514,TULASEEBIOE,Tulasee Bio Ethanol Ltd,Active,ZP,10,INE276N01011,Commodity Chemicals,Equity,Commodities,Chemicals
524516,BACPHAR,Bacil Pharma Ltd,Active,XT,10,INE711D01018,Pharmaceuticals,Equity,Healthcare,Healthcare
524518,KREBSBIO,Krebs Biochemicals & Industries Ltd,Active,B ,10,INE268B01013,Pharmaceuticals,Equity,Healthcare,Healthcare
524520,KMCSHIL,KMC Speciality Hospitals (India) Ltd,Active,B ,1,INE879K01018,Hospital,Equity,Healthcare,Healthcare
524522,LAFFANSQ,Laffans Petrochemicals Ltd,Active,X ,10,INE919B01011,Trading - Chemicals,Equity,Commodities,Chemicals
524534,BHASKAGR,Bhaskar Agrochemicals Ltd,Active,X ,10,INE972C01018,Pesticides & Agrochemicals,Equity,Commodities,Chemicals
524542,SUKHJITS,Sukhjit Starch & Chemicals Ltd,Active,B ,5,INE450E01029,Other Agricultural Products,Equity,Fast Moving Consumer Goods,Fast Moving Consumer Goods
524546,SATAGRI,Satiate Agri Ltd,Active,P ,10,INE06DM01015,Pharmaceuticals,Equity,Healthcare,Healthcare
524548,SHARMEH,Sharma East India Hospitals & Medical Research Ltd,Active,XT,10,INE465H01012,Healthcare Service Provider,Equity,Healthcare,Healthcare
524558,NEULANDLAB,Neuland Laboratories Ltd,Active,A ,10,INE794A01010,Pharmaceuticals,Equity,Healthcare,Healthcare
524564,GAYATRIBI,Gayatri BioOrganics Ltd,Active,X ,10,INE052E01015,Commodity Chemicals,Equity,Commodities,Chemicals
524570,PODDARMENT,Poddar Pigments Ltd,Active,B ,10,INE371C01013,Dyes And Pigments,Equity,Commodities,Chemicals
524572,PHARMAID,Pharmaids Pharmaceuticals Ltd,Active,X ,10,INE117D01018,Pharmaceuticals,Equity,Healthcare,Healthcare
524576,VIVIDIND,Vivid Global Industries Ltd,Active,X ,5,INE737C01023,Commodity Chemicals,Equity,Commodities,Chemicals
524580,PRIYALT,Priya Ltd,Active,XT,10,INE686C01014,Trading & Distributors,Equity,Services,Services
524582,TIRUSTA,Tirupati Starch & Chemicals Ltd,Active,X ,10,INE314D01011,Other Food Products,Equity,Fast Moving Consumer Goods,Fast Moving Consumer Goods
524590,HEMORGANIC,Hemo Organic Ltd,Active,X ,10,INE422G01015,Trading & Distributors,Equity,Services,Services
524592,JAYSYNTH,Jaysynth Orgochem Ltd,Active,X ,1,INE263B01022,Specialty Chemicals,Equity,Commodities,Chemicals
524594,AEONXDIGI,Aeonx Digital Technology Ltd,Active,X ,10,INE994D01010,Trading - Minerals,Equity,Commodities,Metals & Mining
524598,AKSHARCHEM,AksharChem India Ltd,Active,B ,10,INE542B01011,Dyes And Pigments,Equity,Commodities,Chemicals
524602,BANDARAM,Bandaram Pharma Packtech Ltd,Active,X ,10,INE875N01036,Healthcare Service Provider,Equity,Healthcare,Healthcare
524604,ADLINE,Adline Chem Lab Ltd,Active,P ,10,INE276T01018,Pharmaceuticals,Equity,Healthcare,Healthcare
524606,BERLDRG,Beryl Drugs Ltd,Active,XT,10,INE415H01017,Pharmaceuticals,Equity,Healthcare,Healthcare
524614,INDXTRA,IEL Ltd,Active,X ,1,INE056E01024,Other Food Products,Equity,Fast Moving Consumer Goods,Fast Moving Consumer Goods
524624,GAGAN,Gagan Gases Ltd,Active,X ,10,INE076D01016,Industrial Gases,Equity,Commodities,Chemicals
524628,PARKERAC,Parker Agrochem Exports Ltd,Active,X ,10,INE750B01010,Trading & Distributors,Equity,Services,Services
524632,SHUKRAPHAR,Shukra Pharmaceuticals Ltd,Active,XT,1,INE551C01044,Pharmaceuticals,Equity,Healthcare,Healthcare
524634,ALUFLUOR,Alufluoride Ltd,Active,X ,10,INE058F01019,Commodity Chemicals,Equity,Commodities,Chemicals
524636,OXYGENTAPH,Oxygenta Pharmaceutical Ltd,Active,X ,10,INE102E01018,Pharmaceuticals,Equity,Healthcare,Healthcare
524640,ARCHITORG,Archit Organosys Ltd,Active,X ,10,INE078I01011,Commodity Chemicals,Equity,Commodities,Chemicals
524642,SIKOZY,Sikozy Realtors Ltd,Active,X ,1,INE528E01022,Residential- Commercial Projects,Equity,Consumer Discretionary,Realty
524648,INDOAMIN,Indo Amines Ltd,Active,B ,5,INE760F01028,Specialty Chemicals,Equity,Commodities,Chemicals
524652,INDSWFTLTD,Ind-Swift Ltd,Active,B ,2,INE788B01028,Pharmaceuticals,Equity,Healthcare,Healthcare
524654,NATCAPSUQ,Natural Capsules Ltd,Active,B ,10,INE936B01015,Pharmaceuticals,Equity,Healthcare,Healthcare
524661,WELCURE,Welcure Drugs & Pharmaceuticals Ltd,Active,X ,10,INE331C01017,Pharmaceuticals,Equity,Healthcare,Healthcare
524663,BIBCL,Bharat Immunologicals & Biologicals Corporation Ltd,Active,B ,10,INE994B01014,Pharmaceuticals,Equity,Healthcare,Healthcare
524667,SOTL,Savita Oil Technologies Ltd,Active,B ,2,INE035D01020,Lubricants,Equity,Energy,"Oil, Gas & Consumable Fuels"
524669,HESTERBIO,Hester Biosciences Ltd,Active,B ,10,INE782E01017,Pharmaceuticals,Equity,Healthcare,Healthcare
524675,KABSON,Kabsons Industries Ltd,Active,X ,10,INE645C01010,Trading & Distributors,Equity,Services,Services
524687,BASANTGL,Basant Agro Tech India Ltd,Active,X ,1,INE473E01021,Fertilizers,Equity,Commodities,Chemicals
524703,SANDUPHQ,Sandu Pharmaceuticals Ltd,Active,X ,10,INE751D01014,Pharmaceuticals,Equity,Healthcare,Healthcare
524709,NACLIND,NACL Industries Ltd,Active,T ,1,INE295D01020,Pesticides & Agrochemicals,Equity,Commodities,Chemicals
524711,VISTAPH,Vista Pharmaceuticals Ltd,Active,Z ,2,INE427C01021,Pharmaceuticals,Equity,Healthcare,Healthcare
524715,SUNPHARMA,Sun Pharmaceutical Industries Ltd,Active,A ,1,INE044A01036,Pharmaceuticals,Equity,Healthcare,Healthcare
524717,TITANBIO,Titan Biotech Ltd,Active,X ,10,INE150C01011,Specialty Chemicals,Equity,Commodities,Chemicals
524723,BIJHANS,Bijoy Hans Ltd,Active,X ,10,INE491D01017,Trading & Distributors,Equity,Services,Services
524727,SDL,Span Divergent Ltd,Active,X ,10,INE004E01016,Pharmaceuticals,Equity,Healthcare,Healthcare
524731,JENBURPH,Jenburkt Pharmaceuticals Ltd,Active,X ,10,INE354A01013,Pharmaceuticals,Equity,Healthcare,Healthcare
524735,HIKAL,Hikal Ltd,Active,B ,2,INE475B01022,Pharmaceuticals,Equity,Healthcare,Healthcare
524742,CAPLIPOINT,Caplin Point Laboratories Ltd,Active,A ,2,INE475E01026,Pharmaceuticals,Equity,Healthcare,Healthcare
524743,FISCHER,Fischer Medical Ventures Ltd,Active,B ,10,INE771F01025,Commodity Chemicals,Equity,Commodities,Chemicals
524748,LINKPH,Link Pharma Chem Ltd,Active,X ,10,INE302F01011,Commodity Chemicals,Equity,Commodities,Chemicals
524752,DECIPHER,Decipher Labs Ltd,Active,X ,10,INE643N01012,Pharmaceuticals,Equity,Healthcare,Healthcare
524768,EMMESSA,Emmessar Biotech & Nutrition Ltd,Active,X ,10,INE634B01016,Commodity Chemicals,Equity,Commodities,Chemicals
524774,NGLFINE,NGL Fine Chem Ltd,Active,T ,5,INE887E01022,Pharmaceuticals,Equity,Healthcare,Healthcare
524790,EVERESTO,Everest Organics Ltd,Active,XT,10,INE334C01029,Pharmaceuticals,Equity,Healthcare,Healthcare
524804,AUROPHARMA,Aurobindo Pharma Ltd,Active,A ,1,INE406A01037,Pharmaceuticals,Equity,Healthcare,Healthcare
524808,PHYTO,Phyto Chem India Ltd,Active,X ,10,INE037C01010,Pesticides & Agrochemicals,Equity,Commodities,Chemicals
524816,NATCOPHARM,Natco Pharma Ltd,Active,A ,2,INE987B01026,Pharmaceuticals,Equity,Healthcare,Healthcare
524818,DYNAMIND,Dynamic Industries Ltd,Active,X ,10,INE457C01010,Specialty Chemicals,Equity,Commodities,Chemicals
524820,PANAMAPET,Panama Petrochem Ltd,Active,B ,2,INE305C01029,Lubricants,Equity,Energy,"Oil, Gas & Consumable Fuels"
524824,BALPHARMA,Bal Pharma Ltd,Active,B ,10,INE083D01012,Pharmaceuticals,Equity,Healthcare,Healthcare
524828,BDH,BDH Industries Ltd,Active,X ,10,INE278D01018,Pharmaceuticals,Equity,Healthcare,Healthcare
526001,JAUSPOL,Jauss Polymers Ltd,Active,X ,10,INE593O01017,Packaging,Equity,Industrials,Capital Goods
526025,GLOBUSCON,Globus Constructors & Developers Ltd,Active,X ,10,INE064L01015,Power Generation,Equity,Utilities,Power
526027,CUBEXTUB,Cubex Tubings Ltd,Active,B ,10,INE144D01012,Aluminium- Copper & Zinc Products,Equity,Industrials,Capital Goods
526043,POLYCHMP,Polymechplast Machines Ltd,Active,X ,10,INE809B01014,Industrial Products,Equity,Industrials,Capital Goods
526071,STELLANT,Stellant Securities (India) Ltd,Active,XT,10,INE395F01023,Other Financial Services,Equity,Financial Services,Financial Services
526073,GALXBRG,Galaxy Bearings Ltd,Active,X ,10,INE020S01012,Abrasives & Bearings,Equity,Industrials,Capital Goods
526081,SCAGRO,SC Agrotech Ltd,Active,X ,10,INE895E01017,Dairy Products,Equity,Fast Moving Consumer Goods,Fast Moving Consumer Goods
526095,RALEGRA,Ravileela Granites Ltd,Active,X ,10,INE427E01027,Other Construction Materials,Equity,Commodities,Construction Materials
526113,UNRYLMA,Uniroyal Marine Exports Ltd,Active,X ,10,INE602H01010,Seafood,Equity,Fast Moving Consumer Goods,Fast Moving Consumer Goods
526115,KARANWO,Karan Woo Sin Ltd,Active,XT,10,INE327D01013,Gems- Jewellery And Watches,Equity,Consumer Discretionary,Consumer Durables
526117,SHERVANI,Shervani Industrial Syndicate Ltd,Active,X ,10,INE011D01013,Residential- Commercial Projects,Equity,Consumer Discretionary,Realty
526125,BNHOLDINGS,BN Holdings Ltd,Active,X ,10,INE00HZ01011,Trading & Distributors,Equity,Services,Services
526133,SUPERTEX,Supertex Industries Ltd,Active,XT,10,INE881B01054,Other Textile Products,Equity,Consumer Discretionary,Textiles
526137,SHETR,Shetron Ltd,Active,X ,10,INE278C01010,Packaging,Equity,Industrials,Capital Goods
526139,TRABI,Transgene Biotek Ltd,Active,XT,10,INE773D01018,Healthcare Service Provider,Equity,Healthcare,Healthcare
526143,MPL,Mpl Plastics Ltd,Active,X ,10,INE343A01016,Packaging,Equity,Industrials,Capital Goods
526159,NIKHILAD,Nikhil Adhesives Ltd,Active,X ,1,INE926C01022,Specialty Chemicals,Equity,Commodities,Chemicals
526161,SPENTA,Spenta International Ltd,Active,X ,10,INE175C01018,Garments & Apparels,Equity,Consumer Discretionary,Textiles
526169,MULTIBASE,Multibase India Ltd,Active,X ,10,INE678F01014,Specialty Chemicals,Equity,Commodities,Chemicals
526173,ANDREWYU,Andrew Yule & Company Ltd,Active,B ,2,INE449C01025,Tea & Coffee,Equity,Fast Moving Consumer Goods,Fast Moving Consumer Goods
526179,LUDLOWJUT,Ludlow Jute & Specialities Ltd,Active,XT,10,INE983C01015,Jute & Jute Products,Equity,Commodities,Forest Materials
526187,ASHRAM,Ashram Online.Com Ltd,Active,X ,10,INE293C01019,Healthcare Service Provider,Equity,Healthcare,Healthcare
526193,ROYALCU,Royal Cushion Vinyl Products Ltd,Active,X ,10,INE618A01011,Granites & Marbles,Equity,Consumer Discretionary,Consumer Durables
526211,SURJIND,Suraj Industries Ltd,Active,X ,10,INE170U01011,Edible Oil,Equity,Fast Moving Consumer Goods,Fast Moving Consumer Goods
526217,HITECHCORP,Hitech Corporation Ltd,Active,B ,10,INE120D01012,Packaging,Equity,Industrials,Capital Goods
526225,BLOOM,Bloom Dekor Ltd,Active,XT,10,INE253C01013,Plastic Products - Industrial,Equity,Industrials,Capital Goods
526227,FILATEX,Filatex India Ltd,Active,B ,1,INE816B01035,Other Textile Products,Equity,Consumer Discretionary,Textiles
526231,STDSFAC,Standard Surfactants Ltd,Active,X ,10,INE307D01015,Commodity Chemicals,Equity,Commodities,Chemicals
526237,MORGAN,Morgan Ventures Ltd,Active,X ,10,INE902C01015,Non Banking Financial Company (NBFC),Equity,Financial Services,Financial Services
526241,AMRAPLIN,Amrapali Industries Ltd,Active,X ,5,INE762C01021,Trading & Distributors,Equity,Services,Services
526247,PREMEXPLN,Premier Explosives Ltd,Active,B ,2,INE863B01029,Explosives,Equity,Commodities,Chemicals
526251,MIDEASTP,Mid East Portfolio Management Ltd,Active,X ,10,INE033E01015,Other Financial Services,Equity,Financial Services,Financial Services
526263,MOLDTECH,Mold-Tek Technologies Ltd,Active,B ,2,INE835B01035,Civil Construction,Equity,Industrials,Construction
526269,CRSTCHM,Crestchem Ltd,Active,XT,10,INE293N01016,Specialty Chemicals,Equity,Commodities,Chemicals
526299,MPHASIS,Mphasis Ltd,Active,A ,10,INE356A01018,Computers - Software & Consulting,Equity,Information Technology,Information Technology
526301,MEDINOV,Medinova Diagnostic Services Ltd,Active,X ,10,INE047C01019,Healthcare Service Provider,Equity,Healthcare,Healthcare
526315,DIVSHKT,Divyashakti Ltd,Active,X ,10,INE410G01010,Other Construction Materials,Equity,Commodities,Construction Materials
526325,ORIENTLTD,Orient Press Ltd,Active,B ,10,INE609C01024,Packaging,Equity,Industrials,Capital Goods
526335,SHREYASI,Shreyas Intermediates Ltd,Active,X ,10,INE115F01017,Commodity Chemicals,Equity,Commodities,Chemicals
526345,PANJON,Panjon Ltd,Active,XT,10,INE744D01019,Packaged Foods,Equity,Fast Moving Consumer Goods,Fast Moving Consumer Goods
526349,NIRBHAYIND,Nirbhay Colours India Ltd,Active,ZP,10,INE218T01010,Auto Components & Equipments,Equity,Consumer Discretionary,Automobile and Auto Components
526355,DUROPACK,Duro Pack Ltd,Active,X ,10,INE138B01018,Plastic Products - Industrial,Equity,Industrials,Capital Goods
526365,SWARNSAR,Swarnsarita Jewels India Ltd,Active,X ,10,INE967A01012,Gems- Jewellery And Watches,Equity,Consumer Discretionary,Consumer Durables
526367,GANESHHOUC,Ganesh Housing Corporation Ltd,Active,B ,10,INE460C01014,Residential- Commercial Projects,Equity,Consumer Discretionary,Realty
526371,NMDC,NMDC Ltd,Active,A ,1,INE584A01023,Industrial Minerals,Equity,Commodities,Metals & Mining
526373,CINDHO,Cindrella Hotels Ltd,Active,X ,10,INE908C01012,Hotels & Resorts,Equity,Consumer Discretionary,Consumer Services
526381,PATINTLOG,Patel Integrated Logistics Ltd,Active,B ,10,INE529D01014,Logistics Solution Provider,Equity,Services,Services
526397,ALPHAGEO,Alphageo (India) Ltd,Active,T ,10,INE137C01018,Offshore Support Solution Drilling,Equity,Energy,"Oil, Gas & Consumable Fuels"
526407,HAMPTON,Hampton Sky Realty Ltd,Active,X ,1,INE299D01022,Residential- Commercial Projects,Equity,Consumer Discretionary,Realty
526409,KKALPANAIND,Kkalpana Industries (India) Ltd,Active,XT,2,INE301C01028,Specialty Chemicals,Equity,Commodities,Chemicals
526415,OKPLA,OK Play India Ltd,Active,X ,1,INE870B01024,Leisure Products,Equity,Consumer Discretionary,Consumer Durables
526423,KRITI,Kriti Industries India Ltd,Active,B ,1,INE479D01038,Plastic Products - Industrial,Equity,Industrials,Capital Goods
526433,ASMTEC,ASM Technologies Ltd,Active,B ,10,INE867C01010,Computers - Software & Consulting,Equity,Information Technology,Information Technology
526435,PERFEPA,Perfectpac Ltd,Active,X ,2,INE759I01024,Paper & Paper Products,Equity,Commodities,Forest Materials
526439,AMBIT,Ambitious Plastomac Company Ltd,Active,X ,10,INE267C01013,Trading & Distributors,Equity,Services,Services
526441,VISIONCINE,Vision Cinemas Ltd,Active,X ,1,INE515B01025,Advertising & Media Agencies,Equity,Consumer Discretionary,"Media, Entertainment & Publication"
526443,AEIM,Artificial Electronics Intelligent Material Ltd,Active,XT,10,INE072B01027,Software Products,Equity,Information Technology,Information Technology
526445,INDRANIB,Indrayani Biotech Ltd,Active,XT,10,INE007C01021,Other Agricultural Products,Equity,Fast Moving Consumer Goods,Fast Moving Consumer Goods
526468,EUROLED,Euro Leder Fashion Ltd,Active,X ,10,INE940E01011,Gems- Jewellery And Watches,Equity,Consumer Discretionary,Consumer Durables
526471,WINSOMBR,Winsome Breweries Ltd,Active,X ,10,INE391C01011,Breweries & Distilleries,Equity,Fast Moving Consumer Goods,Fast Moving Consumer Goods
526473,ELEFLOR,Elegant Floriculture & Agrotech India Ltd,Active,X ,10,INE152E01013,Other Agricultural Products,Equity,Fast Moving Consumer Goods,Fast Moving Consumer Goods
526479,SKYIND,Sky Industries Ltd,Active,X ,10,INE765B01018,Other Textile Products,Equity,Consumer Discretionary,Textiles
526481,PHOENXINTL,Phoenix International Ltd,Active,X ,10,INE245B01011,Diversified Commercial Services,Equity,Services,Services
526488,BHUDEVI,Bhudevi Infra Projects Ltd,Active,XT,10,INE432N01010,Residential- Commercial Projects,Equity,Consumer Discretionary,Realty
526490,PRATIK,Pratik Panels Ltd,Active,X ,1,INE206C01029,Forest Products,Equity,Commodities,Forest Materials
526492,RISHIROOP,Rishiroop Ltd,Active,XT,10,INE582D01013,Rubber,Equity,Industrials,Capital Goods
526494,PROMACT,Promact Impex Ltd,Active,X ,10,INE818D01011,Packaging,Equity,Industrials,Capital Goods
526500,STRGRENWO,Sterling Green Woods Ltd,Active,X ,10,INE398F01019,Hotels & Resorts,Equity,Consumer Discretionary,Consumer Services
526506,SYSTMTXC,Systematix Corporate Services Ltd,Active,B ,1,INE356B01024,Stockbroking & Allied,Equity,Financial Services,Financial Services
526508,SHAHISHIP,Shahi Shipping Ltd,Active,X ,10,INE825D01016,Shipping,Equity,Services,Services
526519,ALPINEHOU,Alpine Housing Development Corporation Ltd,Active,X ,10,INE840D01015,Residential- Commercial Projects,Equity,Consumer Discretionary,Realty
526521,SANGHIIND,Sanghi Industries Ltd,Active,B ,10,INE999B01013,Cement & Cement Products,Equity,Commodities,Construction Materials
526525,WWALUM,Worldwide Aluminium Ltd,Active,X ,10,INE550D01010,Trading & Distributors,Equity,Services,Services
526530,IIRM,IIRM Holdings India Ltd,Active,X ,5,INE670C01026,Consulting Services,Equity,Services,Services
526532,SFPIL,Square Four Projects India Ltd,Active,X ,5,INE716K01020,Commodity Chemicals,Equity,Commodities,Chemicals
526544,SGLRES,SGL Resources Ltd,Active,XT,2,INE967B01028,IT Enabled Services,Equity,Information Technology,Information Technology
526546,CHOKSILA,Choksi Laboratories Ltd,Active,X ,10,INE493D01013,Healthcare Service Provider,Equity,Healthcare,Healthcare
526550,CCHHL,Country Club Hospitality & Holidays Ltd,Active,B ,2,INE652F01027,Hotels & Resorts,Equity,Consumer Discretionary,Consumer Services
526568,LONTE,Longview Tea Company Ltd,Active,Z ,10,INE696E01019,Tea & Coffee,Equity,Fast Moving Consumer Goods,Fast Moving Consumer Goods
526570,MIDWEST,Midwest Gold Ltd,Active,XT,10,INE519N01014,Other Construction Materials,Equity,Commodities,Construction Materials
526574,ENTRINT,Enterprise International Ltd,Active,X ,10,INE439G01019,Trading & Distributors,Equity,Services,Services
526582,TPLPLASTEH,TPL Plastech Ltd,Active,B ,2,INE413G01022,Packaging,Equity,Industrials,Capital Goods
526586,WIMPLAST,Wim Plast Ltd,Active,X ,10,INE015B01018,Plastic Products - Consumer,Equity,Consumer Discretionary,Consumer Durables
526588,PHOTOQUP,Photoquip India Ltd,Active,X ,10,INE813B01016,Household Products,Equity,Fast Moving Consumer Goods,Fast Moving Consumer Goods
526596,LIBERTSHOE,Liberty Shoes Ltd,Active,B ,10,INE557B01019,Footwear,Equity,Consumer Discretionary,Consumer Durables
526604,LIPPISYS,Lippi Systems Ltd,Active,XT,10,INE845B01018,Industrial Products,Equity,Industrials,Capital Goods
526608,ELECTHERM,Electrotherm (India) Ltd,Active,T ,10,INE822G01016,Iron & Steel Products,Equity,Industrials,Capital Goods
526612,BLUEDART,Blue Dart Express Ltd,Active,A ,10,INE233B01017,Logistics Solution Provider,Equity,Services,Services
526614,EXPOGAS,Expo Gas Containers Ltd,Active,X ,4,INE561D01025,Other Industrial Products,Equity,Industrials,Capital Goods
526616,NATPLAS,National Plastic Industries Ltd,Active,X ,10,INE233D01013,Plastic Products - Industrial,Equity,Industrials,Capital Goods
526622,MFLINDIA,MFL India Ltd,Active,X ,1,INE244C01020,Logistics Solution Provider,Equity,Services,Services
526628,AJWAFUN,Ajwa Fun World & Resort Ltd,Active,P ,10,INE863E01015,Amusement Parks/ Other Recreation,Equity,Consumer Discretionary,Consumer Services
526638,TEXELIN,Texel Industries Ltd,Active,XT,10,INE594V01028,Plastic Products - Industrial,Equity,Industrials,Capital Goods
526640,RAYALEMA,Royale Manor Hotels & Industries Ltd,Active,X ,10,INE008C01011,Hotels & Resorts,Equity,Consumer Discretionary,Consumer Services
526642,MIRZAINT,Mirza International Ltd,Active,B ,2,INE771A01026,Leather And Leather Products,Equity,Consumer Discretionary,Consumer Durables
526650,TFCILTD,Tourism Finance Corporation of India Ltd,Active,A ,10,INE305A01015,Financial Institution,Equity,Financial Services,Financial Services
526654,THAKDEV,Thakkers Developers Ltd,Active,X ,10,INE403F01017,Residential- Commercial Projects,Equity,Consumer Discretionary,Realty
526662,ARENTERP,Rajdarshan Industries Ltd,Active,B ,10,INE610C01014,Trading - Minerals,Equity,Commodities,Metals & Mining
526666,BIL,Bhartiya International Ltd,Active,T ,10,INE828A01016,Leather And Leather Products,Equity,Consumer Discretionary,Consumer Durables
526668,KAMATHOTEL,Kamat Hotels (India) Ltd,Active,B ,10,INE967C01018,Hotels & Resorts,Equity,Consumer Discretionary,Consumer Services
526677,KEEPLEARN,DSJ keep Learning Ltd,Active,B ,1,INE055C01020,Education,Equity,Consumer Discretionary,Consumer Services
526703,ECOPLAST,Ecoplast Ltd,Active,X ,10,INE423D01010,Plastic Products - Industrial,Equity,Industrials,Capital Goods
526705,ELEMARB,Elegant Marbles & Grani Industries Ltd,Active,X ,10,INE095B01010,Granites & Marbles,Equity,Consumer Discretionary,Consumer Durables
526709,BITS,Bits Ltd,Active,XT,2,INE839A01021,Software Products,Equity,Information Technology,Information Technology
526711,ADARSHPL,Adarsh Plant Protect Ltd,Active,X ,10,INE627D01016,Pesticides & Agrochemicals,Equity,Commodities,Chemicals
526717,HPBL,HCP Plastene Bulkpack Ltd,Active,X ,10,INE136C01044,Packaging,Equity,Industrials,Capital Goods
526721,NICCOPAR,Nicco Parks & Resorts Ltd,Active,X ,1,INE653C01022,Amusement Parks/ Other Recreation,Equity,Consumer Discretionary,Consumer Services
526723,NTCIND,NTC Industries Ltd,Active,X ,10,INE920C01017,Cigarettes & Tobacco Products,Equity,Fast Moving Consumer Goods,Fast Moving Consumer Goods
526725,SANDESH,Sandesh Ltd,Active,B ,10,INE583B01015,Print Media,Equity,Consumer Discretionary,"Media, Entertainment & Publication"
526727,GARNET,Garnet Construction Ltd,Active,X ,10,INE797D01017,Residential- Commercial Projects,Equity,Consumer Discretionary,Realty
526729,GOLDIAM,Goldiam International Ltd,Active,B ,2,INE025B01025,Gems- Jewellery And Watches,Equity,Consumer Discretionary,Consumer Durables
526731,BRIGHTBR,Bright Brothers Ltd,Active,X ,10,INE630D01010,Plastic Products - Industrial,Equity,Industrials,Capital Goods
526739,SHAWGELTIN,Narmada Gelatines Ltd,Active,X ,10,INE869A01010,Specialty Chemicals,Equity,Commodities,Chemicals
526747,PGFOILQ,PG Foils Ltd,Active,X ,10,INE078D01012,Aluminium,Equity,Commodities,Metals & Mining
526751,GRATEXI,Gratex Industries Ltd,Active,X ,10,INE915E01013,Paper & Paper Products,Equity,Commodities,Forest Materials
526755,VELHO,Velan Hotels Ltd,Active,X ,10,INE548D01014,Hotels & Resorts,Equity,Consumer Discretionary,Consumer Services
526761,HOWARHO,Howard Hotels Ltd,Active,X ,10,INE931B01016,Hotels & Resorts,Equity,Consumer Discretionary,Consumer Services
526773,PRESSURS,Pressure Sensitive Systems India Ltd,Active,Z ,1,INE891E01024,Other Textile Products,Equity,Consumer Discretionary,Textiles
526775,VALIANT,Valiant Communications Ltd,Active,XT,10,INE760B01019,Telecom -  Equipment & Accessories,Equity,Telecommunication,Telecommunication
526783,DRAGARWQ,Dr Agarwals Eye Hospital Ltd,Active,B ,10,INE934C01018,Hospital,Equity,Healthcare,Healthcare
526795,MHSGRMS,Mahasagar Travels Ltd,Active,ZP,10,INE007G01014,Road Transport,Equity,Services,Services
526797,GREENPLY,Greenply Industries Ltd,Active,B ,1,INE461C01038,Plywood Boards/ Laminates,Equity,Consumer Discretionary,Consumer Durables
526807,SEAMECLTD,Seamec Ltd,Active,B ,10,INE497B01018,Shipping,Equity,Services,Services
526813,RAGHUNAT,Raghunath International Ltd,Active,X ,10,INE753B01014,Cigarettes & Tobacco Products,Equity,Fast Moving Consumer Goods,Fast Moving Consumer Goods
526817,CHEVIOT,Cheviot Company Ltd,Active,B ,10,INE974B01016,Jute & Jute Products,Equity,Commodities,Forest Materials
526821,DAICHI,Dai-Ichi Karkaria Ltd,Active,XT,10,INE928C01010,Specialty Chemicals,Equity,Commodities,Chemicals
526823,RAJINFRA,Rajeswari Infrastructure Ltd,Active,Z ,10,INE016C01014,Residential- Commercial Projects,Equity,Consumer Discretionary,Realty
526827,SPICEISLIN,Spice Islands Industries Ltd,Active,XT,10,INE882D01017,Gems- Jewellery And Watches,Equity,Consumer Discretionary,Consumer Durables
526829,CONFIPET,Confidence Petroleum India Ltd,Active,B ,1,INE552D01024,LPG/CNG/PNG/LNG Supplier,Equity,Energy,"Oil, Gas & Consumable Fuels"
526839,SIPL,Shelter Infra Projects Ltd,Active,X ,10,INE413C01013,Civil Construction,Equity,Industrials,Construction
526841,SHAKTIPR,Shakti Press Ltd,Active,X ,10,INE794C01016,Printing & Publication,Equity,Consumer Discretionary,"Media, Entertainment & Publication"
526847,ASHSI,Ashirwad Steels & Industries Ltd,Active,X ,10,INE338C01012,Iron & Steel Products,Equity,Industrials,Capital Goods
526849,BANARBEADS,Banaras Beads Ltd,Active,B ,10,INE655B01011,Gems- Jewellery And Watches,Equity,Consumer Discretionary,Consumer Durables
526851,AREXMIS,Arex Industries Ltd,Active,X ,10,INE480H01011,Other Textile Products,Equity,Consumer Discretionary,Textiles
526853,BI,Bilcare Ltd,Active,X ,10,INE986A01012,Healthcare Research- Analytics & Technology,Equity,Healthcare,Healthcare
526859,ISFL,ISF Ltd,Active,XT,1,INE973B01026,Non Banking Financial Company (NBFC),Equity,Financial Services,Financial Services
526861,RISHILASE,Rishi Laser Ltd,Active,X ,10,INE988D01012,Industrial Products,Equity,Industrials,Capital Goods
526865,JAINCO,Jainco Projects India Ltd,Active,XT,10,INE966C01010,Trading & Distributors,Equity,Services,Services
526871,INTECCAP,Intec Capital Ltd,Active,X ,10,INE017E01018,Non Banking Financial Company (NBFC),Equity,Financial Services,Financial Services
526873,RAJGASES,Rajasthan Gases Ltd,Active,X ,3,INE184D01026,Refineries & Marketing,Equity,Energy,"Oil, Gas & Consumable Fuels"
526877,SIDDHEGA,Siddheswari Garments Ltd,Active,X ,10,INE797C01019,Trading & Distributors,Equity,Services,Services
526881,63MOONS,63 Moons Technologies Ltd,Active,B ,2,INE111B01023,Computers - Software & Consulting,Equity,Information Technology,Information Technology
526883,SHIKHAR,Shikhar Consultants Ltd,Active,XT,10,INE641B01011,Non Banking Financial Company (NBFC),Equity,Financial Services,Financial Services
526885,SARLAPOLY,Sarla Performance Fibers Ltd,Active,B ,1,INE453D01025,Other Textile Products,Equity,Consumer Discretionary,Textiles
526891,MKTCREAT,Market Creators Ltd,Active,X ,10,INE944C01017,Other Financial Services,Equity,Financial Services,Financial Services
526899,HFIL,Himalaya Food International Ltd,Active,X ,10,INE552B01010,Other Agricultural Products,Equity,Fast Moving Consumer Goods,Fast Moving Consumer Goods
526901,SONALAD,Sonal Adhesives Ltd,Active,X ,10,INE344I01017,Commodity Chemicals,Equity,Commodities,Chemicals
526905,PADMAIND,Padmanabh Industries Ltd,Active,XT,10,INE743D01011,Commodity Chemicals,Equity,Commodities,Chemicals
526921,21STCENMGM,Twentyfirst Century Management Services Ltd,Active,B ,10,INE253B01015,Other Capital Market related Services,Equity,Financial Services,Financial Services
526931,HRYNSHP,Hariyana Ship Breakers Ltd,Active,X ,10,INE400G01011,Ship Building & Allied Services,Equity,Industrials,Capital Goods
526935,ARUNIS,Arunis Abode Ltd,Active,XT,10,INE377D01018,Other Financial Services,Equity,Financial Services,Financial Services
526945,TYROON,Tyroon Tea Company Ltd,Active,X ,10,INE945B01016,Tea & Coffee,Equity,Fast Moving Consumer Goods,Fast Moving Consumer Goods
526947,LAOPALA,La Opala RG Ltd,Active,B ,2,INE059D01020,Glass - Consumer,Equity,Consumer Discretionary,Consumer Durables
526951,STYLAMIND,Stylam Industries Ltd,Active,B ,5,INE239C01020,Plywood Boards/ Laminates,Equity,Consumer Discretionary,Consumer Durables
526953,VENUSREM,Venus Remedies Ltd,Active,B ,10,INE411B01019,Pharmaceuticals,Equity,Healthcare,Healthcare
526961,LASTMILE,Last Mile Enterprises Ltd,Active,B ,1,INE404B01022,Non Banking Financial Company (NBFC),Equity,Financial Services,Financial Services
526965,GUJCRAFT,Gujarat Craft Industries Ltd,Active,X ,10,INE372D01019,Packaging,Equity,Industrials,Capital Goods
526967,HEERAISP,Heera Ispat Ltd,Active,Z ,10,INE025D01013,Iron & Steel Products,Equity,Industrials,Capital Goods
526971,DHOOTIN,Dhoot Industrial Finance Ltd,Active,X ,10,INE313G01016,Trading & Distributors,Equity,Services,Services
526977,CRIMSON,Crimson Metal Engineering Company Ltd,Active,P ,10,INE318P01016,Iron & Steel Products,Equity,Industrials,Capital Goods
526981,SHBAJRG,Shri Bajrang Alliance Ltd,Active,X ,10,INE402H01015,Iron & Steel Products,Equity,Industrials,Capital Goods
526983,ASHOKRE,Ashoka Refineries Ltd,Active,P ,10,INE760M01016,Other Agricultural Products,Equity,Fast Moving Consumer Goods,Fast Moving Consumer Goods
526987,URJA,Urja Global Ltd,Active,B ,1,INE550C01020,Other Electrical Equipment,Equity,Industrials,Capital Goods
527001,ASHAPURMIN,Ashapura Minechem Ltd,Active,B ,2,INE348A01023,Industrial Minerals,Equity,Commodities,Metals & Mining
527005,SHREEPAC,Shree Pacetronix Ltd,Active,XT,10,INE847D01010,Medical Equipment & Supplies,Equity,Healthcare,Healthcare
530001,GUJALKALI,Gujarat Alkalies and Chemicals Ltd,Active,B ,10,INE186A01019,Commodity Chemicals,Equity,Commodities,Chemicals
530005,INDIACEM,India Cements Ltd,Active,A ,10,INE383A01012,Cement & Cement Products,Equity,Commodities,Construction Materials
530007,JKTYRE,JK Tyre & Industries Ltd,Active,A ,2,INE573A01042,Tyres & Rubber Products,Equity,Consumer Discretionary,Automobile and Auto Components
530011,MANGCHEFER,Mangalore Chemicals & Fertilizers Ltd,Active,B ,10,INE558B01017,Fertilizers,Equity,Commodities,Chemicals
530017,SIL,Standard Industries Ltd,Active,B ,5,INE173A01025,Real Estate related services,Equity,Consumer Discretionary,Realty
530019,JUBLPHARMA,Jubilant Pharmova Ltd,Active,A ,1,INE700A01033,Pharmaceuticals,Equity,Healthcare,Healthcare
530023,THEINVEST,The Investment Trust Of India Ltd,Active,B ,10,INE924D01017,Other Financial Services,Equity,Financial Services,Financial Services
530025,SAMYAKINT,Samyak International Ltd,Active,X ,10,INE607G01011,Diversified Commercial Services,Equity,Services,Services
530027,AADIIND,Aadi Industries Ltd,Active,X ,10,INE563D01013,Petrochemicals,Equity,Commodities,Chemicals
530037,SREEJAYA,Sree Jayalakshmi Auto Spin Ltd,Active,XT,10,INE618F01010,Other Textile Products,Equity,Consumer Discretionary,Textiles
530043,ACKNIT,Acknit Industries Ltd,Active,X ,10,INE326C01017,Other Textile Products,Equity,Consumer Discretionary,Textiles
530045,TITANSEC,Titan Securities Ltd,Active,X ,10,INE090D01017,Non Banking Financial Company (NBFC),Equity,Financial Services,Financial Services
530053,REALECO,Real Eco-Energy Ltd,Active,X ,2,INE055E01034,Refineries & Marketing,Equity,Energy,"Oil, Gas & Consumable Fuels"
530055,HRMNYCP,Harmony Capital Service Ltd,Active,X ,10,INE264N01017,Diversified Commercial Services,Equity,Services,Services
530057,VIVANZA,Vivanza Biosciences Ltd,Active,XT,1,INE984E01035,Pharmaceuticals,Equity,Healthcare,Healthcare
530063,YASHRAJC,Yashraj Containeurs Ltd,Active,XT,10,INE095C01018,Packaging,Equity,Industrials,Capital Goods
530065,LORDSHOTL,Lords Ishwar Hotels Ltd,Active,X ,10,INE689J01013,Hotels & Resorts,Equity,Consumer Discretionary,Consumer Services
530067,CSLFINANCE,CSL Finance Ltd,Active,B ,10,INE718F01018,Non Banking Financial Company (NBFC),Equity,Financial Services,Financial Services
530073,SANGHVIMOV,Sanghvi Movers Ltd,Active,B ,1,INE989A01032,Diversified Commercial Services,Equity,Services,Services
530075,SELAN,Selan Exploration Technology Ltd,Active,B ,10,INE818A01017,Oil Exploration & Production,Equity,Energy,"Oil, Gas & Consumable Fuels"
530077,PURETROP,Puretrop Fruits  Ltd,Active,X ,10,INE795D01011,Other Agricultural Products,Equity,Fast Moving Consumer Goods,Fast Moving Consumer Goods
530079,FAZE3Q,Faze Three Ltd,Active,B ,10,INE963C01033,Other Textile Products,Equity,Consumer Discretionary,Textiles
530093,ACEEDU,ACE Edutrend Ltd,Active,Z ,10,INE715F01014,Education,Equity,Consumer Discretionary,Consumer Services
530095,PRADHIN,Pradhin Ltd,Active,X ,1,INE656B01027,Iron & Steel Products,Equity,Industrials,Capital Goods
530109,ANUPAM,Anupam Finserv Ltd,Active,X ,1,INE069B01023,Non Banking Financial Company (NBFC),Equity,Financial Services,Financial Services
530111,RAJPACK,Raj Packaging Industries Ltd,Active,X ,10,INE639C01013,Packaging,Equity,Industrials,Capital Goods
530117,PRIVISCL,Privi Speciality Chemicals Ltd,Active,B ,10,INE959A01019,Specialty Chemicals,Equity,Commodities,Chemicals
530119,NATRAJPR,Natraj Proteins Ltd,Active,X ,10,INE444D01016,Edible Oil,Equity,Fast Moving Consumer Goods,Fast Moving Consumer Goods
530125,SAMRATPH,Samrat Pharmachem Ltd,Active,X ,10,INE103E01016,Pharmaceuticals,Equity,Healthcare,Healthcare
530127,NPRFIN,NPR Finance Ltd,Active,X ,10,INE446D01011,Other Financial Services,Equity,Financial Services,Financial Services
530129,NILE,Nile Ltd,Active,X ,10,INE445D01013,Industrial Minerals,Equity,Commodities,Metals & Mining
530131,UDAICEMENT,Udaipur Cement Works Ltd,Active,B ,4,INE225C01029,Cement & Cement Products,Equity,Commodities,Construction Materials
530133,AMCOIND,Amco India Ltd,Active,X ,10,INE924B01011,Aluminium- Copper & Zinc Products,Equity,Industrials,Capital Goods
530135,OPTIEMUS,Optiemus Infracom Ltd,Active,B ,10,INE350C01017,Telecom -  Equipment & Accessories,Equity,Telecommunication,Telecommunication
530139,KREONFIN,Kreon Finnancial Services Ltd,Active,X ,10,INE302C01018,Non Banking Financial Company (NBFC),Equity,Financial Services,Financial Services
530141,GYANDEV,Gyan Developers & Builders Ltd,Active,XT,10,INE487G01018,Residential- Commercial Projects,Equity,Consumer Discretionary,Realty
530145,KISAN,Kisan Mouldings Ltd,Active,X ,10,INE017C01012,Plastic Products - Industrial,Equity,Industrials,Capital Goods
530161,GARODCH,Garodia Chemicals Ltd,Active,P ,10,INE236P01010,Trading & Distributors,Equity,Services,Services
530163,KERALAYUR,Kerala Ayurveda Ltd,Active,X ,10,INE817B01025,Pharmaceuticals,Equity,Healthcare,Healthcare
530167,MONGIPA,Moongipa Capital Finance Ltd,Active,X ,10,INE153K01018,Non Banking Financial Company (NBFC),Equity,Financial Services,Financial Services
530169,MOHITPPR,Mohit Paper Mills Ltd,Active,X ,10,INE388C01017,Paper & Paper Products,Equity,Commodities,Forest Materials
530171,DAULAT,Daulat Securities Ltd,Active,X ,10,INE108C01019,Other Financial Services,Equity,Financial Services,Financial Services
530173,OSCARGLO,Oscar Global Ltd,Active,X ,10,INE473F01010,Gems- Jewellery And Watches,Equity,Consumer Discretionary,Consumer Durables
530175,ODYSSEY,Odyssey Technologies Ltd,Active,X ,10,INE213B01019,Software Products,Equity,Information Technology,Information Technology
530179,RSCINT,RSC International Ltd,Active,XT,10,INE015F01019,Other Textile Products,Equity,Consumer Discretionary,Textiles
530185,SURATRAML,Surat Trade and Mercantile Ltd,Active,X ,1,INE936A01025,Other Textile Products,Equity,Consumer Discretionary,Textiles
530187,ATHARVENT,Atharv Enterprises Ltd,Active,X ,10,INE354E01031,Non Banking Financial Company (NBFC),Equity,Financial Services,Financial Services
530197,FUNDVISER,Fundviser Capital (India) Ltd,Active,X ,10,INE365H01014,Investment Company,Equity,Financial Services,Financial Services
530199,THEMISMED,Themis Medicare Ltd,Active,B ,1,INE083B01024,Pharmaceuticals,Equity,Healthcare,Healthcare
530201,KALLAM,Kallam Textiles Ltd,Active,X ,2,INE629F01025,Other Textile Products,Equity,Consumer Discretionary,Textiles
530207,BRAWN,Brawn Biotech Ltd,Active,X ,10,INE899B01015,Pharmaceuticals,Equity,Healthcare,Healthcare
530213,FORINTL,Fortune International Ltd,Active,X ,10,INE501D01013,Trading & Distributors,Equity,Services,Services
530215,KINGSINFR,Kings Infra Ventures Ltd,Active,X ,10,INE050N01010,Seafood,Equity,Fast Moving Consumer Goods,Fast Moving Consumer Goods
530217,SWOJAS,Swojas Foods Ltd,Active,X ,10,INE295B01016,Packaged Foods,Equity,Fast Moving Consumer Goods,Fast Moving Consumer Goods
530231,SUBSM,Subhash Silk Mills Ltd,Active,XT,10,INE690D01014,Other Textile Products,Equity,Consumer Discretionary,Textiles
530233,AUROLAB,Auro Laboratories Ltd,Active,X ,10,INE292C01011,Pharmaceuticals,Equity,Healthcare,Healthcare
530235,KJMCFIN,KJMC Financial Services Ltd,Active,X ,10,INE533C01018,Non Banking Financial Company (NBFC),Equity,Financial Services,Financial Services
530239,SUVEN,Suven Life Sciences Ltd,Active,B ,1,INE495B01038,Healthcare Research- Analytics & Technology,Equity,Healthcare,Healthcare
530245,ARYAMAN,Aryaman Financial Services Ltd,Active,X ,10,INE032E01017,Non Banking Financial Company (NBFC),Equity,Financial Services,Financial Services
530249,BRIDGESE,Bridge Securities Ltd,Active,X ,1,INE958C01025,Other Financial Services,Equity,Financial Services,Financial Services
530251,RISAINTL,Risa International Ltd,Active,X ,2,INE001O01029,Trading & Distributors,Equity,Services,Services
530253,RAJTUBE,Rajasthan Tube Manufacturing Company Ltd,Active,XT,1,INE497E01020,Iron & Steel Products,Equity,Industrials,Capital Goods
530255,KAYPOWR,Kay Power and Paper Ltd,Active,XT,10,INE961B01013,Paper & Paper Products,Equity,Commodities,Forest Materials
530259,INTSTOIL,Inter State Oil Carrier Ltd,Active,X ,10,INE003B01014,Road Transport,Equity,Services,Services
530263,GLOBALCA,Global Capital Markets Ltd,Active,X ,1,INE062C01042,Non Banking Financial Company (NBFC),Equity,Financial Services,Financial Services
530265,SAINIK,Sainik Finance & Industries Ltd,Active,X ,10,INE584B01013,Cement & Cement Products,Equity,Commodities,Construction Materials
530267,ARIGATO,Arigato Universe Ltd,Active,XT,10,INE021N01011,Industrial Products,Equity,Industrials,Capital Goods
530271,RICHUNV,Rich Universe Network Ltd,Active,X ,10,INE652D01014,Non Banking Financial Company (NBFC),Equity,Financial Services,Financial Services
530281,QUANTDIA,Quantum Digital Vision India Ltd,Active,X ,10,INE373C01019,Packaging,Equity,Industrials,Capital Goods
530289,SPCAPIT,SP Capital Financing Ltd,Active,X ,10,INE102F01015,Diversified Commercial Services,Equity,Services,Services
530291,PAOS,Paos Industries Ltd,Active,XT,10,INE791C01012,Edible Oil,Equity,Fast Moving Consumer Goods,Fast Moving Consumer Goods
530295,SHRAJOI,Shree Rajiv Lochan Oil Extraction Ltd,Active,XT,10,INE418K01015,Other Agricultural Products,Equity,Fast Moving Consumer Goods,Fast Moving Consumer Goods
530299,KOTHARIPRO,Kothari Products Ltd,Active,B ,10,INE823A01017,Trading & Distributors,Equity,Services,Services
530305,PICCADIL,Piccadily Agro Industries Ltd,Active,B ,10,INE546C01010,Sugar,Equity,Fast Moving Consumer Goods,Fast Moving Consumer Goods
530307,CLSEL,Chaman Lal Setia Exports Ltd,Active,B ,2,INE419D01026,Other Agricultural Products,Equity,Fast Moving Consumer Goods,Fast Moving Consumer Goods
530309,CHANDRAP,Chandra Prabhu International Ltd,Active,X ,2,INE368D01025,Trading & Distributors,Equity,Services,Services
530313,KIMIABL,Kimia Biosciences Ltd,Active,X ,1,INE285U01025,Pharmaceuticals,Equity,Healthcare,Healthcare
530315,HINDTIN,Hindustan Tin Works Ltd,Active,X ,10,INE428D01019,Packaging,Equity,Industrials,Capital Goods
530317,GODAVARI,Godavari Drugs Ltd,Active,X ,10,INE362C01012,Pharmaceuticals,Equity,Healthcare,Healthcare
530331,PREMCO,Premco Global Ltd,Active,X ,10,INE001E01012,Other Textile Products,Equity,Consumer Discretionary,Textiles
530341,MUKESHB,Mukesh Babu Financial Services Ltd,Active,X ,10,INE596B01017,Non Banking Financial Company (NBFC),Equity,Financial Services,Financial Services
530343,GENUSPOWER,Genus Power Infrastructures Ltd,Active,A ,1,INE955D01029,Other Electrical Equipment,Equity,Industrials,Capital Goods
530355,ASIANENE,Asian Energy Services Ltd,Active,B ,10,INE276G01015,Oil Equipment & Services,Equity,Energy,"Oil, Gas & Consumable Fuels"
530357,KBSINDIA,KBS India Ltd,Active,X ,1,INE883D01023,Other Financial Services,Equity,Financial Services,Financial Services
530361,PRABHHANS,Prabhhans Industries Ltd,Active,XT,10,INE428P01013,Other Textile Products,Equity,Consumer Discretionary,Textiles
530363,UGARSUGAR,Ugar Sugar Works Ltd,Active,B ,1,INE071E01023,Sugar,Equity,Fast Moving Consumer Goods,Fast Moving Consumer Goods
530365,ORIENTBELL,Orient Bell Ltd,Active,B ,10,INE607D01018,Ceramics,Equity,Consumer Discretionary,Consumer Durables
530367,NRBBEARING,NRB Bearings Ltd,Active,B ,2,INE349A01021,Auto Components & Equipments,Equity,Consumer Discretionary,Automobile and Auto Components
530369,VAMSHIRU,Vamshi Rubber Ltd,Active,X ,10,INE380C01014,Tyres & Rubber Products,Equity,Consumer Discretionary,Automobile and Auto Components
530377,NILAINFRA,Nila Infrastructures Ltd,Active,B ,1,INE937C01029,Residential- Commercial Projects,Equity,Consumer Discretionary,Realty
530393,DBSTOCKBRO,DB International Stock Brokers Ltd,Active,B ,2,INE921B01025,Stockbroking & Allied,Equity,Financial Services,Financial Services
530401,VINYOFL,Vinyoflex Ltd,Active,X ,10,INE526H01011,Commodity Chemicals,Equity,Commodities,Chemicals
530405,JINDCAP,Jindal Capital Ltd,Active,X ,10,INE356F01017,Other Financial Services,Equity,Financial Services,Financial Services
530407,EPIC,EPIC Energy Ltd,Active,XT,10,INE932F01015,Non Banking Financial Company (NBFC),Equity,Financial Services,Financial Services
530419,SUMEDHA,Sumedha Fiscal Services Ltd,Active,X ,10,INE886B01012,Other Financial Services,Equity,Financial Services,Financial Services
530421,KUWERIN,Kuwer Industries Ltd,Active,XT,10,INE430F01010,Commodity Chemicals,Equity,Commodities,Chemicals
530427,CHOKSI,Choksi Asia Ltd,Active,X ,10,INE865B01016,Household Products,Equity,Fast Moving Consumer Goods,Fast Moving Consumer Goods
530429,ASHISHPO,Ashish Polyplast Ltd,Active,X ,10,INE831C01016,Plastic Products - Industrial,Equity,Industrials,Capital Goods
530433,SHIVAAGRO,Shiva Global Agro Industries Ltd,Active,X ,10,INE960E01019,Fertilizers,Equity,Commodities,Chemicals
530439,SIDDHA,Siddha Ventures Ltd,Active,X ,10,INE140C01012,Non Banking Financial Company (NBFC),Equity,Financial Services,Financial Services
530443,KIRANSY-B,Kiran Syntex Ltd,Active,XT,10,INE293D01017,Other Textile Products,Equity,Consumer Discretionary,Textiles
530445,SUMERUIND,Sumeru Industries Ltd,Active,X ,1,INE764B01029,Trading & Distributors,Equity,Services,Services
530449,RUNGTAIR,Rungta Irrigation Ltd,Active,X ,10,INE347C01013,Plastic Products - Industrial,Equity,Industrials,Capital Goods
530457,GTTDATA,GTT Data Solutions Ltd,Active,X ,10,INE959B01017,Computers - Software & Consulting,Equity,Information Technology,Information Technology
530459,VALSONQ,Valson Industries Ltd,Active,X ,10,INE808A01018,Other Textile Products,Equity,Consumer Discretionary,Textiles
530461,SABOOSOD,Saboo Sodium Chloro Ltd,Active,X ,10,INE440C01016,Other Food Products,Equity,Fast Moving Consumer Goods,Fast Moving Consumer Goods
530469,GSLSEC,GSL Securities Ltd,Active,XT,10,INE721D01017,Non Banking Financial Company (NBFC),Equity,Financial Services,Financial Services
530475,TINNARUBR,Tinna Rubber and Infrastructure Ltd,Active,B ,10,INE015C01016,Rubber,Equity,Industrials,Capital Goods
530477,VIKRAMTH,Vikram Thermo India Ltd,Active,X ,10,INE337E01010,Commodity Chemicals,Equity,Commodities,Chemicals
530495,STRATMONT,Stratmont Industries Ltd,Active,XT,10,INE473C01025,Trading & Distributors,Equity,Services,Services
530499,AKCAPIT,AK Capital Services Ltd,Active,X ,10,INE701G01012,Non Banking Financial Company (NBFC),Equity,Financial Services,Financial Services
530517,RELAXO,Relaxo Footwears Ltd,Active,A ,1,INE131B01039,Footwear,Equity,Consumer Discretionary,Consumer Durables
530521,VIRAT,Virat Industries Ltd,Active,XT,10,INE467D01017,Garments & Apparels,Equity,Consumer Discretionary,Textiles
530525,RRETAIL,Rajnish Retail Ltd,Active,X ,1,INE786J01033,Gems- Jewellery And Watches,Equity,Consumer Discretionary,Consumer Durables
530533,TERAI,Terai Tea Company Ltd,Active,X ,10,INE390D01011,Tea & Coffee,Equity,Fast Moving Consumer Goods,Fast Moving Consumer Goods
530537,MANRAJH,Manraj Housing Finance Ltd,Active,Z ,10,INE948I01015,Housing Finance Company,Equity,Financial Services,Financial Services
530545,COSCO,Cosco India Ltd,Active,X ,10,INE949B01018,Leisure Products,Equity,Consumer Discretionary,Consumer Durables
530547,KENFIN,Ken Financial Services Ltd,Active,X ,10,INE395E01018,Non Banking Financial Company (NBFC),Equity,Financial Services,Financial Services
530549,SHILPAMED,Shilpa Medicare Ltd,Active,A ,1,INE790G01031,Pharmaceuticals,Equity,Healthcare,Healthcare
530555,PARACABLES,Paramount Communications Ltd,Active,B ,2,INE074B01023,Cables - Electricals,Equity,Industrials,Capital Goods
530557,NCLRESE,NCL Research & Financial Services Ltd,Active,X ,1,INE132F01038,Non Banking Financial Company (NBFC),Equity,Financial Services,Financial Services
530565,POPEES,Popees Cares Ltd,Active,XT,10,INE149B01015,Garments & Apparels,Equity,Consumer Discretionary,Textiles
530571,EXPLICITFIN,Explicit Finance Ltd,Active,XT,10,INE335G01019,Diversified Commercial Services,Equity,Services,Services
530577,LADDERUP,Ladderup Finance Ltd,Active,X ,10,INE519D01015,Non Banking Financial Company (NBFC),Equity,Financial Services,Financial Services
530579,UYFINCORP,U. Y. Fincorp Ltd,Active,B ,5,INE152C01025,Non Banking Financial Company (NBFC),Equity,Financial Services,Financial Services
530581,EKAMLEA,Ekam Leasing & Finance Company Ltd,Active,XT,5,INE906L01025,Diversified Commercial Services,Equity,Services,Services
530585,SWASTIKA,Swastika Investsmart Ltd,Active,X ,2,INE691C01022,Stockbroking & Allied,Equity,Financial Services,Financial Services
530589,PRIMAPLA,Prima Plastics Ltd,Active,X ,10,INE573B01016,Plastic Products - Consumer,Equity,Consumer Discretionary,Consumer Durables
530601,JAGSONFI,Jagsonpal Finance & Leasing Ltd,Active,XT,10,INE582C01015,Non Banking Financial Company (NBFC),Equity,Financial Services,Financial Services
530615,GARGFUR,Garg Furnace Ltd,Active,X ,10,INE194E01015,Iron & Steel Products,Equity,Industrials,Capital Goods
530617,SAMPRE,Sampre Nutritions Ltd,Active,XT,10,INE375C01014,Packaged Foods,Equity,Fast Moving Consumer Goods,Fast Moving Consumer Goods
530621,AAIL,Akar Auto Industries Ltd,Active,X ,5,INE864E01021,Auto Components & Equipments,Equity,Consumer Discretionary,Automobile and Auto Components
530627,VIPULORG,Vipul Organics Ltd,Active,X ,10,INE834D01018,Specialty Chemicals,Equity,Commodities,Chemicals
530643,ECORECO,Eco Recycling Ltd,Active,T ,10,INE316A01038,Waste Management,Equity,Utilities,Utilities
530655,GOODLUCK,Goodluck India Ltd,Active,B ,2,INE127I01024,Iron & Steel Products,Equity,Industrials,Capital Goods
530663,GOYALASS,Goyal Associates Ltd,Active,X ,1,INE912B01032,Non Banking Financial Company (NBFC),Equity,Financial Services,Financial Services
530665,ZENITHHE,Zenith Healthcare Ltd,Active,X ,1,INE812B01026,Pharmaceuticals,Equity,Healthcare,Healthcare
530669,ACEENGITEC,Ace Engitech Ltd,Active,XT,10,INE035401020,IT Enabled Services,Equity,Information Technology,Information Technology
530675,YORKEXP,York Exports Ltd,Active,X ,10,INE057Q01018,Gems- Jewellery And Watches,Equity,Consumer Discretionary,Consumer Durables
530677,SUPREME,Supreme Holdings & Hospitality (India) Ltd,Active,B ,10,INE822E01011,Residential- Commercial Projects,Equity,Consumer Discretionary,Realty
530689,LYKISLTD,Lykis Ltd,Active,X ,10,INE624M01014,Trading & Distributors,Equity,Services,Services
530695,PRIMEPRO,Prime Property Development Corporation Ltd,Active,X ,5,INE233C01023,Residential- Commercial Projects,Equity,Consumer Discretionary,Realty
530697,ZENLABS,Zenlabs Ethica Ltd,Active,X ,10,INE546F01013,Diversified Commercial Services,Equity,Services,Services
530699,RAJRILTD,Raj Rayon Industries Ltd,Active,T ,1,INE533D01032,Other Textile Products,Equity,Consumer Discretionary,Textiles
530705,ANIRIT,Anirit Ventures Ltd,Active,XT,10,INE161F01011,Other Textile Products,Equity,Consumer Discretionary,Textiles
530709,GOWRALE,Gowra Leasing & Finance Ltd,Active,XT,10,INE225G01012,Non Banking Financial Company (NBFC),Equity,Financial Services,Financial Services
530711,JAGANLAM,Jagan Lamps Ltd,Active,X ,10,INE144C01014,Auto Components & Equipments,Equity,Consumer Discretionary,Automobile and Auto Components
530715,ALPSINDUS,Alps Industries Ltd,Active,T ,10,INE093B01015,Other Textile Products,Equity,Consumer Discretionary,Textiles
530723,ASITCFIN,Asit C Mehta Financial Services Ltd,Active,X ,10,INE041B01014,Stockbroking & Allied,Equity,Financial Services,Financial Services
530733,ENCODE,Encode Packaging India Ltd,Active,X ,10,INE900O01014,Print Media,Equity,Consumer Discretionary,"Media, Entertainment & Publication"
530735,SUPERBAK,Super Bakers India Ltd,Active,X ,10,INE897A01011,Packaged Foods,Equity,Fast Moving Consumer Goods,Fast Moving Consumer Goods
530741,OVOBELE,Ovobel Foods Ltd,Active,X ,10,INE812S01012,Meat Products including Poultry,Equity,Fast Moving Consumer Goods,Fast Moving Consumer Goods
530745,ACSTECH,ACS Technologies Ltd,Active,XT,10,INE366C01021,Other Textile Products,Equity,Consumer Discretionary,Textiles
530747,CHALLANI,Challani Capital Ltd,Active,X ,10,INE807A01010,Non Banking Financial Company (NBFC),Equity,Financial Services,Financial Services
530755,CORNE,Coral Newsprints Ltd,Active,X ,10,INE715D01019,Paper & Paper Products,Equity,Commodities,Forest Materials
530759,STERTOOLS,Sterling Tools Ltd,Active,B ,2,INE334A01023,Auto Components & Equipments,Equity,Consumer Discretionary,Automobile and Auto Components
530765,AGARWAL,Agarwal Fortune India Ltd,Active,X ,10,INE510B01018,Glass - Industrial,Equity,Industrials,Capital Goods
530779,DYNAMICP,Dynamic Portfolio Management & Services Ltd,Active,X ,10,INE118C01018,Non Banking Financial Company (NBFC),Equity,Financial Services,Financial Services
530787,INLANPR,Inland Printers Ltd,Active,XT,10,INE055O01033,Printing & Publication,Equity,Consumer Discretionary,"Media, Entertainment & Publication"
530789,CEEJAY,Ceejay Finance Ltd,Active,XT,10,INE358C01010,Non Banking Financial Company (NBFC),Equity,Financial Services,Financial Services
530795,SUNCITYSY,Suncity Synthetics Ltd,Active,XT,10,INE584D01019,Other Textile Products,Equity,Consumer Discretionary,Textiles
530797,SHGANEL,Shree Ganesh Elastoplast Ltd,Active,X ,10,INE400N01017,Trading & Distributors,Equity,Services,Services
530799,ANNAINFRA,Anna Infrastructures Ltd,Active,X ,10,INE336D01014,Non Banking Financial Company (NBFC),Equity,Financial Services,Financial Services
530803,BHAGERIA,Bhageria Industries Ltd,Active,B ,5,INE354C01027,Dyes And Pigments,Equity,Commodities,Chemicals
530805,OIVL,Onesource Industries And Ventures Ltd,Active,XT,1,INE125F01032,Consulting Services,Equity,Services,Services
530809,BNRUDY,BNR Udyog Ltd,Active,X ,10,INE355C01016,Business Process Outsourcing (BPO)/ Knowledge Process Outsourcing (KPO),Equity,Services,Services
530813,KRBL,KRBL Ltd,Active,A ,1,INE001B01026,Other Agricultural Products,Equity,Fast Moving Consumer Goods,Fast Moving Consumer Goods
530821,SSPDL,SSPDL Ltd,Active,X ,10,INE838C01011,Residential- Commercial Projects,Equity,Consumer Discretionary,Realty
530825,DAIKAFFI,Daikaffil Chemicals India Ltd,Active,XT,10,INE789B01018,Specialty Chemicals,Equity,Commodities,Chemicals
530829,CILSEC,Cil Securities Ltd,Active,X ,10,INE830A01012,Non Banking Financial Company (NBFC),Equity,Financial Services,Financial Services
530839,CLIOINFO,Clio Infotech Ltd,Active,X ,10,INE011B01017,Software Products,Equity,Information Technology,Information Technology
530843,CUPID,Cupid Ltd,Active,B ,1,INE509F01029,Personal Care,Equity,Fast Moving Consumer Goods,Fast Moving Consumer Goods
530845,SUNSHIEL,Sunshield Chemicals Ltd,Active,X ,10,INE199E01014,Specialty Chemicals,Equity,Commodities,Chemicals
530853,HIPOLIN,Hipolin Ltd,Active,XT,10,INE963A01011,Household Products,Equity,Fast Moving Consumer Goods,Fast Moving Consumer Goods
530855,GDLLEAS,GDL Leasing & Finance Ltd,Active,XT,10,INE545E01018,Non Banking Financial Company (NBFC),Equity,Financial Services,Financial Services
530871,CHEMBOND,Chembond Chemicals Ltd,Active,T ,5,INE995D01025,Specialty Chemicals,Equity,Commodities,Chemicals
530879,CIFL,Capital India Finance Ltd,Active,B ,2,INE345H01024,Non Banking Financial Company (NBFC),Equity,Financial Services,Financial Services
530881,ABVL,Arunjyoti Bio Ventures Ltd,Active,XT,1,INE485K01022,Other Financial Services,Equity,Financial Services,Financial Services
530883,SUCROSA,Super Crop Safe Ltd,Active,X ,2,INE366G01022,Pesticides & Agrochemicals,Equity,Commodities,Chemicals
530897,NGIND,NG Industries Ltd,Active,X ,10,INE825C01018,Healthcare Service Provider,Equity,Healthcare,Healthcare
530899,ASIAPAK,Asia Pack Ltd,Active,XT,10,INE784M01016,Other Textile Products,Equity,Consumer Discretionary,Textiles
530907,SICAPIT,SI Capital & Financial Services Ltd,Active,X ,10,INE417F01017,Diversified Commercial Services,Equity,Services,Services
530909,ERPSOFT,ERP Soft Systems Ltd,Active,X ,10,INE308B01017,Diversified Commercial Services,Equity,Services,Services
530917,RRSECUR,RR Securities Ltd,Active,P ,10,INE474H01014,Diversified Commercial Services,Equity,Services,Services
530919,REMSONSIND,Remsons Industries Ltd,Active,B ,2,INE474C01023,Auto Components & Equipments,Equity,Consumer Discretionary,Automobile and Auto Components
530921,INTETHR,Integrated Thermoplastics Ltd,Active,P ,10,INE038N01015,Plastic Products - Industrial,Equity,Industrials,Capital Goods
530925,RAMSONS,Ramsons Projects Ltd,Active,X ,10,INE609D01014,Non Banking Financial Company (NBFC),Equity,Financial Services,Financial Services
530927,HARAFIN,Haryana Financial Corporation Ltd,Active,ZP,10,INE737G01016,Financial Institution,Equity,Financial Services,Financial Services
530929,EUROASIA,Euro Asia Exports Ltd,Active,P ,10,INE535P01015,Trading & Distributors,Equity,Services,Services
530931,STANPACK,Stanpacks India Ltd,Active,XT,10,INE457D01018,Packaging,Equity,Industrials,Capital Goods
530943,SABTNL,Sri Adhikari Brothers Television Network Ltd,Active,T ,10,INE416A01044,TV Broadcasting & Software Production,Equity,Consumer Discretionary,"Media, Entertainment & Publication"
530951,RAMINFO,Raminfo Ltd,Active,X ,10,INE357B01022,IT Enabled Services,Equity,Information Technology,Information Technology
530953,SUNILAGR,Sunil Agro Foods Ltd,Active,X ,10,INE224D01012,Other Agricultural Products,Equity,Fast Moving Consumer Goods,Fast Moving Consumer Goods
530959,DIANATEA,Diana Tea Company Ltd,Active,X ,5,INE012E01035,Tea & Coffee,Equity,Fast Moving Consumer Goods,Fast Moving Consumer Goods
530961,VIKASECO,Vikas EcoTech Ltd,Active,B ,1,INE806A01020,Specialty Chemicals,Equity,Commodities,Chemicals
530965,IOC,Indian Oil Corporation Ltd,Active,A ,10,INE242A01010,Refineries & Marketing,Equity,Energy,"Oil, Gas & Consumable Fuels"
530973,ALFAICA,Alfa Ica India Ltd,Active,X ,10,INE042C01010,Plastic Products - Industrial,Equity,Industrials,Capital Goods
530977,SKCIL,Shri Keshav Cements And Infra Ltd,Active,X ,10,INE260E01014,Cement & Cement Products,Equity,Commodities,Construction Materials
530979,INDIAHOME,India Home Loan Ltd,Active,X ,10,INE274E01015,Housing Finance Company,Equity,Financial Services,Financial Services
530991,ROOPAIND,Roopa Industries Ltd,Active,X ,10,INE443C01010,Pharmaceuticals,Equity,Healthcare,Healthcare
530997,UNIQUEO,Unique Organics Ltd,Active,X ,10,INE333E01019,Other Agricultural Products,Equity,Fast Moving Consumer Goods,Fast Moving Consumer Goods
530999,BALAMINES,Balaji Amines Ltd,Active,A ,2,INE050E01027,Specialty Chemicals,Equity,Commodities,Chemicals
531003,SWRNASE,Swarna Securities Ltd,Active,X ,10,INE595G01018,Non Banking Financial Company (NBFC),Equity,Financial Services,Financial Services
531015,VENMAX,Venmax Drugs and Pharmaceuticals Ltd,Active,XT,10,INE154G01022,Pharmaceuticals,Equity,Healthcare,Healthcare
531017,ARISE,Arihants Securities Ltd,Active,X ,10,INE190D01015,Diversified Commercial Services,Equity,Services,Services
531025,VISAGAR,Visagar Financial Services Ltd,Active,X ,1,INE309H01038,Other Financial Services,Equity,Financial Services,Financial Services
531027,LIBORD,Libord Securities Ltd,Active,X ,10,INE267E01019,Other Financial Services,Equity,Financial Services,Financial Services
531035,ERAAYA,Eraaya Lifespaces Ltd,Active,T ,1,INE432F01032,2/3 Wheelers,Equity,Consumer Discretionary,Automobile and Auto Components
531041,COMPEAU,Competent Automobiles Company Ltd,Active,X ,10,INE823B01015,Auto -Dealer,Equity,Consumer Discretionary,Automobile and Auto Components
531043,ZDHJERK,Dhanvantri Jeevan Rekha Ltd,Active,X ,10,INE239F01015,Healthcare Service Provider,Equity,Healthcare,Healthcare
531049,NEELKAN,Neelkanth Rockminerals Ltd,Active,Z ,10,INE741D01015,Other Construction Materials,Equity,Commodities,Construction Materials
531051,VINTAGES,Vintage Securities Ltd,Active,X ,10,INE153C01015,Non Banking Financial Company (NBFC),Equity,Financial Services,Financial Services
531065,OSWALOR,Oswal Overseas Ltd,Active,XT,5,INE906K01027,Sugar,Equity,Fast Moving Consumer Goods,Fast Moving Consumer Goods
531067,CONTILI,Contil India Ltd,Active,X ,2,INE080G01029,Trading & Distributors,Equity,Services,Services
531069,VIJSOLX,Vijay Solvex Ltd,Active,X ,10,INE362D01010,Edible Oil,Equity,Fast Moving Consumer Goods,Fast Moving Consumer Goods
531080,SHRIKRISH,Shri Krishna Devcon Ltd,Active,X ,10,INE997I01012,Residential- Commercial Projects,Equity,Consumer Discretionary,Realty
531082,ALANKIT,Alankit Ltd,Active,B ,1,INE914E01040,Diversified Commercial Services,Equity,Services,Services
531083,NIHARINF,Nihar Info Global Ltd,Active,XT,10,INE876E01033,Software Products,Equity,Information Technology,Information Technology
531091,UNITDCR,United Credit Ltd,Active,X ,10,INE858C01027,Non Banking Financial Company (NBFC),Equity,Financial Services,Financial Services
531092,OMINFRAL,OM Infra Ltd,Active,B ,1,INE239D01028,Civil Construction,Equity,Industrials,Construction
531099,CHECKPOINT,Checkpoint Trends Ltd,Active,XT,10,INE396H01019,Pharmaceuticals,Equity,Healthcare,Healthcare
531109,ISHANCH,Ishan Dyes and Chemicals Ltd,Active,B ,10,INE561M01018,Specialty Chemicals,Equity,Commodities,Chemicals
531111,GOTHIPL,Gothi Plascon India Ltd,Active,P ,10,INE538G01018,Houseware,Equity,Consumer Discretionary,Consumer Durables
531112,BALUFORGE,Balu Forge Industries Ltd,Active,B ,10,INE011E01029,Castings & Forgings,Equity,Industrials,Capital Goods
531119,CEENIK,Ceenik Exports India Ltd,Active,XT,10,INE418D01010,Gems- Jewellery And Watches,Equity,Consumer Discretionary,Consumer Durables
531120,PATELENG,Patel Engineering Ltd,Active,A ,1,INE244B01030,Civil Construction,Equity,Industrials,Construction
531126,KATIPATANG,Kati Patang Lifestyle Ltd,Active,XT,10,INE237C01016,Breweries & Distilleries,Equity,Fast Moving Consumer Goods,Fast Moving Consumer Goods
531127,MENAMANI,Mena Mani Industries Ltd,Active,X ,1,INE148B01033,Non Banking Financial Company (NBFC),Equity,Financial Services,Financial Services
531129,INANI,Inani Marbles & Industries Ltd,Active,X ,2,INE635D01027,Other Construction Materials,Equity,Commodities,Construction Materials
531137,GEMSI,Gemstone Investments Ltd,Active,X ,1,INE503D01027,Diversified Commercial Services,Equity,Services,Services
531144,ELFORGE,El Forge Ltd,Active,X ,10,INE158F01017,Auto Components & Equipments,Equity,Consumer Discretionary,Automobile and Auto Components
531146,MEDICAMEQ,Medicamen Biotech Ltd,Active,B ,10,INE646B01010,Pharmaceuticals,Equity,Healthcare,Healthcare
531147,ALICON,Alicon Castalloy Ltd,Active,B ,5,INE062D01024,Auto Components & Equipments,Equity,Consumer Discretionary,Automobile and Auto Components
531153,DILIGENT,Diligent Industries Ltd,Active,XT,1,INE650C01036,Edible Oil,Equity,Fast Moving Consumer Goods,Fast Moving Consumer Goods
531155,EPSOMPRO,Epsom Properties Ltd,Active,XT,10,INE601F01016,Residential- Commercial Projects,Equity,Consumer Discretionary,Realty
531156,ALFAVIO,Alfavision Overseas India Ltd,Active,X ,1,INE883B01027,Other Agricultural Products,Equity,Fast Moving Consumer Goods,Fast Moving Consumer Goods
531157,ORGCOAT,Organic Coatings Ltd,Active,XT,10,INE412E01011,Specialty Chemicals,Equity,Commodities,Chemicals
531158,CATVISION,Catvision Ltd,Active,X ,10,INE660B01011,Trading & Distributors,Equity,Services,Services
531161,ABMKNO,ABM Knowledgeware Ltd,Active,XT,5,INE850B01026,Software Products,Equity,Information Technology,Information Technology
531162,EMAMILTD,Emami Ltd,Active,A ,1,INE548C01032,Personal Care,Equity,Fast Moving Consumer Goods,Fast Moving Consumer Goods
531163,KEMISTAR,Kemistar Corporation Ltd,Active,X ,10,INE971L01029,Specialty Chemicals,Equity,Commodities,Chemicals
531168,ASSOCER,Associated Ceramics Ltd,Active,X ,10,INE771E01010,Other Construction Materials,Equity,Commodities,Construction Materials
531169,SKPSEC,SKP Securities Ltd,Active,XT,10,INE709B01016,Non Banking Financial Company (NBFC),Equity,Financial Services,Financial Services
531173,SYSCHEM,Syschem India Ltd,Active,X ,10,INE121D01036,Pharmaceuticals,Equity,Healthcare,Healthcare
531176,MEFCOMCAP,Mefcom Capital Markets Ltd,Active,X ,2,INE186C01023,Other Capital Market related Services,Equity,Financial Services,Financial Services
531178,HEMANG,Hemang Resources Ltd,Active,X ,10,INE930A01010,Trading & Distributors,Equity,Services,Services
531179,ARMANFIN,Arman Financial Services Ltd,Active,B ,10,INE109C01017,Non Banking Financial Company (NBFC),Equity,Financial Services,Financial Services
531190,TAVERNIER,Tavernier Resources Ltd,Active,X ,10,INE355H01015,Trading & Distributors,Equity,Services,Services
531191,FILTRON,Filtron Engineers Ltd,Active,XT,10,INE589N01017,Trading & Distributors,Equity,Services,Services
531199,GLANCE,Glance Finance Ltd,Active,X ,10,INE580D01017,Non Banking Financial Company (NBFC),Equity,Financial Services,Financial Services
531201,SHILCTECH,Shilchar Technologies Ltd,Active,B ,10,INE024F01011,Other Electrical Equipment,Equity,Industrials,Capital Goods
531203,TRADEWELL,Tradewell Holdings Ltd,Active,X ,10,INE819G01012,Consulting Services,Equity,Services,Services
531205,SPRIGHT,Spright Agro Ltd,Active,T ,1,INE179O01031,Trading & Distributors,Equity,Services,Services
531209,NUCLEUS,Nucleus Software Exports Ltd,Active,B ,10,INE096B01018,Software Products,Equity,Information Technology,Information Technology
531210,COLINZ,Colinz Laboratories Ltd,Active,XT,10,INE923C01011,Pharmaceuticals,Equity,Healthcare,Healthcare
531212,NLFL,Nalin Lease Finance Ltd,Active,X ,10,INE606C01012,Non Banking Financial Company (NBFC),Equity,Financial Services,Financial Services
531213,MANAPPURAM,Manappuram Finance Ltd,Active,A ,2,INE522D01027,Non Banking Financial Company (NBFC),Equity,Financial Services,Financial Services
531215,RTSPOWR,RTS Power Corporation Ltd,Active,XT,10,INE005C01017,Other Electrical Equipment,Equity,Industrials,Capital Goods
531216,COMFINTE,Comfort Intech Ltd,Active,X ,1,INE819A01049,Breweries & Distilleries,Equity,Fast Moving Consumer Goods,Fast Moving Consumer Goods
531219,SHYAMACOMP,Shyama Computronics and Services Ltd,Active,P ,10,INE861E01019,Pharmaceuticals,Equity,Healthcare,Healthcare
531221,MAYURFL,Mayur Floorings Ltd,Active,X ,10,INE262W01012,Other Construction Materials,Equity,Commodities,Construction Materials
531223,ANJANI,Anjani Synthetics Ltd,Active,X ,10,INE364D01032,Other Textile Products,Equity,Consumer Discretionary,Textiles
531225,XTGLOBAL,Xtglobal Infotech Ltd,Active,B ,1,INE547B01028,Computers - Software & Consulting,Equity,Information Technology,Information Technology
531227,DECOMIC,Deco Mica Ltd,Active,X ,10,INE907E01010,Commodity Chemicals,Equity,Commodities,Chemicals
531228,RANDER,Rander Corporation Ltd,Active,X ,10,INE821D01031,Non Banking Financial Company (NBFC),Equity,Financial Services,Financial Services
531233,RASIELEC,Rasi Electrodes Ltd,Active,XT,2,INE822D01021,Industrial Products,Equity,Industrials,Capital Goods
531234,SCOOBEEDAY,Scoobee Day Garments (India) Ltd,Active,X ,10,INE962E01015,Garments & Apparels,Equity,Consumer Discretionary,Textiles
531235,CITIPOR,Citi Port Financial Services Ltd,Active,X ,10,INE494D01011,Non Banking Financial Company (NBFC),Equity,Financial Services,Financial Services
531237,DHRUVCA,Dhruva Capital Services Ltd,Active,XT,10,INE972E01014,Non Banking Financial Company (NBFC),Equity,Financial Services,Financial Services
531241,LINC,Linc Ltd,Active,B ,5,INE802B01027,Stationary,Equity,Fast Moving Consumer Goods,Fast Moving Consumer Goods
531246,PRIMAIN,Prima Industries Ltd,Active,X ,10,INE723N01012,Edible Oil,Equity,Fast Moving Consumer Goods,Fast Moving Consumer Goods
531253,INDGELA,India Gelatine & Chemicals Ltd,Active,X ,10,INE342D01012,Specialty Chemicals,Equity,Commodities,Chemicals
531254,OPTIFIN,Optimus Finance Ltd,Active,X ,1,INE031G01022,Non Banking Financial Company (NBFC),Equity,Financial Services,Financial Services
531255,PARAGONF,Paragon Finance Ltd,Active,X ,10,INE015E01012,Non Banking Financial Company (NBFC),Equity,Financial Services,Financial Services
531257,PRATIKSH,Pratiksha Chemicals Ltd,Active,XT,10,INE530D01012,Specialty Chemicals,Equity,Commodities,Chemicals
531259,ESHAMEDIA,Esha Media Research Ltd,Active,X ,10,INE328F01016,Advertising & Media Agencies,Equity,Consumer Discretionary,"Media, Entertainment & Publication"
531260,REFEXRENEW,Refex Renewables & Infrastructure Ltd,Active,XT,10,INE332F01018,Civil Construction,Equity,Industrials,Construction
531262,EQUILATERA,Equilateral Enterprises Ltd,Active,X ,10,INE060N01019,Other Electrical Equipment,Equity,Industrials,Capital Goods
531265,PROGREXV,Progrex Ventures Ltd,Active,XT,10,INE421E01012,Other Food Products,Equity,Fast Moving Consumer Goods,Fast Moving Consumer Goods
531266,VSTTILLERS,VST Tillers Tractors Ltd,Active,B ,10,INE764D01017,Tractors,Equity,Industrials,Capital Goods
531268,B2BSOFT,B2B Software Technologies Ltd,Active,X ,10,INE151B01011,Software Products,Equity,Information Technology,Information Technology
531272,NIKKIGL,Nikki Global Finance Ltd,Active,XT,10,INE526C01012,Non Banking Financial Company (NBFC),Equity,Financial Services,Financial Services
531273,RADHEDE,Radhe Developers India Ltd,Active,XT,1,INE986B01044,Residential- Commercial Projects,Equity,Consumer Discretionary,Realty
531278,ELIXIR,Elixir Capital Ltd,Active,XT,10,INE785D01012,Other Financial Services,Equity,Financial Services,Financial Services
531279,TRISHAKT,Trishakti Industries Ltd,Active,X ,2,INE238C01022,Non Banking Financial Company (NBFC),Equity,Financial Services,Financial Services
531280,PANKAJPO,Pankaj Polymers Ltd,Active,X ,10,INE698B01011,Packaging,Equity,Industrials,Capital Goods
531281,MARBLE,Marble City India Ltd,Active,XT,5,INE807H01023,Other Construction Materials,Equity,Commodities,Construction Materials
531283,CINDRELL,Cindrella Financial Services Ltd,Active,X ,10,INE897D01015,Non Banking Financial Company (NBFC),Equity,Financial Services,Financial Services
531286,ADHHATA,Adhata Global Ltd,Active,XT,10,INE586D01014,Plywood Boards/ Laminates,Equity,Consumer Discretionary,Consumer Durables
531287,NATPLASTI,National Plastic Technologies Ltd,Active,XT,10,INE896D01017,Plastic Products - Industrial,Equity,Industrials,Capital Goods
531288,LEADFIN,Lead Financial Services Ltd,Active,X ,10,INE531D01010,Non Banking Financial Company (NBFC),Equity,Financial Services,Financial Services
531289,NATFIT,National Fittings Ltd,Active,X ,10,INE643C01015,Iron & Steel Products,Equity,Industrials,Capital Goods
531297,ARTEFACT,Artefact Projects Ltd,Active,X ,10,INE885B01014,Consulting Services,Equity,Services,Services
531300,AMITINT,Amit International Ltd,Active,Z ,10,INE053D01015,Other Textile Products,Equity,Consumer Discretionary,Textiles
531301,HIGHSTREE,High Street Filatex Ltd,Active,XT,10,INE319M01011,Other Textile Products,Equity,Consumer Discretionary,Textiles
531304,NUTECGLOB,Nutech Global Ltd,Active,XT,10,INE960H01012,Other Textile Products,Equity,Consumer Discretionary,Textiles
531306,DHPIND,DHP India Ltd,Active,X ,10,INE590D01016,Oil Equipment & Services,Equity,Energy,"Oil, Gas & Consumable Fuels"
531307,RRIL,RRIL Ltd,Active,X ,5,INE951M01037,Other Textile Products,Equity,Consumer Discretionary,Textiles
531310,AVAILFC,Available Finance Ltd,Active,X ,10,INE325G01010,Other Financial Services,Equity,Financial Services,Financial Services
531314,INTCAPL,Integra Capital  Ltd,Active,X ,10,INE366H01012,Non Banking Financial Company (NBFC),Equity,Financial Services,Financial Services
531319,MARUTISE,Maruti Securities Ltd,Active,XT,10,INE368C01019,Non Banking Financial Company (NBFC),Equity,Financial Services,Financial Services
531322,HAVISHA,Sri Havisha Hospitality And Infrastructure Ltd,Active,B ,2,INE293B01029,Hotels & Resorts,Equity,Consumer Discretionary,Consumer Services
531323,JAYIND,Jayatma Industries Ltd,Active,X ,10,INE250D01017,Other Textile Products,Equity,Consumer Discretionary,Textiles
531324,ROSELABS,Roselabs Finance Ltd,Active,X ,10,INE475C01012,Other Financial Services,Equity,Financial Services,Financial Services
531328,KRETTOSYS,Kretto Syscon Ltd,Active,X ,1,INE128R01023,Residential- Commercial Projects,Equity,Consumer Discretionary,Realty
531334,VIKALPS,Vikalp Securities Ltd,Active,X ,10,INE186E01011,Diversified Commercial Services,Equity,Services,Services
531335,ZYDUSWELL,Zydus Wellness Ltd,Active,A ,10,INE768C01010,Packaged Foods,Equity,Fast Moving Consumer Goods,Fast Moving Consumer Goods
531337,WINPRO,WinPro Industries Ltd,Active,Z ,5,INE974C01022,Advertising & Media Agencies,Equity,Consumer Discretionary,"Media, Entertainment & Publication"
531338,MILESTONE,Milestone Global Ltd,Active,XT,10,INE151H01018,Other Construction Materials,Equity,Commodities,Construction Materials
531340,BERVINL,Bervin Investment & Leasing Ltd,Active,X ,10,INE348I01018,Other Financial Services,Equity,Financial Services,Financial Services
531341,GUJINV,Gujarat Investa Ltd,Active,X ,10,INE373D01017,Non Banking Financial Company (NBFC),Equity,Financial Services,Financial Services
531344,CONCOR,Container Corporation of India Ltd,Active,A ,5,INE111A01025,Logistics Solution Provider,Equity,Services,Services
531346,EASTRED,Eastern Treads Ltd,Active,X ,10,INE500D01015,Tyres & Rubber Products,Equity,Consumer Discretionary,Automobile and Auto Components
531349,PANACEABIO,Panacea Biotec Ltd,Active,B ,1,INE922B01023,Pharmaceuticals,Equity,Healthcare,Healthcare
531352,PEETISEC,Peeti Securities Ltd,Active,X ,10,INE328D01011,Other Textile Products,Equity,Consumer Discretionary,Textiles
531357,MERCURYEV,Mercury Ev-Tech Ltd,Active,B ,1,INE763M01028,Passenger Cars & Utility Vehicles,Equity,Consumer Discretionary,Automobile and Auto Components
531358,CHOICEIN,Choice International Ltd,Active,A ,10,INE102B01014,Holding Company,Equity,Financial Services,Financial Services
531359,SRAMSET,Shriram Asset Management Company Ltd,Active,X ,10,INE777G01012,Asset Management Company,Equity,Financial Services,Financial Services
531360,GOLECHA,Golechha Global Finance Ltd,Active,X ,10,INE427D01011,Diversified Commercial Services,Equity,Services,Services
531364,EKANSH,Ekansh Concepts Ltd,Active,X ,10,INE005E01013,Consulting Services,Equity,Services,Services
531370,SPAR,Sparc Electrex Ltd,Active,XT,10,INE960B01015,Computers - Software & Consulting,Equity,Information Technology,Information Technology
531373,BYKE,The Byke Hospitality Ltd,Active,B ,10,INE319B01014,Hotels & Resorts,Equity,Consumer Discretionary,Consumer Services
531380,CSURGSU,Centenial Surgical Suture Ltd,Active,X ,10,INE405H01018,Medical Equipment & Supplies,Equity,Healthcare,Healthcare
531381,ARIHANT,Arihant Foundations & Housing Ltd,Active,XT,10,INE413D01011,Residential- Commercial Projects,Equity,Consumer Discretionary,Realty
531387,HASTIFIN,Hasti Finance Ltd,Active,X ,10,INE671D01014,Non Banking Financial Company (NBFC),Equity,Financial Services,Financial Services
531390,UPSURGE,Upsurge Investment & Finance Ltd,Active,X ,10,INE890B01014,Non Banking Financial Company (NBFC),Equity,Financial Services,Financial Services
531395,PADAMCO,Padam Cotton Yarns Ltd,Active,XT,10,INE448D01017,Other Textile Products,Equity,Consumer Discretionary,Textiles
531396,WOMENNET,Women Networks Ltd,Active,XT,10,INE905B01010,Software Products,Equity,Information Technology,Information Technology
531397,POLYCON,Polycon International Ltd,Active,X ,10,INE262C01014,Packaging,Equity,Industrials,Capital Goods
531398,SOURCENTRL,Source Natural Foods and Herbal Supplements Ltd,Active,XT,10,INE679C01027,Pharmaceuticals,Equity,Healthcare,Healthcare
531399,GGAUTO,GG Automotive Gears Ltd,Active,X ,10,INE493B01017,Auto Components & Equipments,Equity,Consumer Discretionary,Automobile and Auto Components
531400,ALMONDZ,Almondz Global Securities Ltd,Active,B ,1,INE326B01035,Stockbroking & Allied,Equity,Financial Services,Financial Services
531402,LWSKNIT,LWS Knitwear Ltd,Active,X ,10,INE281M01013,Trading & Distributors,Equity,Services,Services
531406,ANSINDUS,ANS Industries Ltd,Active,X ,10,INE234J01018,Other Beverages,Equity,Fast Moving Consumer Goods,Fast Moving Consumer Goods
531411,TUNITEX,Tuni Textile Mills Ltd,Active,X ,1,INE560D01027,Other Textile Products,Equity,Consumer Discretionary,Textiles
531412,RADIXIND,Radix Industries (India) Ltd,Active,XT,10,INE576N01014,Personal Care,Equity,Fast Moving Consumer Goods,Fast Moving Consumer Goods
531413,KIRANPR,Kiran Print Pack Ltd,Active,XT,10,INE516D01011,Printing & Publication,Equity,Consumer Discretionary,"Media, Entertainment & Publication"
531416,NARPROP,Narendra Properties Ltd,Active,X ,10,INE603F01012,Residential- Commercial Projects,Equity,Consumer Discretionary,Realty
531417,MEGACOR,Mega Corporation Ltd,Active,X ,1,INE804B01023,Non Banking Financial Company (NBFC),Equity,Financial Services,Financial Services
531426,TNPL,Tamil Nadu Newsprint & Papers Ltd,Active,B ,10,INE107A01015,Paper & Paper Products,Equity,Commodities,Forest Materials
531431,SHAKTIPUMP,Shakti Pumps India Ltd,Active,B ,10,INE908D01010,Compressors- Pumps & Diesel Engines,Equity,Industrials,Capital Goods
531432,SYTIXSE,Systematix Securities Ltd,Active,X ,10,INE07P301011,Non Banking Financial Company (NBFC),Equity,Financial Services,Financial Services
531433,SUNGOLD,Sungold Capital Ltd,Active,XT,10,INE271D01013,Non Banking Financial Company (NBFC),Equity,Financial Services,Financial Services
531436,SAFFRON,Saffron Industries Ltd,Active,X ,10,INE474D01013,Paper & Paper Products,Equity,Commodities,Forest Materials
531437,PWASML,Prakash Woollen & Synthetic Mills Ltd,Active,X ,10,INE523I01016,Other Textile Products,Equity,Consumer Discretionary,Textiles
531439,GOLDTECH,Aion-Tech Solutions Ltd,Active,B ,10,INE805A01014,Software Products,Equity,Information Technology,Information Technology
531441,LYONSCO,Lyons Corporate Market Ltd,Active,XT,10,INE100F01019,Non Banking Financial Company (NBFC),Equity,Financial Services,Financial Services
531444,VARDHMAN,Vardhman Concrete Ltd,Active,X ,10,INE115C01014,Cement & Cement Products,Equity,Commodities,Construction Materials
531449,GRMOVER,GRM Overseas Ltd,Active,B ,2,INE192H01020,Other Agricultural Products,Equity,Fast Moving Consumer Goods,Fast Moving Consumer Goods
531453,MOHITIND,Mohit Industries Ltd,Active,B ,10,INE954E01012,Other Textile Products,Equity,Consumer Discretionary,Textiles
531454,POLYLINK,Polylink Polymers India Ltd,Active,X ,5,INE323D01020,Petrochemicals,Equity,Commodities,Chemicals
531456,MINAXI,Minaxi Textiles Ltd,Active,X ,1,INE952C01028,Other Textile Products,Equity,Consumer Discretionary,Textiles
531458,BOSTONBIO,Boston Bio Systems Ltd,Active,XT,10,INE109B01019,Healthcare Service Provider,Equity,Healthcare,Healthcare
531460,CONTICON,Continental Controls Ltd,Active,X ,10,INE545B01022,Other Electrical Equipment,Equity,Industrials,Capital Goods
531465,NOUVEAU,Nouveau Global Ventures Ltd,Active,X ,1,INE317B01042,Trading & Distributors,Equity,Services,Services
531471,DUKEOFS,Duke Offshore Ltd,Active,X ,10,INE397G01019,Oil Equipment & Services,Equity,Energy,"Oil, Gas & Consumable Fuels"
531472,CYBELEIND,Cybele Industries Ltd,Active,XT,10,INE183D01010,Other Electrical Equipment,Equity,Industrials,Capital Goods
531486,FILME,Filmcity Media Ltd,Active,XT,1,INE600B01033,Film Production- Distribution & Exhibition,Equity,Consumer Discretionary,"Media, Entertainment & Publication"
531489,CGVAK,CG Vak Software & Exports Ltd,Active,X ,10,INE084D01010,Computers - Software & Consulting,Equity,Information Technology,Information Technology
531494,NAVKARURB,Navkar Urbanstructure Ltd,Active,B ,1,INE268H01044,Civil Construction,Equity,Industrials,Construction
531495,BLUECOAST,Blue Coast Hotels Ltd,Active,T ,10,INE472B01011,Hotels & Resorts,Equity,Consumer Discretionary,Consumer Services
531497,MADHUCON,Madhucon Projects Ltd,Active,B ,1,INE378D01032,Civil Construction,Equity,Industrials,Construction
531499,SYBLY,Sybly Industries Ltd,Active,X ,10,INE080D01042,Other Textile Products,Equity,Consumer Discretionary,Textiles
531500,RAJESHEXPO,Rajesh Exports Ltd,Active,A ,1,INE343B01030,Gems- Jewellery And Watches,Equity,Consumer Discretionary,Consumer Durables
531502,ESARIND,Esaar India Ltd,Active,XT,10,INE404L01039,Diversified Commercial Services,Equity,Services,Services
531503,MARIS,Maris Spinners Ltd,Active,X ,10,INE866D01010,Other Textile Products,Equity,Consumer Discretionary,Textiles
531505,INDERGR,Indergiri Finance Ltd,Active,XT,10,INE628F01019,Non Banking Financial Company (NBFC),Equity,Financial Services,Financial Services
531506,SKRABUL,Shukra Bullions Ltd,Active,X ,10,INE561E01015,Diversified Commercial Services,Equity,Services,Services
531508,EVEREADY,Eveready Industries India Ltd,Active,B ,5,INE128A01029,Household Products,Equity,Fast Moving Consumer Goods,Fast Moving Consumer Goods
531509,STEP2COR,Step Two Corporation Ltd,Active,XT,10,INE623D01015,Other Financial Services,Equity,Financial Services,Financial Services
531512,ORIENTTR,Orient Tradelink Ltd,Active,X ,10,INE681D01039,Film Production- Distribution & Exhibition,Equity,Consumer Discretionary,"Media, Entertainment & Publication"
531518,VIKASPROP,Vikas Proppant & Granite Ltd,Active,Z ,1,INE767B01022,Other Agricultural Products,Equity,Fast Moving Consumer Goods,Fast Moving Consumer Goods
531521,DESHRAK,Desh Rakshak Aushdhalaya Ltd,Active,P ,10,INE971E01016,Pharmaceuticals,Equity,Healthcare,Healthcare
531525,ACESOFT,ACE Software Exports Ltd,Active,X ,10,INE849B01010,Software Products,Equity,Information Technology,Information Technology
531529,SOFTRAKV,Softrak Venture Investment Ltd,Active,X ,1,INE562E01021,Non Banking Financial Company (NBFC),Equity,Financial Services,Financial Services
531531,HATSUN,Hatsun Agro Product Ltd,Active,A ,1,INE473B01035,Dairy Products,Equity,Fast Moving Consumer Goods,Fast Moving Consumer Goods
531533,ACCEDERE,Accedere Ltd,Active,X ,10,INE578B01015,Computers - Software & Consulting,Equity,Information Technology,Information Technology
531537,JYOTHI,Jyothi Infraventures Ltd,Active,XT,10,INE681K01026,Diversified Commercial Services,Equity,Services,Services
531539,RISHDIGA,Rishabh Digha Steel & Allied Products Ltd,Active,X ,10,INE864D01015,Iron & Steel Products,Equity,Industrials,Capital Goods
531540,MAINFRA,Maruti Infrastructure Ltd,Active,X ,2,INE392G01028,Civil Construction,Equity,Industrials,Construction
531541,KOBO,Kobo Biotech Ltd,Active,Z ,10,INE881A01015,Commodity Chemicals,Equity,Commodities,Chemicals
531543,JINDWORLD,Jindal Worldwide Ltd,Active,A ,1,INE247D01039,Other Textile Products,Equity,Consumer Discretionary,Textiles
531548,SOMANYCERA,Somany Ceramics Ltd,Active,B ,2,INE355A01028,Ceramics,Equity,Consumer Discretionary,Consumer Durables
531550,JHACC,Jhaveri Credits & Capital Ltd,Active,XT,10,INE865D01012,Other Financial Services,Equity,Financial Services,Financial Services
531552,RAGHUTOB,Raghunath Tobacco Company Ltd,Active,X ,10,INE754B01012,Residential- Commercial Projects,Equity,Consumer Discretionary,Realty
531553,DRL,Disha Resources Ltd,Active,X ,10,INE193D01019,Diversified Commercial Services,Equity,Services,Services
531556,CORALFINAC,Coral India Finance & Housing Ltd,Active,B ,2,INE558D01021,Diversified Commercial Services,Equity,Services,Services
531557,AMITSEC,Amit Securities Ltd,Active,XT,10,INE137E01014,Non Banking Financial Company (NBFC),Equity,Financial Services,Financial Services
531562,PUSHPIN,Pushpsons Industries Ltd,Active,Y ,10,NA          ,Other Textile Products,Equity,Consumer Discretionary,Textiles
531568,ASHUTPM,Ashutosh Paper Mills Ltd,Active,X ,10,INE723K01018,Paper & Paper Products,Equity,Commodities,Forest Materials
531569,SANJIVIN,Sanjivani Paranteral Ltd,Active,X ,10,INE860D01013,Pharmaceuticals,Equity,Healthcare,Healthcare
531578,KMFBLDR,KMF Builders & Developers Ltd,Active,XT,5,INE580H01026,Residential- Commercial Projects,Equity,Consumer Discretionary,Realty
531582,BERYLSE,Beryl Securities Ltd,Active,XT,10,INE508J01015,Non Banking Financial Company (NBFC),Equity,Financial Services,Financial Services
531583,RAP,Rap Corp Ltd,Active,X ,10,INE483D01014,Real Estate related services,Equity,Consumer Discretionary,Realty
531585,DEVINE,Devine Impex Ltd,Active,X ,10,INE455C01014,Trading & Distributors,Equity,Services,Services
531591,BAMPSL,Bampsl Securities Ltd,Active,XT,10,INE802A01037,Non Banking Financial Company (NBFC),Equity,Financial Services,Financial Services
531592,GENPHARMA,Genpharmasec Ltd,Active,XT,1,INE861N01036,Trading & Distributors,Equity,Services,Services
531594,INCON,Incon Engineers Ltd,Active,XT,10,INE507D01010,Industrial Products,Equity,Industrials,Capital Goods
531595,CGCL,Capri Global Capital Ltd,Active,A ,1,INE180C01042,Non Banking Financial Company (NBFC),Equity,Financial Services,Financial Services
531597,MIDPOLY,Midland Polymers Ltd,Active,XT,10,INE046M01036,Commodity Chemicals,Equity,Commodities,Chemicals
531599,FDC,FDC Ltd,Active,A ,1,INE258B01022,Pharmaceuticals,Equity,Healthcare,Healthcare
531600,GOGIACAPGL,Gogia Capital Growth Ltd,Active,X ,10,INE832C01014,Stockbroking & Allied,Equity,Financial Services,Financial Services
531608,GORANIN,Gorani Industries Ltd,Active,X ,10,INE792J01015,Houseware,Equity,Consumer Discretionary,Consumer Durables
531609,KGPETRO,KG Petrochem Ltd,Active,X ,10,INE902G01016,Other Textile Products,Equity,Consumer Discretionary,Textiles
531610,UFMINDL,UFM Industries Ltd,Active,XT,10,INE832E01010,Other Food Products,Equity,Fast Moving Consumer Goods,Fast Moving Consumer Goods
531613,MAL,Meyer Apparel Ltd,Active,XT,3,INE100C01024,Gems- Jewellery And Watches,Equity,Consumer Discretionary,Consumer Durables
531616,STARCOM,Starcom Information Technology Ltd,Active,X ,10,INE347I01010,Computers - Software & Consulting,Equity,Information Technology,Information Technology
531624,COUNCODOS,Country Condos Ltd,Active,T ,1,INE695B01025,Residential- Commercial Projects,Equity,Consumer Discretionary,Realty
531626,OROSMITHS,Orosil Smiths India Ltd,Active,X ,1,INE628B01034,Gems- Jewellery And Watches,Equity,Consumer Discretionary,Consumer Durables
531628,TEJASSVI,Tejassvi Aaharam Ltd,Active,X ,10,INE173E01019,Other Textile Products,Equity,Consumer Discretionary,Textiles
531633,LINCOLN,Lincoln Pharmaceuticals Ltd,Active,B ,10,INE405C01035,Pharmaceuticals,Equity,Healthcare,Healthcare
531635,SILVOAK,Silver Oak India Ltd,Active,XT,10,INE870J01019,Breweries & Distilleries,Equity,Fast Moving Consumer Goods,Fast Moving Consumer Goods
531637,PRAVEG,Praveg Ltd,Active,B ,10,INE722B01019,Hotels & Resorts,Equity,Consumer Discretionary,Consumer Services
531638,SURAJLTD,Suraj Ltd,Active,B ,10,INE713C01016,Iron & Steel Products,Equity,Industrials,Capital Goods
531640,SICL,Suvidha Infraestate Corporation Ltd,Active,P ,10,INE936N01010,Residential- Commercial Projects,Equity,Consumer Discretionary,Realty
531642,MARICO,Marico Ltd,Active,A ,1,INE196A01026,Edible Oil,Equity,Fast Moving Consumer Goods,Fast Moving Consumer Goods
531644,TOKYOFIN,Tokyo Finance Ltd,Active,X ,10,INE546D01018,Non Banking Financial Company (NBFC),Equity,Financial Services,Financial Services
531651,NATGENI,National General Industries Ltd,Active,X ,10,INE654H01011,Iron & Steel Products,Equity,Industrials,Capital Goods
531652,UVS,UVS Hospitality And Services Ltd,Active,XT,10,INE528C01018,Non Banking Financial Company (NBFC),Equity,Financial Services,Financial Services
531661,HITTCO,Hittco Tools Ltd,Active,X ,10,INE863C01019,Industrial Products,Equity,Industrials,Capital Goods
531663,YUVRAAJHPL,Yuvraaj Hygiene Products Ltd,Active,XT,1,INE139D01020,Household Products,Equity,Fast Moving Consumer Goods,Fast Moving Consumer Goods
531667,RRMETAL,RR MetalMakers India Ltd,Active,X ,10,INE117K01013,Trading - Metals,Equity,Commodities,Metals & Mining
531668,VISIONCO,Vision Corporation Ltd,Active,X ,10,INE661D01015,Film Production- Distribution & Exhibition,Equity,Consumer Discretionary,"Media, Entertainment & Publication"
531671,BISIL,Bisil Plast Ltd,Active,XT,1,INE214D01021,Packaging,Equity,Industrials,Capital Goods
531672,INANISEC,Inani Securities Ltd,Active,X ,10,INE224C01014,Other Financial Services,Equity,Financial Services,Financial Services
531673,ANKIN,Anka India Ltd,Active,XT,10,INE067C01025,Leather And Leather Products,Equity,Consumer Discretionary,Consumer Durables
531677,ARISINT,Aris International Ltd,Active,XT,10,INE588E01026,Computers - Software & Consulting,Equity,Information Technology,Information Technology
531681,AMERISE,Amerise Biosciences Ltd,Active,X ,1,INE673C01020,Plastic Products - Industrial,Equity,Industrials,Capital Goods
531688,PRITHVIEXCH,Prithvi Exchange (India) Ltd,Active,XT,10,INE621B01021,Other Financial Services,Equity,Financial Services,Financial Services
531692,KHYATI,Khyati Multimedia Entertainment Ltd,Active,XT,10,INE593B01030,Hotels & Resorts,Equity,Consumer Discretionary,Consumer Services
531694,RAINBOWF,Rainbow Foundations Ltd,Active,X ,10,INE230F01014,Residential- Commercial Projects,Equity,Consumer Discretionary,Realty
531696,VSDCONF,VSD Confin Ltd,Active,XT,10,INE489F01016,Diversified Commercial Services,Equity,Services,Services
531717,VIDHIING,Vidhi Specialty Food Ingredients Ltd,Active,B ,1,INE632C01026,Specialty Chemicals,Equity,Commodities,Chemicals
531719,BHAGCHEM,Bhagiradha Chemicals & Industries Ltd,Active,B ,1,INE414D01027,Pesticides & Agrochemicals,Equity,Commodities,Chemicals
531723,GATECH,GACM Technologies Ltd,Active,B ,1,INE224E01028,Other Financial Services,Equity,Financial Services,Financial Services
531726,PANCHSHEEL,Panchsheel Organics Ltd,Active,X ,10,INE316G01019,Pharmaceuticals,Equity,Healthcare,Healthcare
531727,MENNPIS,Menon Pistons Ltd,Active,X ,1,INE650G01029,Auto Components & Equipments,Equity,Consumer Discretionary,Automobile and Auto Components
531735,PRISMFN,Prism Finance Ltd,Active,P ,10,INE429Q01019,Non Banking Financial Company (NBFC),Equity,Financial Services,Financial Services
531737,GREENCREST,Greencrest Financial Services Ltd,Active,X ,1,INE414C01045,Diversified Commercial Services,Equity,Services,Services
531739,GENNEX,Gennex Laboratories Ltd,Active,X ,1,INE509C01026,Pharmaceuticals,Equity,Healthcare,Healthcare
531743,HIRAUTO,Hira Automobiles Ltd,Active,P ,10,INE258Z01013,Trading & Distributors,Equity,Services,Services
531744,GINISILK,Gini Silk Mills Ltd,Active,X ,10,INE548B01018,Trading & Distributors,Equity,Services,Services
531746,PRAENG,Prajay Engineers Syndicate Ltd,Active,B ,10,INE505C01016,Residential- Commercial Projects,Equity,Consumer Discretionary,Realty
531752,BIOGEN,Biogen Pharmachem Industries Ltd,Active,X ,1,INE703D01023,Other Financial Services,Equity,Financial Services,Financial Services
531758,GKCONS,GK Consultants Ltd,Active,X ,10,INE131D01019,Non Banking Financial Company (NBFC),Equity,Financial Services,Financial Services
531761,APOLLOPIPE,Apollo Pipes Ltd,Active,B ,10,INE126J01016,Plastic Products - Industrial,Equity,Industrials,Capital Goods
531762,UNJHAFOR,Unjha Formulations Ltd,Active,X ,10,INE576D01015,Pharmaceuticals,Equity,Healthcare,Healthcare
531768,POLYMED,Poly Medicure Ltd,Active,A ,5,INE205C01021,Medical Equipment & Supplies,Equity,Healthcare,Healthcare
531771,SHRADDHA,Shraddha Prime Projects Ltd,Active,X ,10,INE311M01018,Residential- Commercial Projects,Equity,Consumer Discretionary,Realty
531778,KACHCHH,Kachchh Minerals Ltd,Active,XT,10,INE059E01010,Industrial Minerals,Equity,Commodities,Metals & Mining
531779,PADALPO,Padmanabh Alloys & Polymers Ltd,Active,XT,10,INE630U01014,Plastic Products - Industrial,Equity,Industrials,Capital Goods
531780,KACL,Kaiser Corporation Ltd,Active,XT,1,INE229G01022,Trading & Distributors,Equity,Services,Services
531784,KCLINFRA,KCL Infra Projects Ltd,Active,X ,2,INE469F01026,Civil Construction,Equity,Industrials,Construction
531795,ATULAUTO,Atul Auto Ltd,Active,B ,5,INE951D01028,Commercial Vehicles,Equity,Industrials,Capital Goods
531797,SCANPRO,Scan Projects Ltd,Active,XT,10,INE393D01015,Cement & Cement Products,Equity,Commodities,Construction Materials
531802,PRERINFRA,Prerna Infrabuild Ltd,Active,X ,10,INE426H01014,Residential- Commercial Projects,Equity,Consumer Discretionary,Realty
531810,METALCO,Metal Coatings India Ltd,Active,X ,10,INE161E01014,Iron & Steel Products,Equity,Industrials,Capital Goods
531812,SGNTE,SGN Telecoms Ltd,Active,X ,1,INE266C01023,Other Electrical Equipment,Equity,Industrials,Capital Goods
531813,GANGAPA,Ganga Papers India Ltd,Active,X ,10,INE278O01015,Paper & Paper Products,Equity,Commodities,Forest Materials
531814,TIRSARJ,Tirupati Sarjan Ltd,Active,X ,5,INE297J01023,Residential- Commercial Projects,Equity,Consumer Discretionary,Realty
531821,MUNOTHFI,Munoth Financial Services Ltd,Active,X ,10,INE348D01019,Other Financial Services,Equity,Financial Services,Financial Services
531822,RODIUM,Rodium Realty Ltd,Active,X ,10,INE513E01024,Residential- Commercial Projects,Equity,Consumer Discretionary,Realty
531832,NAGTECH,Nagarjuna Agri Tech Ltd,Active,XT,10,INE793H01017,Other Agricultural Products,Equity,Fast Moving Consumer Goods,Fast Moving Consumer Goods
531834,NATHUEC,Natura Hue Chem Ltd,Active,X ,10,INE487B01019,Other Agricultural Products,Equity,Fast Moving Consumer Goods,Fast Moving Consumer Goods
531840,IECEDU,IEC Education Ltd,Active,XT,10,INE172B01017,Software Products,Equity,Information Technology,Information Technology
531841,INDUSFINL,Indus Finance Ltd,Active,X ,10,INE935D01013,Non Banking Financial Company (NBFC),Equity,Financial Services,Financial Services
531842,LAHOTIOV,Lahoti Overseas Ltd,Active,X ,2,INE515C01023,Trading & Distributors,Equity,Services,Services
531845,ZENITHSTL,Zenith Steel Pipes & Industries Ltd,Active,B ,10,INE318D01020,Iron & Steel Products,Equity,Industrials,Capital Goods
531846,TRINITYLEA,Trinity League India Ltd,Active,X ,10,INE884X01011,Other Financial Services,Equity,Financial Services,Financial Services
531847,ASTAR,Asian Star Company Ltd,Active,B ,10,INE194D01017,Gems- Jewellery And Watches,Equity,Consumer Discretionary,Consumer Durables
531859,ORIRAIL,Oriental Rail Infrastructure Ltd,Active,T ,1,INE457G01029,Other Industrial Products,Equity,Industrials,Capital Goods
531861,JOINDRE,Joindre Capital Services Ltd,Active,X ,10,INE024B01010,Stockbroking & Allied,Equity,Financial Services,Financial Services
531862,BHARATAGRI,Bharat Agri Fert & Realty Ltd,Active,XT,1,INE842D01029,Fertilizers,Equity,Commodities,Chemicals
531867,UNITINT,Unitech International Ltd,Active,X ,10,INE929K01011,Specialty Chemicals,Equity,Commodities,Chemicals
531869,SACHEMT,Sacheta Metals Ltd,Active,X ,2,INE433G01020,Aluminium,Equity,Commodities,Metals & Mining
531870,POPULARES,Popular Estate Management Ltd,Active,X ,10,INE370C01015,Civil Construction,Equity,Industrials,Construction
531878,ANJANIFIN,Anjani Finance Ltd,Active,X ,10,INE283D01018,Non Banking Financial Company (NBFC),Equity,Financial Services,Financial Services
531885,SVAINDIA,SVA India Ltd,Active,P ,10,INE763K01014,Trading & Distributors,Equity,Services,Services
531888,REXNORD,Rexnord Electronics & Controls Ltd,Active,X ,10,INE687C01012,Industrial Products,Equity,Industrials,Capital Goods
531889,IIL,Integrated Industries Ltd,Active,X ,1,INE882B01037,Packaged Foods,Equity,Fast Moving Consumer Goods,Fast Moving Consumer Goods
531892,KHANDSE,Khandwala Securities Ltd,Active,B ,10,INE060B01014,Stockbroking & Allied,Equity,Financial Services,Financial Services
531893,SAWACA,Sawaca Enterprises Ltd,Active,X ,1,INE248B01023,Diversified Commercial Services,Equity,Services,Services
531900,CCLINTER,CCL International Ltd,Active,X ,10,INE778E01031,Civil Construction,Equity,Industrials,Construction
531902,GALLOPENT,Gallops Enterprise Ltd,Active,X ,10,INE755J01012,Residential- Commercial Projects,Equity,Consumer Discretionary,Realty
531909,CROISSANCE,Croissance Ltd,Active,XT,1,INE587J01027,Residential- Commercial Projects,Equity,Consumer Discretionary,Realty
531910,MADHUVEER,Madhuveer Com 18 Network Ltd,Active,X ,10,INE312M01016,Film Production- Distribution & Exhibition,Equity,Consumer Discretionary,"Media, Entertainment & Publication"
531911,GALAGEX,Galaxy Agrico Exports Ltd,Active,XT,10,INE803L01016,Industrial Products,Equity,Industrials,Capital Goods
531913,GOPAIST,Gopal Iron & Steels Company Gujarat Ltd,Active,X ,10,INE641H01018,Iron & Steel Products,Equity,Industrials,Capital Goods
531918,HINDAPL,Hindustan Appliances Ltd,Active,XT,10,INE02XD01011,Trading & Distributors,Equity,Services,Services
531921,AGARIND,Agarwal Industrial Corporation Ltd,Active,B ,10,INE204E01012,Petrochemicals,Equity,Commodities,Chemicals
531923,DHAMPURE,Dhampure Specialty Sugars Ltd,Active,X ,10,INE956B01013,Sugar,Equity,Fast Moving Consumer Goods,Fast Moving Consumer Goods
531925,SHAQUAK,Shantanu Sheorey Aquakult Ltd,Active,X ,10,INE545N01019,Packaged Foods,Equity,Fast Moving Consumer Goods,Fast Moving Consumer Goods
531929,INNOCORP,Innocorp Ltd,Active,X ,10,INE214B01017,Plastic Products - Industrial,Equity,Industrials,Capital Goods
531930,SARTHAKIND,Sarthak Industries Ltd,Active,X ,10,INE074H01012,Trading & Distributors,Equity,Services,Services
531931,SAICAPI,Sai Capital Ltd,Active,XT,10,INE531X01018,Diversified Commercial Services,Equity,Services,Services
531944,LEXORAA,Lexoraa Industries Ltd,Active,XT,10,INE185D01015,Industrial Products,Equity,Industrials,Capital Goods
531946,CHADPAP,Chadha Papers Ltd,Active,X ,10,INE669W01018,Paper & Paper Products,Equity,Commodities,Forest Materials
531950,VERTEX,Vertex Securities Ltd,Active,X ,2,INE316D01024,Other Financial Services,Equity,Financial Services,Financial Services
531952,RIBATEX,Riba Textiles Ltd,Active,X ,10,INE811H01017,Other Textile Products,Equity,Consumer Discretionary,Textiles
531959,NEWINFRA,Newtime Infrastructure Ltd,Active,XT,1,INE997D01021,Trading & Distributors,Equity,Services,Services
531960,KASHYAP,Kashyap Tele-Medicines Ltd,Active,XT,1,INE108B01029,IT Enabled Services,Equity,Information Technology,Information Technology
531962,SHREMETAL,Shree Metalloys Ltd,Active,X ,10,INE914B01012,Non Banking Financial Company (NBFC),Equity,Financial Services,Financial Services
531968,IITLPROJ,IITL Projects Ltd,Active,X ,10,INE786E01018,Residential- Commercial Projects,Equity,Consumer Discretionary,Realty
531971,HARIGOV,Hari Govind International Ltd,Active,P ,10,INE167F01018,Other Textile Products,Equity,Consumer Discretionary,Textiles
531977,CHLOGIST,Chartered Logistics Ltd,Active,X ,1,INE558F01026,Logistics Solution Provider,Equity,Services,Services
531978,AMBIKCO,Ambika Cotton Mills Ltd,Active,B ,10,INE540G01014,Other Textile Products,Equity,Consumer Discretionary,Textiles
531979,HINDALUMI,Hind Aluminium Industries Ltd,Active,X ,10,INE227B01019,Aluminium,Equity,Commodities,Metals & Mining
531980,SENINFO,Senthil Infotek Ltd,Active,XT,10,INE564B01015,Computers - Software & Consulting,Equity,Information Technology,Information Technology
531982,SPECFOOD,Spectrum Foods Ltd,Active,X ,10,INE547C01018,Other Food Products,Equity,Fast Moving Consumer Goods,Fast Moving Consumer Goods
531991,AMRAAGRI,Amraworld Agrico Ltd,Active,X ,1,INE735C01027,Other Textile Products,Equity,Consumer Discretionary,Textiles
531994,AUTOPINS,Auto Pins (India) Ltd,Active,X ,10,INE706C01028,Auto Components & Equipments,Equity,Consumer Discretionary,Automobile and Auto Components
531996,ODYCORP,Odyssey Corporation Ltd,Active,XT,5,INE839E01023,Non Banking Financial Company (NBFC),Equity,Financial Services,Financial Services
531997,VUENOW,Vuenow Infratech Ltd,Active,XT,10,INE164D01010,Industrial Products,Equity,Industrials,Capital Goods
532001,INDCTST,Inducto Steel Ltd,Active,X ,10,INE146H01018,Iron & Steel Products,Equity,Industrials,Capital Goods
532005,SAMINDUS,Sam Industries Ltd,Active,XT,10,INE653D01012,Residential- Commercial Projects,Equity,Consumer Discretionary,Realty
532007,SHVFL,Shree Vatsaa Finance & leasing Ltd,Active,X ,10,INE981C01019,Diversified Commercial Services,Equity,Services,Services
532011,POOJAENT,Vashu Bhagnani Industries Ltd,Active,X ,10,INE147C01017,Film Production- Distribution & Exhibition,Equity,Consumer Discretionary,"Media, Entertainment & Publication"
532015,GRAVITY,Gravity India Ltd,Active,XT,10,INE995A01013,Other Textile Products,Equity,Consumer Discretionary,Textiles
532016,ESPIRE,Espire Hospitality Limited,Active,XT,10,INE176O01011,Hotels & Resorts,Equity,Consumer Discretionary,Consumer Services
532019,LCCINFOTEC,LCC Infotech Ltd,Active,T ,2,INE938A01021,Education,Equity,Consumer Discretionary,Consumer Services
532022,FILATFASH,Filatex Fashions Ltd,Active,T ,1,INE185E01021,Garments & Apparels,Equity,Consumer Discretionary,Textiles
532024,AARCON,Aarcon Facilities Ltd,Active,P ,10,INE056J01015,Other Financial Services,Equity,Financial Services,Financial Services
532029,SINDHUTRAD,Sindhu Trade Links Ltd,Active,B ,1,INE325D01025,Logistics Solution Provider,Equity,Services,Services
532039,ZENOTECH,Zenotech Laboratories Ltd,Active,X ,10,INE486F01012,Pharmaceuticals,Equity,Healthcare,Healthcare
532041,HINDBIO,Hindustan Bio Sciences Ltd,Active,XT,2,INE597C01021,Software Products,Equity,Information Technology,Information Technology
532042,FRONTCORP,Frontline Corporation Ltd,Active,X ,10,INE092D01013,Road Transport,Equity,Services,Services
532051,SWELECTES,Swelect Energy Systems Ltd,Active,T ,10,INE409B01013,Heavy Electrical Equipment,Equity,Industrials,Capital Goods
532053,WALLFORT,Wallfort Financial Services Ltd,Active,XT,10,INE121B01014,Stockbroking & Allied,Equity,Financial Services,Financial Services
532054,KDDL,KDDL Ltd,Active,B ,10,INE291D01011,Gems- Jewellery And Watches,Equity,Consumer Discretionary,Consumer Durables
532056,ADIEXRE,Adinath Exim Resources Ltd,Active,XT,10,INE398H01015,Investment Company,Equity,Financial Services,Financial Services
532057,ABHICAP,Abhinav Capital Services Ltd,Active,X ,10,INE516F01016,Non Banking Financial Company (NBFC),Equity,Financial Services,Financial Services
532067,3BBLACKBIO,3B BlackBio Dx Ltd,Active,B ,10,INE994E01018,Healthcare Service Provider,Equity,Healthcare,Healthcare
532070,SUMUKA,Sumuka Agro Industries Ltd,Active,X ,10,INE311N01016,Packaged Foods,Equity,Fast Moving Consumer Goods,Fast Moving Consumer Goods
532078,MONIND,Monind Ltd,Active,X ,10,INE407E01029,Iron & Steel Products,Equity,Industrials,Capital Goods
532083,SHKALYN,Shri Kalyan Holdings Ltd,Active,XT,10,INE079N01019,Diversified Commercial Services,Equity,Services,Services
532090,VANDANA,Vandana Knitwear Ltd,Active,XT,1,INE219M01021,Other Textile Products,Equity,Consumer Discretionary,Textiles
532092,EPUJA,Epuja Spiritech Ltd,Active,X ,1,INE807D01030,Non Banking Financial Company (NBFC),Equity,Financial Services,Financial Services
532100,INDOCITY,Indo City Infotech Ltd,Active,XT,10,INE456B01014,Software Products,Equity,Information Technology,Information Technology
532102,SBECSUG,SBEC Sugar Ltd,Active,XT,10,INE948G01019,Sugar,Equity,Fast Moving Consumer Goods,Fast Moving Consumer Goods
532113,BRIJLEAS,Brijlaxmi Leasing & Finance Ltd,Active,X ,10,INE957E01031,Non Banking Financial Company (NBFC),Equity,Financial Services,Financial Services
532123,BSELALGO,BSEL Algo Ltd,Active,X ,10,INE395A01016,Investment Company,Equity,Financial Services,Financial Services
532124,RELIABVEN,Reliable Ventures India Ltd,Active,X ,10,INE419H01019,Hotels & Resorts,Equity,Consumer Discretionary,Consumer Services
532131,TRIUMPIN,Triumph International Finance India Ltd,Active,XT,10,INE382B01012,Other Financial Services,Equity,Financial Services,Financial Services
532134,BANKBARODA,Bank of Baroda,Active,A ,2,INE028A01039,Public Sector Bank,Equity,Financial Services,Financial Services
532138,SMCREDT,SMC Credits Ltd,Active,XT,10,INE440E01012,Non Banking Financial Company (NBFC),Equity,Financial Services,Financial Services
532140,MOHITE,Mohite Industries Ltd,Active,X ,1,INE154B01023,Other Textile Products,Equity,Consumer Discretionary,Textiles
532141,ACL,Andhra Cements Ltd,Active,B ,10,INE666E01020,Cement & Cement Products,Equity,Commodities,Construction Materials
532143,SKMEGGPROD,SKM Egg Products Export (India) Ltd,Active,B ,10,INE411D01015,Meat Products including Poultry,Equity,Fast Moving Consumer Goods,Fast Moving Consumer Goods
532144,WELCORP,Welspun Corp Ltd,Active,A ,5,INE191B01025,Iron & Steel Products,Equity,Industrials,Capital Goods
532145,HOTLSILV,H S India Ltd,Active,X ,10,INE731B01010,Hotels & Resorts,Equity,Consumer Discretionary,Consumer Services
532149,BANKINDIA,Bank of India,Active,A ,10,INE084A01016,Public Sector Bank,Equity,Financial Services,Financial Services
532150,INDRAMEDCO,Indraprastha Medical Corporation Ltd,Active,B ,10,INE681B01017,Hospital,Equity,Healthcare,Healthcare
532154,JOHNPHARMA,Johnson Pharmacare Ltd,Active,X ,1,INE560F01022,Diversified Commercial Services,Equity,Services,Services
532155,GAIL,Gail (India) Ltd,Active,A ,10,INE129A01019,Gas Transmission/Marketing,Equity,Energy,"Oil, Gas & Consumable Fuels"
532156,VAIBHAVGBL,Vaibhav Global Ltd,Active,A ,2,INE884A01027,Gems- Jewellery And Watches,Equity,Consumer Discretionary,Consumer Durables
532159,TRESCON,Trescon Ltd,Active,XT,10,INE088D01011,Residential- Commercial Projects,Equity,Consumer Discretionary,Realty
532160,GUJSTATFIN,Gujarat State Financial Corporation,Active,B ,10,INE944A01011,Financial Institution,Equity,Financial Services,Financial Services
532162,JKPAPER,JK Paper Ltd,Active,A ,10,INE789E01012,Paper & Paper Products,Equity,Commodities,Forest Materials
532163,SAREGAMA,Saregama India Ltd,Active,A ,1,INE979A01025,Media & Entertainment,Equity,Consumer Discretionary,"Media, Entertainment & Publication"
532164,MINOLTAF,Minolta Finance Ltd,Active,Z ,1,INE514C01026,Non Banking Financial Company (NBFC),Equity,Financial Services,Financial Services
532167,OMKARPH,Omkar Pharmachem Ltd,Active,X ,10,INE501C01015,Commodity Chemicals,Equity,Commodities,Chemicals
532172,ADROITINFO,Adroit Infotech Ltd,Active,B ,10,INE737B01033,IT Enabled Services,Equity,Information Technology,Information Technology
532173,CYBERTECH,CyberTech Systems and Software Ltd,Active,T ,10,INE214A01019,Computers - Software & Consulting,Equity,Information Technology,Information Technology
532174,ICICIBANK,ICICI Bank Ltd,Active,A ,2,INE090A01021,Private Sector Bank,Equity,Financial Services,Financial Services
532175,CYIENT,Cyient Ltd,Active,A ,5,INE136B01020,IT Enabled Services,Equity,Information Technology,Information Technology
532178,ENGINERSIN,Engineers India Ltd,Active,A ,5,INE510A01028,Civil Construction,Equity,Industrials,Construction
532180,DHANBANK,Dhanlaxmi Bank Ltd,Active,B ,10,INE680A01011,Private Sector Bank,Equity,Financial Services,Financial Services
532181,GMDCLTD,Gujarat Mineral Development Corporation Ltd,Active,A ,2,INE131A01031,Industrial Minerals,Equity,Commodities,Metals & Mining
532183,GAYATRI,Gayatri Sugars Ltd,Active,X ,10,INE622E01023,Sugar,Equity,Fast Moving Consumer Goods,Fast Moving Consumer Goods
532187,INDUSINDBK,Indusind Bank Ltd,Active,A ,10,INE095A01012,Private Sector Bank,Equity,Financial Services,Financial Services
532189,ITDC,India Tourism Development Corporation Ltd,Active,B ,10,INE353K01014,Hotels & Resorts,Equity,Consumer Discretionary,Consumer Services
532209,J&KBANK,Jammu & Kashmir Bank Ltd,Active,A ,1,INE168A01041,Private Sector Bank,Equity,Financial Services,Financial Services
532210,CUB,City Union Bank Ltd,Active,A ,1,INE491A01021,Private Sector Bank,Equity,Financial Services,Financial Services
532212,ARCHIES,Archies Ltd,Active,B ,2,INE731A01020,Leisure Products,Equity,Consumer Discretionary,Consumer Durables
532215,AXISBANK,AXIS Bank Ltd,Active,A ,2,INE238A01034,Private Sector Bank,Equity,Financial Services,Financial Services
532216,HBSL,HB Stockholdings Ltd,Active,B ,10,INE550B01022,Non Banking Financial Company (NBFC),Equity,Financial Services,Financial Services
532217,SIELFNS,Siel Financial Services Ltd,Active,XT,10,INE027F01014,Other Financial Services,Equity,Financial Services,Financial Services
532218,SOUTHBANK,South Indian Bank Ltd,Active,A ,1,INE683A01023,Private Sector Bank,Equity,Financial Services,Financial Services
532219,ENERGYDEV,Energy Development Company Ltd,Active,B ,10,INE306C01019,Power Generation,Equity,Utilities,Power
532221,SONATSOFTW,Sonata Software Ltd,Active,A ,1,INE269A01021,Computers - Software & Consulting,Equity,Information Technology,Information Technology
532230,BENGALT,Bengal Tea & Fabrics Ltd,Active,X ,10,INE665D01016,Tea & Coffee,Equity,Fast Moving Consumer Goods,Fast Moving Consumer Goods
532234,NATIONALUM,National Aluminium Company Ltd,Active,A ,5,INE139A01034,Aluminium,Equity,Commodities,Metals & Mining
532240,INDNIPPON,India Nippon Electricals Ltd,Active,B ,5,INE092B01025,Auto Components & Equipments,Equity,Consumer Discretionary,Automobile and Auto Components
532256,NSIL,Nalwa Sons Investments Ltd,Active,B ,10,INE023A01030,Investment Company,Equity,Financial Services,Financial Services
532259,APARINDS,Apar Industries Ltd,Active,A ,10,INE372A01015,Other Electrical Equipment,Equity,Industrials,Capital Goods
532262,TCIIND,TCI Industries Ltd,Active,X ,10,INE920B01019,Diversified Commercial Services,Equity,Services,Services
532268,ACCELYA,Accelya Solutions India Ltd,Active,B ,10,INE793A01012,Computers - Software & Consulting,Equity,Information Technology,Information Technology
532271,ORCHASP,Orchasp Ltd,Active,T ,2,INE215B01022,Computers - Software & Consulting,Equity,Information Technology,Information Technology
532275,LANDMARC,Landmarc Leisure Corporation Ltd,Active,XT,1,INE394C01023,Non Banking Financial Company (NBFC),Equity,Financial Services,Financial Services
532281,HCLTECH,HCL Technologies Ltd,Active,A ,2,INE860A01027,Computers - Software & Consulting,Equity,Information Technology,Information Technology
532284,TCFCFINQ,TCFC Finance Ltd,Active,X ,10,INE389D01013,Non Banking Financial Company (NBFC),Equity,Financial Services,Financial Services
532285,GEOJITFSL,Geojit Financial Services Ltd,Active,B ,1,INE007B01023,Stockbroking & Allied,Equity,Financial Services,Financial Services
532286,JINDALSTEL,Jindal Steel & Power Ltd,Active,A ,1,INE749A01030,Iron & Steel,Equity,Commodities,Metals & Mining
532290,BLBLIMITED,BLB Ltd,Active,B ,1,INE791A01024,Investment Company,Equity,Financial Services,Financial Services
532296,GLENMARK,Glenmark Pharmaceuticals Ltd,Active,A ,1,INE935A01035,Pharmaceuticals,Equity,Healthcare,Healthcare
532300,WOCKPHARMA,Wockhardt Ltd,Active,A ,5,INE049B01025,Pharmaceuticals,Equity,Healthcare,Healthcare
532303,INTEGHIT,Integrated Hitech Ltd,Active,X ,10,INE934A01012,Software Products,Equity,Information Technology,Information Technology
532304,KJMCCORP,KJMC Corporate Advisors (India) Ltd,Active,X ,10,INE602C01011,Other Financial Services,Equity,Financial Services,Financial Services
532305,INDSWFTLAB,Ind-Swift Laboratories Ltd,Active,B ,10,INE915B01019,Pharmaceuticals,Equity,Healthcare,Healthcare
532309,GEPIL,GE Power India Ltd,Active,B ,10,INE878A01011,Heavy Electrical Equipment,Equity,Industrials,Capital Goods
532310,SHREERAMA,Shree Rama Multi-Tech Ltd,Active,B ,5,INE879A01019,Packaging,Equity,Industrials,Capital Goods
532313,MAHLIFE,Mahindra Lifespace Developers Ltd,Active,A ,10,INE813A01018,Residential- Commercial Projects,Equity,Consumer Discretionary,Realty
532315,GROARC,Groarc Industries India Ltd,Active,XT,10,INE042B01012,Software Products,Equity,Information Technology,Information Technology
532320,VAARAD,Vaarad Ventures Ltd,Active,X ,1,INE418B01048,Non Banking Financial Company (NBFC),Equity,Financial Services,Financial Services
532321,ZYDUSLIFE,Zydus Lifesciences Ltd,Active,A ,1,INE010B01027,Pharmaceuticals,Equity,Healthcare,Healthcare
532323,SHIVACEM,Shiva Cement Ltd,Active,B ,2,INE555C01029,Cement & Cement Products,Equity,Commodities,Construction Materials
532324,CINEVISTA,Cinevista Ltd,Active,B ,2,INE039B01026,Media & Entertainment,Equity,Consumer Discretionary,"Media, Entertainment & Publication"
532326,INTENTECH,Intense Technologies Ltd,Active,B ,2,INE781A01025,IT Enabled Services,Equity,Information Technology,Information Technology
532329,DANLAW,Danlaw Technologies India Ltd,Active,XT,10,INE310B01013,Industrial Products,Equity,Industrials,Capital Goods
532331,AJANTPHARM,Ajanta Pharma Ltd,Active,A ,2,INE031B01049,Pharmaceuticals,Equity,Healthcare,Healthcare
532332,CURAA,Cura Technologies Ltd,Active,T ,10,INE117B01020,Computers - Software & Consulting,Equity,Information Technology,Information Technology
532333,HBPOR,HB Portfolio Ltd,Active,X ,10,INE638B01025,Other Financial Services,Equity,Financial Services,Financial Services
532334,HBESD,HB Estate Developers Ltd,Active,X ,10,INE640B01021,Residential- Commercial Projects,Equity,Consumer Discretionary,Realty
532335,AMBICAAGAR,Ambica Agarbathies & Aroma Industries Ltd,Active,B ,10,INE792B01012,Household Products,Equity,Fast Moving Consumer Goods,Fast Moving Consumer Goods
532339,COMPUSOFT,Compucom Software Ltd,Active,B ,2,INE453B01029,Education,Equity,Consumer Discretionary,Consumer Services
532340,OMNIAX,Omni AXs Software Ltd,Active,X ,10,INE369B01019,Software Products,Equity,Information Technology,Information Technology
532341,IZMO,IZMO Ltd,Active,T ,10,INE848A01014,IT Enabled Services,Equity,Information Technology,Information Technology
532343,TVSMOTOR,TVS Motor Company Ltd,Active,A ,1,INE494B01023,2/3 Wheelers,Equity,Consumer Discretionary,Automobile and Auto Components
532344,SOFTSOL,Softsol India Ltd,Active,X ,10,INE002B01016,Real Estate related services,Equity,Consumer Discretionary,Realty
532345,ACLGATI,Allcargo Gati Ltd,Active,B ,2,INE152B01027,Logistics Solution Provider,Equity,Services,Services
532348,SUBEXLTD,Subex Ltd,Active,A ,5,INE754A01055,Software Products,Equity,Information Technology,Information Technology
532349,TCI,Transport Corporation of India Ltd,Active,B ,2,INE688A01022,Logistics Solution Provider,Equity,Services,Services
532350,PADMALAYAT,Padmalaya Telefilms Ltd,Active,Z ,10,INE243B01016,Film Production- Distribution & Exhibition,Equity,Consumer Discretionary,"Media, Entertainment & Publication"
532351,AKSHOPTFBR,Aksh Optifibre Ltd,Active,T ,5,INE523B01011,Telecom -  Equipment & Accessories,Equity,Telecommunication,Telecommunication
532354,VIRGOGLOB,Virgo Global Ltd,Active,X ,4,INE400B01020,Software Products,Equity,Information Technology,Information Technology
532355,PICTUREHS,Picturehouse Media Ltd,Active,X ,10,INE448B01029,Film Production- Distribution & Exhibition,Equity,Consumer Discretionary,"Media, Entertainment & Publication"
532356,TRIVENI,Triveni Engineering & Industries Ltd,Active,A ,1,INE256C01024,Sugar,Equity,Fast Moving Consumer Goods,Fast Moving Consumer Goods
532357,MUKTAARTS,Mukta Arts Ltd,Active,B ,5,INE374B01019,Film Production- Distribution & Exhibition,Equity,Consumer Discretionary,"Media, Entertainment & Publication"
532362,NAGPI,Nagpur Power & Industries Ltd,Active,X ,10,INE099E01016,Ferro & Silica Manganese,Equity,Commodities,Metals & Mining
532365,DSSL,Dynacons Systems & Solutions Ltd,Active,B ,10,INE417B01040,IT Enabled Services,Equity,Information Technology,Information Technology
532366,PNBGILTS,PNB Gilts Ltd,Active,B ,10,INE859A01011,Investment Company,Equity,Financial Services,Financial Services
532369,RAMCOIND,Ramco Industries Ltd,Active,B ,1,INE614A01028,Other Construction Materials,Equity,Commodities,Construction Materials
532370,RAMCOSYS,Ramco Systems Ltd,Active,B ,10,INE246B01019,Software Products,Equity,Information Technology,Information Technology
532371,TTML,Tata Teleservices (Maharashtra) Ltd,Active,A ,10,INE517B01013,Telecom - Cellular & Fixed line services,Equity,Telecommunication,Telecommunication
532372,VIRINCHI,Virinchi Ltd,Active,B ,10,INE539B01017,Software Products,Equity,Information Technology,Information Technology
532373,WEPSOLN,WEP Solutions Ltd,Active,X ,10,INE434B01029,IT Enabled Services,Equity,Information Technology,Information Technology
532374,STLTECH,Sterlite Technologies Ltd,Active,A ,2,INE089C01029,Telecom -  Equipment & Accessories,Equity,Telecommunication,Telecommunication
532375,TIPSMUSIC,Tips Music Ltd,Active,A ,1,INE716B01029,Media & Entertainment,Equity,Consumer Discretionary,"Media, Entertainment & Publication"
532376,UMIYA-MRO,Umiya Buildcon Ltd,Active,B ,5,INE398B01018,Telecom -  Equipment & Accessories,Equity,Telecommunication,Telecommunication
532378,UNIVARTS,Universal Arts Ltd,Active,X ,10,INE464B01018,Film Production- Distribution & Exhibition,Equity,Consumer Discretionary,"Media, Entertainment & Publication"
532379,FIRSTFIN,First Fintec Ltd,Active,X ,10,INE683B01047,Software Products,Equity,Information Technology,Information Technology
532380,BABA,Baba Arts Ltd,Active,X ,1,INE893A01036,Film Production- Distribution & Exhibition,Equity,Consumer Discretionary,"Media, Entertainment & Publication"
532382,BALAJITELE,Balaji Telefilms Ltd,Active,B ,2,INE794B01026,Media & Entertainment,Equity,Consumer Discretionary,"Media, Entertainment & Publication"
532384,TYCHE,Tyche Industries Ltd,Active,X ,10,INE443B01012,Pharmaceuticals,Equity,Healthcare,Healthcare
532386,CALSOFT,California Software Company Ltd,Active,T ,10,INE526B01014,Computers - Software & Consulting,Equity,Information Technology,Information Technology
532387,PNC,Pritish Nandy Communications Ltd,Active,T ,10,INE392B01011,Film Production- Distribution & Exhibition,Equity,Consumer Discretionary,"Media, Entertainment & Publication"
532388,IOB,Indian Overseas Bank,Active,A ,10,INE565A01014,Public Sector Bank,Equity,Financial Services,Financial Services
532390,TAJGVK,Taj Gvk Hotels & Resorts Ltd,Active,B ,2,INE586B01026,Hotels & Resorts,Equity,Consumer Discretionary,Consumer Services
532392,CREATIVEYE,Creative Eye Ltd,Active,B ,5,INE230B01021,Media & Entertainment,Equity,Consumer Discretionary,"Media, Entertainment & Publication"
532395,AXISCADES,Axiscades Technologies Ltd,Active,T ,5,INE555B01013,Aerospace & Defense,Equity,Industrials,Capital Goods
532397,KONNDOR,Konndor Industries Ltd,Active,X ,10,INE971A01014,Paper & Paper Products,Equity,Commodities,Forest Materials
532398,UMESLTD,Usha Martin Education & Solutions Ltd,Active,T ,1,INE240C01028,E-Learning,Equity,Consumer Discretionary,Consumer Services
532400,BSOFT,Birlasoft Ltd,Active,A ,2,INE836A01035,Computers - Software & Consulting,Equity,Information Technology,Information Technology
532402,USGTECH,USG Tech Solutions Ltd,Active,XT,10,INE718B01017,IT Enabled Services,Equity,Information Technology,Information Technology
532404,7TEC,Saven Technologies Ltd,Active,X ,1,INE856B01023,IT Enabled Services,Equity,Information Technology,Information Technology
532406,AVANTEL,Avantel Ltd,Active,A ,2,INE005B01027,Aerospace & Defense,Equity,Industrials,Capital Goods
532407,MOSCHIP,Moschip Technologies Ltd,Active,B ,2,INE935B01025,Computers Hardware & Equipments,Equity,Information Technology,Information Technology
532408,MEGASOFT,Megasoft Ltd,Active,T ,10,INE933B01012,Other Telecom Services,Equity,Telecommunication,Telecommunication
532410,TRANSCOR,Transcorp International Ltd,Active,X ,2,INE330E01023,Other Financial Services,Equity,Financial Services,Financial Services
532413,CEREBRAINT,Cerebra Integrated Technologies Ltd,Active,Z ,10,INE345B01019,Computers Hardware & Equipments,Equity,Information Technology,Information Technology
532416,NEXTMEDIA,Next Mediaworks Ltd,Active,T ,10,INE747B01016,Media & Entertainment,Equity,Consumer Discretionary,"Media, Entertainment & Publication"
532419,SMARTLINK,Smartlink Holdings Ltd,Active,B ,2,INE178C01020,Computers Hardware & Equipments,Equity,Information Technology,Information Technology
532424,GODREJCP,Godrej Consumer Products Ltd,Active,A ,1,INE102D01028,Personal Care,Equity,Fast Moving Consumer Goods,Fast Moving Consumer Goods
532425,GENUSPRIME,Genus Prime Infra Ltd,Active,X ,2,INE256D01014,Commodity Chemicals,Equity,Commodities,Chemicals
532430,BFUTILITIE,BF Utilities Ltd,Active,A ,5,INE243D01012,Road Assets–Toll- Annuity- Hybrid-Annuity,Equity,Services,Services
532432,UNITDSPR,United Spirits Ltd,Active,A ,2,INE854D01024,Breweries & Distilleries,Equity,Fast Moving Consumer Goods,Fast Moving Consumer Goods
532435,SANINFRA,Sanmit Infra Ltd,Active,X ,1,INE799C01031,Refineries & Marketing,Equity,Energy,"Oil, Gas & Consumable Fuels"
532439,OLECTRA,Olectra Greentech Ltd,Active,A ,4,INE260D01016,Passenger Cars & Utility Vehicles,Equity,Consumer Discretionary,Automobile and Auto Components
532440,MPSLTD,MPS Ltd,Active,B ,10,INE943D01017,E-Learning,Equity,Consumer Discretionary,Consumer Services
532443,CERA,Cera Sanitaryware Ltd,Active,A ,5,INE739E01017,Sanitary Ware,Equity,Consumer Discretionary,Consumer Durables
532444,TSPIRITUAL,T Spiritual World Ltd,Active,X ,10,INE541C01037,Software Products,Equity,Information Technology,Information Technology
532454,BHARTIARTL,Bharti Airtel Ltd,Active,A ,5,INE397D01024,Telecom - Cellular & Fixed line services,Equity,Telecommunication,Telecommunication
532455,SHALIWIR,Shalimar Wires Industries Ltd,Active,X ,2,INE655D01025,Other Textile Products,Equity,Consumer Discretionary,Textiles
532457,GULPOLY,Gulshan Polyols Ltd,Active,B ,1,INE255D01024,Other Agricultural Products,Equity,Fast Moving Consumer Goods,Fast Moving Consumer Goods
532460,PONNIERODE,Ponni Sugars (Erode) Ltd,Active,B ,10,INE838E01017,Sugar,Equity,Fast Moving Consumer Goods,Fast Moving Consumer Goods
532461,PNB,Punjab National Bank,Active,A ,2,INE160A01022,Public Sector Bank,Equity,Financial Services,Financial Services
532466,OFSS,Oracle Financial Services Software Ltd,Active,A ,5,INE881D01027,Software Products,Equity,Information Technology,Information Technology
532467,HAZOOR,Hazoor Multi Projects Ltd,Active,X ,1,INE550F01049,Residential- Commercial Projects,Equity,Consumer Discretionary,Realty
532468,KAMAHOLD,Kama Holdings Ltd,Active,A ,10,INE411F01010,Holding Company,Equity,Financial Services,Financial Services
532475,APTECHT,Aptech Ltd,Active,B ,10,INE266F01018,Education,Equity,Consumer Discretionary,Consumer Services
532477,UNIONBANK,Union Bank of India,Active,A ,10,INE692A01016,Public Sector Bank,Equity,Financial Services,Financial Services
532478,UBL,United Breweries Ltd,Active,A ,1,INE686F01025,Breweries & Distilleries,Equity,Fast Moving Consumer Goods,Fast Moving Consumer Goods
532481,NOIDATOLL,Noida Toll Bridge Company Ltd,Active,T ,10,INE781B01015,Road Assets–Toll- Annuity- Hybrid-Annuity,Equity,Services,Services
532482,GRANULES,Granules India Ltd,Active,A ,1,INE101D01020,Pharmaceuticals,Equity,Healthcare,Healthcare
532483,CANBK,Canara Bank,Active,A ,2,INE476A01022,Public Sector Bank,Equity,Financial Services,Financial Services
532485,BLIL,Balmer Lawrie Investments Ltd,Active,B ,1,INE525F01025,Non Banking Financial Company (NBFC),Equity,Financial Services,Financial Services
532486,POKARNA,Pokarna Ltd,Active,B ,2,INE637C01025,Granites & Marbles,Equity,Consumer Discretionary,Consumer Durables
532488,DIVISLAB,Divis Laboratories Ltd,Active,A ,2,INE361B01024,Pharmaceuticals,Equity,Healthcare,Healthcare
532493,ASTRAMICRO,Astra Microwave Products Ltd,Active,A ,2,INE386C01029,Aerospace & Defense,Equity,Industrials,Capital Goods
532497,RADICO,Radico Khaitan Ltd,Active,A ,2,INE944F01028,Breweries & Distilleries,Equity,Fast Moving Consumer Goods,Fast Moving Consumer Goods
532500,MARUTI,Maruti Suzuki India Ltd,Active,A ,5,INE585B01010,Passenger Cars & Utility Vehicles,Equity,Consumer Discretionary,Automobile and Auto Components
532503,RAJPALAYAM,Rajapalayam Mills Ltd,Active,X ,10,INE296E01026,Other Textile Products,Equity,Consumer Discretionary,Textiles
532504,NAVINFLUOR,Navin Fluorine International Ltd,Active,A ,2,INE048G01026,Specialty Chemicals,Equity,Commodities,Chemicals
532505,UCOBANK,UCO Bank,Active,A ,10,INE691A01018,Public Sector Bank,Equity,Financial Services,Financial Services
532507,BAGFILMS,B.A.G. Films and Media Ltd,Active,T ,2,INE116D01028,TV Broadcasting & Software Production,Equity,Consumer Discretionary,"Media, Entertainment & Publication"
532508,JSL,Jindal Stainless Ltd,Active,A ,2,INE220G01021,Iron & Steel,Equity,Commodities,Metals & Mining
532509,SUPRAJIT,Suprajit Engineering Ltd,Active,A ,1,INE399C01030,Auto Components & Equipments,Equity,Consumer Discretionary,Automobile and Auto Components
532513,TVSELECT,TVS Electronics Ltd,Active,B ,10,INE236G01019,Computers Hardware & Equipments,Equity,Information Technology,Information Technology
532514,IGL,Indraprastha Gas Ltd,Active,A ,2,INE203G01027,LPG/CNG/PNG/LNG Supplier,Equity,Energy,"Oil, Gas & Consumable Fuels"
532515,TVTODAY,TV Today Network Ltd,Active,B ,5,INE038F01029,TV Broadcasting & Software Production,Equity,Consumer Discretionary,"Media, Entertainment & Publication"
532521,PALREDTEC,Palred Technologies Ltd,Active,T ,10,INE218G01033,IT Enabled Services,Equity,Information Technology,Information Technology
532522,PETRONET,Petronet LNG Ltd,Active,A ,10,INE347G01014,LPG/CNG/PNG/LNG Supplier,Equity,Energy,"Oil, Gas & Consumable Fuels"
532523,BIOCON,Biocon Ltd,Active,A ,5,INE376G01013,Pharmaceuticals,Equity,Healthcare,Healthcare
532524,PTC,PTC India Ltd,Active,A ,10,INE877F01012,Power Trading,Equity,Utilities,Power
532525,MAHABANK,Bank of Maharashtra,Active,A ,10,INE457A01014,Public Sector Bank,Equity,Financial Services,Financial Services
532527,RKFORGE,Ramkrishna Forgings Ltd,Active,A ,2,INE399G01023,Auto Components & Equipments,Equity,Consumer Discretionary,Automobile and Auto Components
532528,DATAMATICS,Datamatics Global Services Ltd,Active,B ,5,INE365B01017,IT Enabled Services,Equity,Information Technology,Information Technology
532529,NDTV,New Delhi Television Ltd,Active,B ,4,INE155G01029,TV Broadcasting & Software Production,Equity,Consumer Discretionary,"Media, Entertainment & Publication"
532531,STAR,Strides Pharma Science Ltd,Active,A ,10,INE939A01011,Pharmaceuticals,Equity,Healthcare,Healthcare
532538,ULTRACEMCO,UltraTech Cement Ltd,Active,A ,10,INE481G01011,Cement & Cement Products,Equity,Commodities,Construction Materials
532539,UNOMINDA,UNO Minda Ltd,Active,A ,2,INE405E01023,Auto Components & Equipments,Equity,Consumer Discretionary,Automobile and Auto Components
532540,TCS,Tata Consultancy Services Ltd,Active,A ,1,INE467B01029,Computers - Software & Consulting,Equity,Information Technology,Information Technology
532541,COFORGE,Coforge Ltd,Active,A ,10,INE591G01017,Computers - Software & Consulting,Equity,Information Technology,Information Technology
532543,GULFPETRO,GP Petroleums Ltd,Active,B ,5,INE586G01017,Lubricants,Equity,Energy,"Oil, Gas & Consumable Fuels"
532548,CENTURYPLY,Century Plyboards (India) Ltd,Active,A ,1,INE348B01021,Plywood Boards/ Laminates,Equity,Consumer Discretionary,Consumer Durables
532553,WELENT,Welspun Enterprises Ltd,Active,A ,10,INE625G01013,Civil Construction,Equity,Industrials,Construction
532555,NTPC,NTPC Ltd,Active,A ,10,INE733E01010,Power Generation,Equity,Utilities,Power
532604,SALSTEEL,S.A.L. Steel Ltd,Active,B ,10,INE658G01014,Sponge Iron,Equity,Commodities,Metals & Mining
532605,JBMA,JBM Auto Ltd,Active,A ,1,INE927D01051,Auto Components & Equipments,Equity,Consumer Discretionary,Automobile and Auto Components
532610,DWARKESH,Dwarikesh Sugar Industries Ltd,Active,B ,1,INE366A01041,Sugar,Equity,Fast Moving Consumer Goods,Fast Moving Consumer Goods
532612,INDOCO,Indoco Remedies Ltd,Active,B ,2,INE873D01024,Pharmaceuticals,Equity,Healthcare,Healthcare
532613,VIPCLOTHNG,VIP Clothing Ltd,Active,T ,2,INE450G01024,Garments & Apparels,Equity,Consumer Discretionary,Textiles
532614,IMPEXFERRO,Impex Ferro Tech Ltd,Active,Z ,10,INE691G01015,Ferro & Silica Manganese,Equity,Commodities,Metals & Mining
532616,XCHANGING,Xchanging Solutions Ltd,Active,B ,10,INE692G01013,Computers - Software & Consulting,Equity,Information Technology,Information Technology
532624,JINDALPHOT,Jindal Photo Ltd,Active,B ,10,INE796G01012,Investment Company,Equity,Financial Services,Financial Services
532626,POCL,Pondy Oxides & Chemicals Ltd,Active,B ,5,INE063E01053,Diversified Metals,Equity,Commodities,Metals & Mining
532627,JPPOWER,Jaiprakash Power Ventures Ltd,Active,A ,10,INE351F01018,Power Generation,Equity,Utilities,Power
532628,3IINFOLTD,3i Infotech Ltd,Active,B ,10,INE748C01038,Computers - Software & Consulting,Equity,Information Technology,Information Technology
532630,GOKEX,Gokaldas Exports Ltd,Active,A ,5,INE887G01027,Garments & Apparels,Equity,Consumer Discretionary,Textiles
532633,ALLDIGI,Alldigi Tech Ltd,Active,B ,10,INE835G01018,Business Process Outsourcing (BPO)/ Knowledge Process Outsourcing (KPO),Equity,Services,Services
532636,IIFL,IIFL Finance Ltd,Active,A ,2,INE530B01024,Non Banking Financial Company (NBFC),Equity,Financial Services,Financial Services
532637,MANGALAM,Mangalam Drugs & Organics Ltd,Active,B ,10,INE584F01014,Pharmaceuticals,Equity,Healthcare,Healthcare
532638,SHOPERSTOP,Shoppers Stop Ltd,Active,A ,5,INE498B01024,Diversified Retail,Equity,Consumer Discretionary,Consumer Services
532640,CYBERMEDIA,Cyber Media India Ltd,Active,T ,10,INE278G01037,Electronic Media,Equity,Consumer Discretionary,"Media, Entertainment & Publication"
532641,NDL,Nandan Denim Ltd,Active,B ,1,INE875G01048,Other Textile Products,Equity,Consumer Discretionary,Textiles
532642,JSWHL,JSW Holdings Ltd,Active,T ,10,INE824G01012,Investment Company,Equity,Financial Services,Financial Services
532644,JKCEMENT,JK Cement Ltd,Active,A ,10,INE823G01014,Cement & Cement Products,Equity,Commodities,Construction Materials
532645,BEEYU,Beeyu Overseas Ltd,Active,X ,10,INE052B01011,Trading & Distributors,Equity,Services,Services
532648,YESBANK,Yes Bank Ltd,Active,A ,2,INE528G01035,Private Sector Bank,Equity,Financial Services,Financial Services
532649,NECLIFE,Nectar Lifesciences Ltd,Active,B ,1,INE023H01027,Pharmaceuticals,Equity,Healthcare,Healthcare
532650,MSPL,MSP Steel & Power Ltd,Active,B ,10,INE752G01015,Iron & Steel Products,Equity,Industrials,Capital Goods
532651,SPLIL,SPL Industries Ltd,Active,T ,10,INE978G01016,Trading - Textile Products,Equity,Consumer Discretionary,Textiles
532652,KTKBANK,Karnataka Bank Ltd,Active,A ,10,INE614B01018,Private Sector Bank,Equity,Financial Services,Financial Services
532654,MCLEODRUSS,Mcleod Russel India Ltd,Active,B ,5,INE942G01012,Tea & Coffee,Equity,Fast Moving Consumer Goods,Fast Moving Consumer Goods
532656,FACORALL,Facor Alloys Ltd,Active,XT,1,INE828G01013,Ferro & Silica Manganese,Equity,Commodities,Metals & Mining
532661,RML,Rane (Madras) Ltd,Active,B ,10,INE050H01012,Auto Components & Equipments,Equity,Consumer Discretionary,Automobile and Auto Components
532662,HTMEDIA,HT Media Ltd,Active,B ,2,INE501G01024,Print Media,Equity,Consumer Discretionary,"Media, Entertainment & Publication"
532663,SASKEN,Sasken Technologies Ltd,Active,B ,10,INE231F01020,IT Enabled Services,Equity,Information Technology,Information Technology
532666,FCSSOFT,FCS Software Solutions Ltd,Active,B ,1,INE512B01022,IT Enabled Services,Equity,Information Technology,Information Technology
532667,SUZLON,Suzlon Energy Ltd,Active,A ,2,INE040H01021,Heavy Electrical Equipment,Equity,Industrials,Capital Goods
532668,AURIONPRO,Aurionpro Solutions Ltd,Active,A ,10,INE132H01018,Computers - Software & Consulting,Equity,Information Technology,Information Technology
532670,RENUKA,Shree Renuka Sugars Ltd,Active,A ,1,INE087H01022,Sugar,Equity,Fast Moving Consumer Goods,Fast Moving Consumer Goods
532673,KMSUGAR,K M Sugar Mills Ltd,Active,B ,2,INE157H01023,Sugar,Equity,Fast Moving Consumer Goods,Fast Moving Consumer Goods
532674,BASML,Bannari Amman Spinning Mills Ltd,Active,B ,5,INE186H01022,Other Textile Products,Equity,Consumer Discretionary,Textiles
532676,PBAINFRA,PBA Infrastructure Ltd,Active,X ,10,INE160H01019,Civil Construction,Equity,Industrials,Construction
532683,AIAENG,AIA Engineering Ltd,Active,A ,2,INE212H01026,Castings & Forgings,Equity,Industrials,Capital Goods
532684,EKC,Everest Kanto Cylinder Ltd,Active,B ,2,INE184H01027,Industrial Products,Equity,Industrials,Capital Goods
532686,KERNEX,Kernex Microsystems India Ltd,Active,B ,10,INE202H01019,Transport Related Services,Equity,Services,Services
532687,REPRO,Repro India Ltd,Active,B ,10,INE461B01014,Printing & Publication,Equity,Consumer Discretionary,"Media, Entertainment & Publication"
532689,PVRINOX,PVR Inox Ltd,Active,A ,10,INE191H01014,Film Production- Distribution & Exhibition,Equity,Consumer Discretionary,"Media, Entertainment & Publication"
532694,ASMS,Bartronics India Ltd,Active,B ,1,INE855F01042,IT Enabled Services,Equity,Information Technology,Information Technology
532695,CELEBRITY,Celebrity Fashions Ltd,Active,B ,10,INE185H01016,Garments & Apparels,Equity,Consumer Discretionary,Textiles
532698,NITINSPIN,Nitin Spinners Ltd,Active,B ,10,INE229H01012,Other Textile Products,Equity,Consumer Discretionary,Textiles
532699,ROHLTD,Royal Orchid Hotels Ltd,Active,B ,10,INE283H01019,Hotels & Resorts,Equity,Consumer Discretionary,Consumer Services
532700,ENIL,Entertainment Network (India) Ltd,Active,B ,10,INE265F01028,Media & Entertainment,Equity,Consumer Discretionary,"Media, Entertainment & Publication"
532701,CELLA,Cella Space Ltd,Active,Z ,10,INE266H01014,Paper & Paper Products,Equity,Commodities,Forest Materials
532702,GSPL,Gujarat State Petronet Ltd,Active,A ,10,INE246F01010,Gas Transmission/Marketing,Equity,Energy,"Oil, Gas & Consumable Fuels"
532705,JAGRAN,Jagran Prakashan Ltd,Active,B ,2,INE199G01027,Print Media,Equity,Consumer Discretionary,"Media, Entertainment & Publication"
532707,DYNPRO,Dynemic Products Ltd,Active,B ,10,INE256H01015,Specialty Chemicals,Equity,Commodities,Chemicals
532708,GVKPIL,GVK Power & Infrastructure Ltd,Active,T ,1,INE251H01024,Civil Construction,Equity,Industrials,Construction
532710,SADBHAV,Sadbhav Engineering Ltd,Active,T ,1,INE226H01026,Civil Construction,Equity,Industrials,Construction
532712,RCOM,Reliance Communications Ltd,Active,T ,5,INE330H01018,Telecom - Cellular & Fixed line services,Equity,Telecommunication,Telecommunication
532713,SAKUMA,Sakuma Exports Ltd,Active,T ,1,INE190H01024,Trading & Distributors,Equity,Services,Services
532714,KEC,KEC International Ltd,Active,A ,2,INE389H01022,Civil Construction,Equity,Industrials,Construction
532716,GILLANDERS,Gillanders Arbuthnot & Company Ltd,Active,B ,10,INE047B01011,Tea & Coffee,Equity,Fast Moving Consumer Goods,Fast Moving Consumer Goods
532717,INDOTECH,Indo Tech Transformers Ltd,Active,B ,10,INE332H01014,Heavy Electrical Equipment,Equity,Industrials,Capital Goods
532719,BLKASHYAP,B. L. Kashyap and Sons Ltd,Active,B ,1,INE350H01032,Civil Construction,Equity,Industrials,Construction
532720,M&MFIN,Mahindra & Mahindra Financial Services Ltd,Active,A ,2,INE774D01024,Non Banking Financial Company (NBFC),Equity,Financial Services,Financial Services
532721,VISASTEEL,Visa Steel Ltd,Active,T ,10,INE286H01012,Ferro & Silica Manganese,Equity,Commodities,Metals & Mining
532722,NITCO,Nitco Ltd,Active,B ,10,INE858F01012,Ceramics,Equity,Consumer Discretionary,Consumer Durables
532723,MPDL,MPDL Ltd,Active,X ,10,INE493H01014,Residential- Commercial Projects,Equity,Consumer Discretionary,Realty
532725,SOLARINDS,Solar Industries India Ltd,Active,A ,2,INE343H01029,Explosives,Equity,Commodities,Chemicals
532726,GALLANTT,Gallantt Ispat Ltd,Active,B ,10,INE297H01019,Iron & Steel Products,Equity,Industrials,Capital Goods
532728,MALUPAPER,Malu Paper Mills Ltd,Active,B ,10,INE383H01017,Paper & Paper Products,Equity,Commodities,Forest Materials
532729,UTTAMSUGAR,Uttam Sugar Mills Ltd,Active,B ,10,INE786F01031,Sugar,Equity,Fast Moving Consumer Goods,Fast Moving Consumer Goods
532730,SGL,STL Global Ltd,Active,B ,10,INE353H01010,Other Textile Products,Equity,Consumer Discretionary,Textiles
532732,KKCL,Kewal Kiran Clothing Ltd,Active,B ,10,INE401H01017,Garments & Apparels,Equity,Consumer Discretionary,Textiles
532733,SUNTV,Sun TV Network Ltd,Active,A ,5,INE424H01027,TV Broadcasting & Software Production,Equity,Consumer Discretionary,"Media, Entertainment & Publication"
532734,GPIL,Godawari Power and Ispat Ltd,Active,B ,1,INE177H01039,Iron & Steel Products,Equity,Industrials,Capital Goods
532735,RSYSTEMS,R Systems International Ltd,Active,B ,1,INE411H01032,IT Enabled Services,Equity,Information Technology,Information Technology
532737,EMKAY,Emkay Global Financial Services Ltd,Active,T ,10,INE296H01011,Stockbroking & Allied,Equity,Financial Services,Financial Services
532738,TICL,Twamev Construction And Infrastructure Ltd,Active,T ,1,INE388G01026,Civil Construction,Equity,Industrials,Construction
532740,LOKESHMACH,Lokesh Machines Ltd,Active,T ,10,INE397H01017,Industrial Products,Equity,Industrials,Capital Goods
532741,KAMDHENU,Kamdhenu Ltd,Active,B ,1,INE390H01020,Iron & Steel Products,Equity,Industrials,Capital Goods
532742,PAUSHAKLTD,Paushak Ltd,Active,B ,10,INE111F01016,Specialty Chemicals,Equity,Commodities,Chemicals
532744,GTNTEX,GTN Textiles Ltd,Active,X ,10,INE302H01017,Other Textile Products,Equity,Consumer Discretionary,Textiles
532745,INDICAP,Inditrade Capital Ltd,Active,XT,10,INE347H01012,Other Financial Services,Equity,Financial Services,Financial Services
532748,PFOCUS,Prime Focus Ltd,Active,B ,1,INE367G01038,Media & Entertainment,Equity,Consumer Discretionary,"Media, Entertainment & Publication"
532749,ALLCARGO,Allcargo Logistics Ltd,Active,A ,2,INE418H01029,Logistics Solution Provider,Equity,Services,Services
532754,GMRAIRPORT,GMR Airports Ltd,Active,A ,1,INE776C01039,Airport & Airport services,Equity,Services,Services
532755,TECHM,Tech Mahindra Ltd,Active,A ,5,INE669C01036,Computers - Software & Consulting,Equity,Information Technology,Information Technology
532756,CIEINDIA,CIE Automotive India Ltd,Active,A ,10,INE536H01010,Auto Components & Equipments,Equity,Consumer Discretionary,Automobile and Auto Components
532757,VOLTAMP,Voltamp Transformers Ltd,Active,A ,10,INE540H01012,Heavy Electrical Equipment,Equity,Industrials,Capital Goods
532759,ATLANTAA,Atlantaa Ltd,Active,B ,2,INE285H01022,Road Assets–Toll- Annuity- Hybrid-Annuity,Equity,Services,Services
532761,HOVS,HOV Services Ltd,Active,B ,10,INE596H01014,IT Enabled Services,Equity,Information Technology,Information Technology
532762,ACE,Action Construction Equipment Ltd,Active,A ,2,INE731H01025,Construction Vehicles,Equity,Industrials,Capital Goods
532764,GEECEE,GeeCee Ventures Ltd,Active,B ,10,INE916G01016,Residential- Commercial Projects,Equity,Consumer Discretionary,Realty
532766,RICHAIND,Richa Industries Ltd,Active,Z ,10,INE516H01012,Civil Construction,Equity,Industrials,Construction
532768,FIEMIND,Fiem Industries Ltd,Active,B ,10,INE737H01014,Auto Components & Equipments,Equity,Consumer Discretionary,Automobile and Auto Components
532771,JHS,JHS Svendgaard Laboratories Ltd,Active,T ,10,INE544H01014,Personal Care,Equity,Fast Moving Consumer Goods,Fast Moving Consumer Goods
532772,DCBBANK,DCB Bank Ltd,Active,A ,10,INE503A01015,Private Sector Bank,Equity,Financial Services,Financial Services
532773,GLOBALVECT,Global Vectra Helicorp Ltd,Active,B ,10,INE792H01019,Airline,Equity,Services,Services
532774,INSPIRISYS,Inspirisys Solutions Ltd,Active,B ,10,INE020G01017,IT Enabled Services,Equity,Information Technology,Information Technology
532775,GTLINFRA,GTL Infrastructure Ltd,Active,A ,10,INE221H01019,Telecom - Infrastructure,Equity,Telecommunication,Telecommunication
532776,SHIVAMAUTO,Shivam Autotech Ltd,Active,B ,2,INE637H01024,Auto Components & Equipments,Equity,Consumer Discretionary,Automobile and Auto Components
532777,NAUKRI,Info Edge (India) Ltd,Active,A ,2,INE663F01032,Internet & Catalogue Retail,Equity,Consumer Discretionary,Consumer Services
532779,TORNTPOWER,Torrent Power Ltd,Active,A ,10,INE813H01021,Integrated Power Utilities,Equity,Utilities,Power
532780,PARSVNATH,Parsvnath Developers Ltd,Active,B ,5,INE561H01026,Residential- Commercial Projects,Equity,Consumer Discretionary,Realty
532782,SUTLEJTEX,Sutlej Textiles and Industries Ltd,Active,T ,1,INE645H01027,Other Textile Products,Equity,Consumer Discretionary,Textiles
532783,LTFOODS,LT Foods Ltd,Active,A ,1,INE818H01020,Other Agricultural Products,Equity,Fast Moving Consumer Goods,Fast Moving Consumer Goods
532784,SOBHA,Sobha Ltd,Active,A ,10,INE671H01015,Residential- Commercial Projects,Equity,Consumer Discretionary,Realty
532785,RUCHIRA,Ruchira Papers Ltd,Active,B ,10,INE803H01014,Paper & Paper Products,Equity,Commodities,Forest Materials
532790,TANLA,Tanla Platforms Ltd,Active,A ,1,INE483C01032,Software Products,Equity,Information Technology,Information Technology
532794,ZEEMEDIA,Zee Media Corporation Ltd,Active,B ,1,INE966H01019,TV Broadcasting & Software Production,Equity,Consumer Discretionary,"Media, Entertainment & Publication"
532795,SITINET,Siti Networks Ltd,Active,Z ,1,INE965H01011,TV Broadcasting & Software Production,Equity,Consumer Discretionary,"Media, Entertainment & Publication"
532796,LUMAXTECH,Lumax Auto Technologies Ltd,Active,B ,2,INE872H01027,Auto Components & Equipments,Equity,Consumer Discretionary,Automobile and Auto Components
532797,AUTOIND,Autoline Industries Ltd,Active,B ,10,INE718H01014,Auto Components & Equipments,Equity,Consumer Discretionary,Automobile and Auto Components
532798,NETWORK18,Network 18 Media & Investments Ltd,Active,A ,5,INE870H01013,Media & Entertainment,Equity,Consumer Discretionary,"Media, Entertainment & Publication"
532799,HUBTOWN,Hubtown Ltd,Active,B ,10,INE703H01016,Residential- Commercial Projects,Equity,Consumer Discretionary,Realty
532801,CTE,Cambridge Technology Enterprises Ltd,Active,T ,10,INE627H01017,Computers - Software & Consulting,Equity,Information Technology,Information Technology
532804,TIIL,Technocraft Industries (India) Ltd,Active,B ,10,INE545H01011,Iron & Steel Products,Equity,Industrials,Capital Goods
532805,REDINGTON,Redington Ltd,Active,A ,2,INE891D01026,Trading & Distributors,Equity,Services,Services
532806,AICHAMP,AI Champdany Industries Ltd,Active,X ,5,INE768E01024,Jute & Jute Products,Equity,Commodities,Forest Materials
532807,CINELINE,Cineline India Ltd,Active,T ,5,INE704H01022,Film Production- Distribution & Exhibition,Equity,Consumer Discretionary,"Media, Entertainment & Publication"
532808,PGIL,Pearl Global Industries Ltd,Active,B ,5,INE940H01022,Garments & Apparels,Equity,Consumer Discretionary,Textiles
532809,FSL,Firstsource Solutions Ltd,Active,A ,10,INE684F01012,Business Process Outsourcing (BPO)/ Knowledge Process Outsourcing (KPO),Equity,Services,Services
532810,PFC,Power Finance Corporation Ltd,Active,A ,10,INE134E01011,Financial Institution,Equity,Financial Services,Financial Services
532811,AHLUCONT,Ahluwalia Contracts (India) Ltd,Active,A ,2,INE758C01029,Civil Construction,Equity,Industrials,Construction
532812,TFL,Transwarranty Finance Ltd,Active,T ,10,INE804H01012,Non Banking Financial Company (NBFC),Equity,Financial Services,Financial Services
532814,INDIANB,Indian Bank,Active,A ,10,INE562A01011,Public Sector Bank,Equity,Financial Services,Financial Services
532815,SMSPHARMA,SMS Pharmaceuticals Ltd,Active,B ,1,INE812G01025,Pharmaceuticals,Equity,Healthcare,Healthcare
532817,ORIENTALTL,Oriental Trimex Ltd,Active,B ,10,INE998H01012,Granites & Marbles,Equity,Consumer Discretionary,Consumer Durables
532820,ELAND,E-Land Apparel Ltd,Active,XT,10,INE311H01018,Other Textile Products,Equity,Consumer Discretionary,Textiles
532822,IDEA,Vodafone Idea Ltd,Active,A ,10,INE669E01016,Telecom - Cellular & Fixed line services,Equity,Telecommunication,Telecommunication
532825,JAGJANANI,Jagjanani Textiles Ltd,Active,X ,10,INE702H01018,Other Textile Products,Equity,Consumer Discretionary,Textiles
532826,RAJTV,Raj Television Network Ltd,Active,T ,5,INE952H01027,TV Broadcasting & Software Production,Equity,Consumer Discretionary,"Media, Entertainment & Publication"
532827,PAGEIND,Page Industries Ltd,Active,A ,10,INE761H01022,Garments & Apparels,Equity,Consumer Discretionary,Textiles
532828,AMDIND,AMD Industries Ltd,Active,B ,10,INE005I01014,Packaging,Equity,Industrials,Capital Goods
532829,LEHAR,Lehar Footwears Ltd,Active,X ,10,INE976H01018,Footwear,Equity,Consumer Discretionary,Consumer Durables
532830,ASTRAL,Astral Ltd,Active,A ,1,INE006I01046,Plastic Products - Industrial,Equity,Industrials,Capital Goods
532832,EMBDL,Embassy Developments Ltd,Active,A ,2,INE069I01010,Residential- Commercial Projects,Equity,Consumer Discretionary,Realty
532834,CAMLINFINE,Camlin Fine Sciences Ltd,Active,B ,1,INE052I01032,Specialty Chemicals,Equity,Commodities,Chemicals
532835,ICRA,ICRA Ltd,Active,B ,10,INE725G01011,Ratings,Equity,Financial Services,Financial Services
532839,DISHTV,Dish TV India Ltd,Active,T ,1,INE836F01026,TV Broadcasting & Software Production,Equity,Consumer Discretionary,"Media, Entertainment & Publication"
532841,SAHYADRI,Sahyadri Industries Ltd,Active,B ,10,INE280H01015,Other Construction Materials,Equity,Commodities,Construction Materials
532842,SRHHYPOLTD,Sree Rayalaseema Hi-Strength Hypo Ltd,Active,B ,10,INE917H01012,Commodity Chemicals,Equity,Commodities,Chemicals
532843,FORTIS,Fortis Healthcare Ltd,Active,A ,10,INE061F01013,Hospital,Equity,Healthcare,Healthcare
532845,TGBHOTELS,TGB Banquets and Hotels Ltd,Active,B ,10,INE797H01018,Hotels & Resorts,Equity,Consumer Discretionary,Consumer Services
532847,HILTON,Hilton Metal Forging Ltd,Active,B ,10,INE788H01017,Castings & Forgings,Equity,Industrials,Capital Goods
532848,DELTACORP,Delta Corp Ltd,Active,A ,1,INE124G01033,Amusement Parks/ Other Recreation,Equity,Consumer Discretionary,Consumer Services
532850,MICEL,MIC Electronics Ltd,Active,B ,2,INE287C01037,Other Industrial Products,Equity,Industrials,Capital Goods
532851,INSECTICID,Insecticides (India) Ltd,Active,B ,10,INE070I01018,Pesticides & Agrochemicals,Equity,Commodities,Chemicals
532853,ASAHISONG,Asahi Songwon Colors Ltd,Active,B ,10,INE228I01012,Dyes And Pigments,Equity,Commodities,Chemicals
532855,HARYNACAP,Haryana Capfin Ltd,Active,XT,10,INE928H01019,Investment Company,Equity,Financial Services,Financial Services
532856,TIMETECHNO,Time Technoplast Ltd,Active,A ,1,INE508G01029,Plastic Products - Industrial,Equity,Industrials,Capital Goods
532859,HGS,Hinduja Global Solutions Ltd,Active,B ,10,INE170I01016,Business Process Outsourcing (BPO)/ Knowledge Process Outsourcing (KPO),Equity,Services,Services
532864,NELCAST,Nelcast Ltd,Active,B ,2,INE189I01024,Castings & Forgings,Equity,Industrials,Capital Goods
532867,V2RETAIL,V2 Retail Ltd,Active,T ,10,INE945H01013,Speciality Retail,Equity,Consumer Discretionary,Consumer Services
532868,DLF,DLF Ltd,Active,A ,2,INE271C01023,Residential- Commercial Projects,Equity,Consumer Discretionary,Realty
532869,TARMAT,Tarmat Ltd,Active,B ,10,INE924H01018,Civil Construction,Equity,Industrials,Construction
532870,ANKITMETAL,Ankit Metal & Power Ltd,Active,Z ,10,INE106I01010,Iron & Steel,Equity,Commodities,Metals & Mining
532872,SPARC,Sun Pharma Advanced Research Company Ltd,Active,A ,1,INE232I01014,Pharmaceuticals,Equity,Healthcare,Healthcare
532875,ADSL,Allied Digital Services Ltd,Active,B ,5,INE102I01027,IT Enabled Services,Equity,Information Technology,Information Technology
532878,ALPA,Alpa Laboratories Ltd,Active,B ,10,INE385I01010,Pharmaceuticals,Equity,Healthcare,Healthcare
532879,SSLEL,Sir Shadi Lal Enterprises Ltd,Active,X ,10,INE117H01019,Sugar,Equity,Fast Moving Consumer Goods,Fast Moving Consumer Goods
532880,OMAXE,Omaxe Ltd,Active,B ,10,INE800H01010,Residential- Commercial Projects,Equity,Consumer Discretionary,Realty
532884,REFEX,Refex Industries Ltd,Active,B ,2,INE056I01025,Industrial Gases,Equity,Commodities,Chemicals
532885,CENTRALBK,Central Bank of India,Active,A ,10,INE483A01010,Public Sector Bank,Equity,Financial Services,Financial Services
532886,SELMC,SEL Manufacturing Company Ltd,Active,T ,10,INE105I01020,Other Textile Products,Equity,Consumer Discretionary,Textiles
532888,ASIANTILES,Asian Granito India Ltd,Active,B ,10,INE022I01019,Ceramics,Equity,Consumer Discretionary,Consumer Durables
532889,KPRMILL,K.P.R. Mill Limited,Active,A ,1,INE930H01031,Other Textile Products,Equity,Consumer Discretionary,Textiles
532890,TAKE,Take Solutions Ltd,Active,Z ,1,INE142I01023,Healthcare Research- Analytics & Technology,Equity,Healthcare,Healthcare
532891,PURVA,Puravankara Ltd,Active,B ,5,INE323I01011,Residential- Commercial Projects,Equity,Consumer Discretionary,Realty
532892,MOTILALOFS,Motilal Oswal Financial Services Ltd,Active,A ,1,INE338I01027,Stockbroking & Allied,Equity,Financial Services,Financial Services
532893,VTMLTD,VTM Ltd,Active,XT,1,INE222F01029,Other Textile Products,Equity,Consumer Discretionary,Textiles
532894,INDOWIND,Indowind Energy Ltd,Active,B ,10,INE227G01018,Power Generation,Equity,Utilities,Power
532895,NAGREEKCAP,Nagreeka Capital & Infrastructure Ltd,Active,B ,5,INE245I01016,Investment Company,Equity,Financial Services,Financial Services
532896,MAGNUM,Magnum Ventures Ltd,Active,B ,10,INE387I01016,Paper & Paper Products,Equity,Commodities,Forest Materials
532898,POWERGRID,Power Grid Corporation of India Ltd,Active,A ,10,INE752E01010,Power - Transmission,Equity,Utilities,Power
532899,KSCL,Kaveri Seed Company Ltd,Active,A ,2,INE455I01029,Other Agricultural Products,Equity,Fast Moving Consumer Goods,Fast Moving Consumer Goods
532900,PAISALO,Paisalo Digital Ltd,Active,A ,1,INE420C01059,Non Banking Financial Company (NBFC),Equity,Financial Services,Financial Services
532902,CCCL,Consolidated Construction Consortium Ltd,Active,B ,2,INE429I01024,Residential- Commercial Projects,Equity,Consumer Discretionary,Realty
532904,SUPREMEINF,Supreme Infrastructure India Ltd,Active,Z ,10,INE550H01011,Civil Construction,Equity,Industrials,Construction
532906,MAANALU,Maan Aluminium Ltd,Active,B ,5,INE215I01027,Aluminium,Equity,Commodities,Metals & Mining
532907,IL&FSENGG,IL&FS Engineering and Construction Company Ltd,Active,Z ,10,INE369I01014,Civil Construction,Equity,Industrials,Construction
532911,PARLEIND,Parle Industries Ltd,Active,XT,10,INE272G01014,Diversified Commercial Services,Equity,Services,Services
532915,RELIGARE,Religare Enterprises Ltd,Active,A ,10,INE621H01010,Investment Company,Equity,Financial Services,Financial Services
532916,BVCL,Barak Valley Cements Ltd,Active,B ,10,INE139I01011,Cement & Cement Products,Equity,Commodities,Construction Materials
532918,RATHIBAR,Rathi Bars Ltd,Active,X ,10,INE575I01016,Iron & Steel Products,Equity,Industrials,Capital Goods
532921,ADANIPORTS,Adani Ports and Special Economic Zone Ltd,Active,A ,2,INE742F01042,Port & Port services,Equity,Services,Services
532922,EDELWEISS,Edelweiss Financial Services Ltd,Active,A ,1,INE532F01054,Holding Company,Equity,Financial Services,Financial Services
532923,RGL,Renaissance Global Ltd,Active,B ,2,INE722H01024,Gems- Jewellery And Watches,Equity,Consumer Discretionary,Consumer Durables
532924,KOLTEPATIL,Kolte-Patil Developers Ltd,Active,B ,10,INE094I01018,Residential- Commercial Projects,Equity,Consumer Discretionary,Realty
532925,KAUSHALYA,Kaushalya Infrastructure Development Corporation Ltd,Active,B ,1000,INE234I01028,Hotels & Resorts,Equity,Consumer Discretionary,Consumer Services
532926,JYOTHYLAB,Jyothy Labs Ltd,Active,A ,1,INE668F01031,Household Products,Equity,Fast Moving Consumer Goods,Fast Moving Consumer Goods
532927,ECLERX,eClerx Services Ltd,Active,A ,10,INE738I01010,Business Process Outsourcing (BPO)/ Knowledge Process Outsourcing (KPO),Equity,Services,Services
532928,TARIL,Transformers and Rectifiers (India) Ltd,Active,B ,1,INE763I01026,Heavy Electrical Equipment,Equity,Industrials,Capital Goods
532929,BRIGADE,Brigade Enterprises Ltd,Active,A ,10,INE791I01019,Residential- Commercial Projects,Equity,Consumer Discretionary,Realty
532930,BGRENERGY,BGR Energy Systems Ltd,Active,T ,10,INE661I01014,Civil Construction,Equity,Industrials,Construction
532932,MANAKSIA,Manaksia Ltd,Active,B ,2,INE015D01022,Iron & Steel Products,Equity,Industrials,Capital Goods
532933,PORWAL,Porwal Auto Components Ltd,Active,X ,10,INE386I01018,Auto Components & Equipments,Equity,Consumer Discretionary,Automobile and Auto Components
532934,PPAP,PPAP Automotive Ltd,Active,B ,10,INE095I01015,Auto Components & Equipments,Equity,Consumer Discretionary,Automobile and Auto Components
532935,ARIES,Aries Agro Ltd,Active,B ,10,INE298I01015,Fertilizers,Equity,Commodities,Chemicals
532937,KUANTUM,Kuantum Papers Ltd,Active,B ,1,INE529I01021,Paper & Paper Products,Equity,Commodities,Forest Materials
532939,RPOWER,Reliance Power Ltd,Active,A ,10,INE614G01033,Power Generation,Equity,Utilities,Power
532940,JKIL,J. Kumar Infraprojects Ltd,Active,A ,5,INE576I01022,Civil Construction,Equity,Industrials,Construction
532941,CORDSCABLE,Cords Cable Industries Ltd,Active,B ,10,INE792I01017,Cables - Electricals,Equity,Industrials,Capital Goods
532942,KNRCON,KNR Constructions Ltd,Active,A ,2,INE634I01029,Civil Construction,Equity,Industrials,Construction
532944,ONMOBILE,OnMobile Global Ltd,Active,B ,10,INE809I01019,Web based media and service,Equity,Consumer Discretionary,"Media, Entertainment & Publication"
532945,SEPC,SEPC Ltd,Active,A ,10,INE964H01014,Civil Construction,Equity,Industrials,Construction
532946,BANG,Bang Overseas Ltd,Active,B ,10,INE863I01016,Garments & Apparels,Equity,Consumer Discretionary,Textiles
532947,IRB,IRB Infrastructure Developers Ltd,Active,A ,1,INE821I01022,Civil Construction,Equity,Industrials,Construction
532951,GSS,GSS Infotech Ltd,Active,B ,10,INE871H01011,IT Enabled Services,Equity,Information Technology,Information Technology
532952,NAHARCAP,Nahar Capital and Financial Services Ltd,Active,B ,5,INE049I01012,Investment Company,Equity,Financial Services,Financial Services
532953,VGUARD,V-Guard Industries Ltd,Active,A ,1,INE951I01027,Household Appliances,Equity,Consumer Discretionary,Consumer Durables
532955,RECLTD,REC Ltd,Active,A ,10,INE020B01018,Financial Institution,Equity,Financial Services,Financial Services
532957,GOKAKTEX,Gokak Textiles Ltd,Active,XT,10,INE642I01014,Other Textile Products,Equity,Consumer Discretionary,Textiles
532960,DHANI,Dhani Services Ltd,Active,A ,2,INE274G01010,Other Financial Services,Equity,Financial Services,Financial Services
532966,TITAGARH,Titagarh Rail Systems Ltd,Active,A ,2,INE615H01020,Railway Wagons,Equity,Industrials,Capital Goods
532967,KIRIINDUS,Kiri Industries Ltd,Active,B ,10,INE415I01015,Dyes And Pigments,Equity,Commodities,Chemicals
532974,BIRLAMONEY,Aditya Birla Money Ltd,Active,T ,1,INE865C01022,Stockbroking & Allied,Equity,Financial Services,Financial Services
532975,TELOGICA,Telogica Ltd,Active,Z ,5,INE778I01024,Telecom -  Equipment & Accessories,Equity,Telecommunication,Telecommunication
532976,JAIBALAJI,Jai Balaji Industries Ltd,Active,A ,2,INE091G01026,Iron & Steel,Equity,Commodities,Metals & Mining
532977,BAJAJ-AUTO,Bajaj Auto Ltd,Active,A ,10,INE917I01010,2/3 Wheelers,Equity,Consumer Discretionary,Automobile and Auto Components
532978,BAJAJFINSV,Bajaj Finserv Ltd,Active,A ,1,INE918I01026,Holding Company,Equity,Financial Services,Financial Services
532980,GOKUL,Gokul Refoils & Solvent Ltd,Active,B ,2,INE020J01029,Edible Oil,Equity,Fast Moving Consumer Goods,Fast Moving Consumer Goods
532983,RPGLIFE,RPG Life Sciences Ltd,Active,B ,8,INE105J01010,Pharmaceuticals,Equity,Healthcare,Healthcare
532985,SENSEX1,Kotak S&P BSE Sensex ETF,Active,A ,1,INF174KA1JD7,Mutual Fund Scheme - ETF,Equity,Financial Services,Financial Services
532986,NIRAJ,Niraj Cement Structurals Ltd,Active,B ,10,INE368I01016,Civil Construction,Equity,Industrials,Construction
532989,BAFNAPH,Bafna Pharmaceuticals Ltd,Active,T ,10,INE878I01022,Pharmaceuticals,Equity,Healthcare,Healthcare
532992,CHLLTD,CHL Ltd,Active,X ,2,INE790D01020,Hotels & Resorts,Equity,Consumer Discretionary,Consumer Services
532993,SEJALLTD,Sejal Glass Ltd,Active,B ,10,INE955I01044,Glass - Industrial,Equity,Industrials,Capital Goods
532994,ARCHIDPLY,Archidply Industries Ltd,Active,B ,10,INE877I01016,Plywood Boards/ Laminates,Equity,Consumer Discretionary,Consumer Durables
532998,LOTUSEYE,Lotus Eye Hospital And Institute Ltd,Active,B ,10,INE947I01017,Hospital,Equity,Healthcare,Healthcare
533001,SOMICONVEY,Somi Conveyor Beltings Ltd,Active,B ,10,INE323J01019,Industrial Products,Equity,Industrials,Capital Goods
533007,LGBFORGE,LGB Forge Ltd,Active,X ,1,INE201J01017,Auto Components & Equipments,Equity,Consumer Discretionary,Automobile and Auto Components
533012,LPDC,Landmark Property Development Company Ltd,Active,B ,1,INE197J01017,Real Estate related services,Equity,Consumer Discretionary,Realty
533014,SICAGEN,Sicagen India Ltd,Active,X ,10,INE176J01011,Trading & Distributors,Equity,Services,Services
533018,SIMPLXMIL,Simplex Mills Company Ltd,Active,X ,1000,INE457H01027,Other Textile Products,Equity,Consumer Discretionary,Textiles
533019,SIMPLXPAP,Simplex Papers Ltd,Active,X ,1000,INE456H01029,Paper & Paper Products,Equity,Commodities,Forest Materials
533022,20MICRONS,20 Microns Ltd,Active,B ,5,INE144J01027,Industrial Minerals,Equity,Commodities,Metals & Mining
533023,ZFCVINDIA,ZF Commercial Vehicle Control Systems India Ltd,Active,A ,5,INE342J01019,Auto Components & Equipments,Equity,Consumer Discretionary,Automobile and Auto Components
533029,ALKALI,Alkali Metals Ltd,Active,B ,10,INE773I01017,Specialty Chemicals,Equity,Commodities,Chemicals
533033,ISGEC,ISGEC Heavy Engineering Ltd,Active,A ,1,INE858B01029,Civil Construction,Equity,Industrials,Construction
533047,IMFA,Indian Metals & Ferro Alloys Ltd,Active,B ,10,INE919H01018,Ferro & Silica Manganese,Equity,Commodities,Metals & Mining
533048,TPHQ,Teamo Productions HQ Ltd,Active,T ,1,INE065J01024,Civil Construction,Equity,Industrials,Construction
533056,VEDAVAAG,VEDAVAAG Systems Ltd,Active,X ,10,INE359B01010,IT Enabled Services,Equity,Information Technology,Information Technology
533080,MOLDTKPAC,Mold-Tek Packaging Ltd,Active,B ,5,INE893J01029,Packaging,Equity,Industrials,Capital Goods
533088,MHRIL,Mahindra Holidays & Resorts India Ltd,Active,A ,10,INE998I01010,Hotels & Resorts,Equity,Consumer Discretionary,Consumer Services
533090,EXCEL,Excel Realty N Infra Ltd,Active,B ,1,INE688J01023,Trading & Distributors,Equity,Services,Services
533093,ROML,Raj Oil Mills Ltd,Active,B ,10,INE294G01026,Edible Oil,Equity,Fast Moving Consumer Goods,Fast Moving Consumer Goods
533095,BENGALASM,Bengal & Assam Company Ltd,Active,B ,10,INE083K01017,Non Banking Financial Company (NBFC),Equity,Financial Services,Financial Services
533096,ADANIPOWER,Adani Power Ltd,Active,A ,10,INE814H01011,Integrated Power Utilities,Equity,Utilities,Power
533098,NHPC,NHPC Ltd,Active,A ,10,INE848E01016,Power Generation,Equity,Utilities,Power
533100,PEIL,Premier Energy and Infrastructure Ltd,Active,XT,10,INE429K01012, ,Equity,-,-
533101,SURYAAMBA,Suryaamba Spinning Mills Ltd,Active,X ,10,INE360J01011,Other Textile Products,Equity,Consumer Discretionary,Textiles
533104,GLOBUSSPR,Globus Spirits Ltd,Active,B ,10,INE615I01010,Breweries & Distilleries,Equity,Fast Moving Consumer Goods,Fast Moving Consumer Goods
533106,OIL,Oil India Ltd,Active,A ,10,INE274J01014,Oil Exploration & Production,Equity,Energy,"Oil, Gas & Consumable Fuels"
533108,BTTL,Bhilwara Technical Textiles Ltd,Active,X ,1,INE274K01012,Trading - Textile Products,Equity,Consumer Discretionary,Textiles
533110,SPSL,Shree Precoated Steels Ltd,Active,X ,10,INE318K01025,Iron & Steel Products,Equity,Industrials,Capital Goods
533121,EXPLEOSOL,Expleo Solutions Ltd,Active,B ,10,INE201K01015,IT Enabled Services,Equity,Information Technology,Information Technology
533122,RTNPOWER,RattanIndia Power Ltd,Active,A ,10,INE399K01017,Power Generation,Equity,Utilities,Power
533137,DEN,Den Networks Ltd,Active,B ,10,INE947J01015,TV Broadcasting & Software Production,Equity,Consumer Discretionary,"Media, Entertainment & Publication"
533138,ASTEC,Astec Lifesciences Ltd,Active,B ,10,INE563J01010,Pesticides & Agrochemicals,Equity,Commodities,Chemicals
533146,DLINKINDIA,D-Link (India) Ltd,Active,B ,2,INE250K01012,Computers Hardware & Equipments,Equity,Information Technology,Information Technology
533148,JSWENERGY,JSW Energy Ltd,Active,A ,10,INE121E01018,Power Generation,Equity,Utilities,Power
533149,YUNIKM,Yunik Managing Advisors Ltd,Active,X ,10,INE143K01019,Other Financial Services,Equity,Financial Services,Financial Services
533150,GODREJPROP,Godrej Properties Ltd,Active,A ,5,INE484J01027,Residential- Commercial Projects,Equity,Consumer Discretionary,Realty
533151,DBCORP,D. B. Corp Ltd,Active,B ,10,INE950I01011,Print Media,Equity,Consumer Discretionary,"Media, Entertainment & Publication"
533152,MBLINFRA,MBL Infrastructure Ltd,Active,B ,10,INE912H01013,Civil Construction,Equity,Industrials,Construction
533155,JUBLFOOD,Jubilant FoodWorks Ltd,Active,A ,2,INE797F01020,Restaurants,Equity,Consumer Discretionary,Consumer Services
533156,VASCONEQ,Vascon Engineers Ltd,Active,B ,10,INE893I01013,Civil Construction,Equity,Industrials,Construction
533158,THANGAMAYL,Thangamayil Jewellery Ltd,Active,B ,10,INE085J01014,Gems- Jewellery And Watches,Equity,Consumer Discretionary,Consumer Durables
533160,DBREALTY,Valor Estate Ltd,Active,A ,10,INE879I01012,Hotels & Resorts,Equity,Consumer Discretionary,Consumer Services
533161,EMMBI,Emmbi Industries Ltd,Active,B ,10,INE753K01015,Packaging,Equity,Industrials,Capital Goods
533162,HATHWAY,Hathway Cable & Datacom Ltd,Active,B ,2,INE982F01036,TV Broadcasting & Software Production,Equity,Consumer Discretionary,"Media, Entertainment & Publication"
533163,ARSSINFRA,ARSS Infrastructure Projects Ltd,Active,T ,10,INE267I01010,Civil Construction,Equity,Industrials,Construction
533164,TEXMOPIPES,Texmo Pipes and Products Ltd,Active,B ,10,INE141K01013,Plastic Products - Industrial,Equity,Industrials,Capital Goods
533166,SUNDARAM,Sundaram Multi Pap Ltd,Active,B ,1,INE108E01023,Stationary,Equity,Fast Moving Consumer Goods,Fast Moving Consumer Goods
533168,ROSSELLIND,Rossell India Ltd,Active,T ,2,INE847C01020,Tea & Coffee,Equity,Fast Moving Consumer Goods,Fast Moving Consumer Goods
533169,MANINFRA,Man Infraconstruction Ltd,Active,A ,2,INE949H01023,Civil Construction,Equity,Industrials,Construction
533170,TAMBOLIIN,Tamboli Industries Ltd,Active,X ,10,INE864J01012,Holding Company,Equity,Financial Services,Financial Services
533177,IL&FSTRANS,IL&FS Transportation Networks Ltd,Active,Z ,10,INE975G01012,Civil Construction,Equity,Industrials,Construction
533179,PERSISTENT,Persistent Systems Ltd,Active,A ,5,INE262H01021,Computers - Software & Consulting,Equity,Information Technology,Information Technology
533181,ISFT,Intrasoft Technologies Ltd,Active,B ,10,INE566K01011,E-Retail/ E-Commerce,Equity,Consumer Discretionary,Consumer Services
533189,GOENKA,Goenka Diamond & Jewels Ltd,Active,Z ,1,INE516K01024,Gems- Jewellery And Watches,Equity,Consumer Discretionary,Consumer Durables
533192,KCPSUGIND,KCP Sugar & Industries Corporation Ltd,Active,B ,1,INE790B01024,Sugar,Equity,Fast Moving Consumer Goods,Fast Moving Consumer Goods
533193,KECL,Kirloskar Electric Company Ltd,Active,B ,10,INE134B01017,Other Electrical Equipment,Equity,Industrials,Capital Goods
533202,SATCH,Satchmo Holdings Ltd,Active,X ,10,INE639K01016,Diversified Commercial Services,Equity,Services,Services
533203,TARAPUR,Tarapur Transformers Ltd,Active,T ,10,INE747K01017,Heavy Electrical Equipment,Equity,Industrials,Capital Goods
533206,SJVN,SJVN Ltd,Active,A ,10,INE002L01015,Power Generation,Equity,Utilities,Power
533208,EMAMIPAP,Emami Paper Mills Ltd,Active,B ,2,INE830C01026,Paper & Paper Products,Equity,Commodities,Forest Materials
533210,KRITINUT,Kriti Nutrients Ltd,Active,B ,1,INE798K01010,Edible Oil,Equity,Fast Moving Consumer Goods,Fast Moving Consumer Goods
533212,GKB,GKB Ophthalmics Ltd,Active,X ,10,INE265D01015,Medical Equipment & Supplies,Equity,Healthcare,Healthcare
533217,HMVL,Hindustan Media Ventures Ltd,Active,B ,10,INE871K01015,Print Media,Equity,Consumer Discretionary,"Media, Entertainment & Publication"
533218,EMAMIREAL,Emami Realty Ltd,Active,B ,2,INE778K01012,Residential- Commercial Projects,Equity,Consumer Discretionary,Realty
533227,AHLEAST,Asian Hotels (East) Ltd,Active,B ,10,INE926K01017,Hotels & Resorts,Equity,Consumer Discretionary,Consumer Services
533229,BAJAJCON,Bajaj Consumer Care Ltd,Active,A ,1,INE933K01021,Personal Care,Equity,Fast Moving Consumer Goods,Fast Moving Consumer Goods
533239,PRAKASHSTL,Prakash Steelage Ltd,Active,B ,1,INE696K01024,Iron & Steel Products,Equity,Industrials,Capital Goods
533248,GPPL,Gujarat Pipavav Port Ltd,Active,A ,10,INE517F01014,Port & Port services,Equity,Services,Services
533252,WELINV,Welspun Investments and Commercials Ltd,Active,B ,10,INE389K01018,Investment Company,Equity,Financial Services,Financial Services
533259,SASTASUNDR,Sastasundar Ventures Ltd,Active,B ,10,INE019J01013,Healthcare Service Provider,Equity,Healthcare,Healthcare
533260,CPCAP,CP Capital Ltd,Active,T ,10,INE521J01018,Education,Equity,Consumer Discretionary,Consumer Services
533262,RAMKY,Ramky Infrastructure Ltd,Active,B ,10,INE874I01013,Civil Construction,Equity,Industrials,Construction
533263,GREENPOWER,Orient Green Power Company Ltd,Active,A ,10,INE999K01014,Power Generation,Equity,Utilities,Power
533267,CANTABIL,Cantabil Retail India Ltd,Active,B ,2,INE068L01024,Garments & Apparels,Equity,Consumer Discretionary,Textiles
533268,SEATV,Sea TV Network Ltd,Active,X ,10,INE351L01016,TV Broadcasting & Software Production,Equity,Consumer Discretionary,"Media, Entertainment & Publication"
533269,WABAG,VA Tech Wabag Ltd,Active,A ,2,INE956G01038,Water Supply & Management,Equity,Utilities,Utilities
533270,BEDMUTHA,Bedmutha Industries Ltd,Active,B ,10,INE844K01012,Iron & Steel Products,Equity,Industrials,Capital Goods
533271,ASHOKA,Ashoka Buildcon Ltd,Active,A ,5,INE442H01029,Civil Construction,Equity,Industrials,Construction
533272,JWL,Jupiter Wagons Ltd,Active,A ,10,INE209L01016,Railway Wagons,Equity,Industrials,Capital Goods
533273,OBEROIRLTY,Oberoi Realty Ltd,Active,A ,10,INE093I01010,Residential- Commercial Projects,Equity,Consumer Discretionary,Realty
533274,PRESTIGE,Prestige Estates Projects Ltd,Active,A ,10,INE811K01011,Residential- Commercial Projects,Equity,Consumer Discretionary,Realty
533275,SHAH,Shah Metacorp Ltd,Active,B ,1,INE482J01021,Iron & Steel Products,Equity,Industrials,Capital Goods
533278,COALINDIA,Coal India Ltd,Active,A ,10,INE522F01014,Coal,Equity,Energy,"Oil, Gas & Consumable Fuels"
533282,GRAVITA,Gravita India Ltd,Active,A ,2,INE024L01027,Industrial Minerals,Equity,Commodities,Metals & Mining
533284,RPPINFRA,R P P Infra Projects Ltd,Active,T ,10,INE324L01013,Civil Construction,Equity,Industrials,Construction
533285,RDBIPL,RDB Infrastructure And Power Ltd,Active,XT,1,INE245L01028,Residential- Commercial Projects,Equity,Consumer Discretionary,Realty
533286,MOIL,Moil Ltd,Active,A ,10,INE490G01020,Industrial Minerals,Equity,Commodities,Metals & Mining
533287,ZEELEARN,Zee Learn Ltd,Active,B ,1,INE565L01011,Education,Equity,Consumer Discretionary,Consumer Services
533289,KTIL,Kesar Terminals & Infrastructure Ltd,Active,X ,5,INE096L01025,Logistics Solution Provider,Equity,Services,Services
533292,A2ZINFRA,A2Z Infra Engineering Ltd,Active,B ,10,INE619I01012,Civil Construction,Equity,Industrials,Construction
533293,KIRLOSENG,Kirloskar Oil Engines Ltd,Active,A ,2,INE146L01010,Compressors- Pumps & Diesel Engines,Equity,Industrials,Capital Goods
533294,RKDL,Ravi Kumar Distilleries Ltd,Active,B ,10,INE722J01012,Breweries & Distilleries,Equity,Fast Moving Consumer Goods,Fast Moving Consumer Goods
533295,PSB,Punjab & Sind Bank,Active,B ,10,INE608A01012,Public Sector Bank,Equity,Financial Services,Financial Services
533296,FMNL,Future Market Networks Ltd,Active,T ,10,INE360L01017,Diversified Commercial Services,Equity,Services,Services
533298,SURANASOL,Surana Solar Ltd,Active,B ,5,INE272L01022,Heavy Electrical Equipment,Equity,Industrials,Capital Goods
533301,SHEKHAWATI,Shekhawati Industries Ltd,Active,T ,10,INE268L01046,Other Textile Products,Equity,Consumer Discretionary,Textiles
533302,KICL,Kalyani Investment Company Ltd,Active,B ,10,INE029L01018,Investment Company,Equity,Financial Services,Financial Services
533303,BFINVEST,BF Investment Ltd,Active,B ,5,INE878K01010,Holding Company,Equity,Financial Services,Financial Services
533306,SUMMITSEC,Summit Securities Ltd,Active,B ,10,INE519C01017,Investment Company,Equity,Financial Services,Financial Services
533315,INOVSYNTH,Innovassynth Investments Ltd,Active,X ,10,INE690J01011,Investment Company,Equity,Financial Services,Financial Services
533316,STEL,STEL Holdings Ltd,Active,T ,10,INE577L01016,Investment Company,Equity,Financial Services,Financial Services
533317,OMKARCHEM,Omkar Speciality Chemicals Ltd,Active,Z ,10,INE474L01016,Specialty Chemicals,Equity,Commodities,Chemicals
533326,TEXRAIL,Texmaco Rail & Engineering Ltd,Active,A ,1,INE621L01012,Industrial Products,Equity,Industrials,Capital Goods
533329,INDTERRAIN,Indian Terrain Fashions Ltd,Active,B ,2,INE611L01021,Garments & Apparels,Equity,Consumer Discretionary,Textiles
533333,FCL,Fineotex Chemical Ltd,Active,A ,2,INE045J01026,Specialty Chemicals,Equity,Commodities,Chemicals
533336,DHUNINV,Dhunseri Investments Ltd,Active,B ,10,INE320L01011,Non Banking Financial Company (NBFC),Equity,Financial Services,Financial Services
533339,ZENTEC,ZEN Technologies Ltd,Active,A ,1,INE251B01027,Aerospace & Defense,Equity,Industrials,Capital Goods
533343,LOVABLE,Lovable Lingerie Ltd,Active,B ,10,INE597L01014,Garments & Apparels,Equity,Consumer Discretionary,Textiles
533344,PFS,PTC India Financial Services Ltd,Active,B ,10,INE560K01014,Non Banking Financial Company (NBFC),Equity,Financial Services,Financial Services
533398,MUTHOOTFIN,Muthoot Finance Ltd,Active,A ,10,INE414G01012,Non Banking Financial Company (NBFC),Equity,Financial Services,Financial Services
533407,TRUEGREEN,True Green Bio Energy Ltd,Active,XT,10,INE672K01025,Other Textile Products,Equity,Consumer Discretionary,Textiles
533427,VMS,VMS Industries Ltd,Active,X ,10,INE932K01015,Port & Port services,Equity,Services,Services
533451,KARMAENG,Karma Energy Ltd,Active,B ,10,INE725L01011,Power Generation,Equity,Utilities,Power
533452,DELPHIFX,Delphi World Money Ltd,Active,T ,10,INE726L01019,Other Financial Services,Equity,Financial Services,Financial Services
533470,RUSHIL,Rushil Decor Ltd,Active,B ,1,INE573K01025,Plywood Boards/ Laminates,Equity,Consumer Discretionary,Consumer Durables
533477,ENKEIWHEL,Enkei Wheels (India) Ltd,Active,B ,5,INE130L01014,Auto Components & Equipments,Equity,Consumer Discretionary,Automobile and Auto Components
533482,KRIDHANINF,Kridhan Infra Ltd,Active,T ,2,INE524L01026,Civil Construction,Equity,Industrials,Construction
533506,INVENTURE,Inventure Growth & Securities Ltd,Active,B ,1,INE878H01024,Stockbroking & Allied,Equity,Financial Services,Financial Services
533519,LTF,L&T Finance Ltd,Active,A ,10,INE498L01015,Non Banking Financial Company (NBFC),Equity,Financial Services,Financial Services
533520,YAARI,Yaari Digital Integrated Services Ltd,Active,B ,2,INE126M01010,Diversified Commercial Services,Equity,Services,Services
533540,TREEHOUSE,Tree House Education & Accessories Ltd,Active,T ,10,INE040M01013,Education,Equity,Consumer Discretionary,Consumer Services
533543,BROOKS,Brooks Laboratories Ltd,Active,T ,10,INE650L01011,Pharmaceuticals,Equity,Healthcare,Healthcare
533552,RUPA,Rupa & Company Ltd,Active,B ,1,INE895B01021,Garments & Apparels,Equity,Consumer Discretionary,Textiles
533553,TDPOWERSYS,TD Power Systems Ltd,Active,A ,2,INE419M01027,Heavy Electrical Equipment,Equity,Industrials,Capital Goods
533573,APLLTD,Alembic Pharmaceuticals Ltd,Active,A ,2,INE901L01018,Pharmaceuticals,Equity,Healthcare,Healthcare
533576,VASWANI,Vaswani Industries Ltd,Active,B ,10,INE590L01019,Sponge Iron,Equity,Commodities,Metals & Mining
533581,PGEL,PG Electroplast Ltd,Active,A ,1,INE457L01029,Consumer Electronics,Equity,Consumer Discretionary,Consumer Durables
533602,LESHAIND,Lesha Industries Ltd,Active,X ,1,INE050L01048,Trading & Distributors,Equity,Services,Services
533605,SETUINFRA,Setubandhan Infrastructure Ltd,Active,Z ,1,INE023M01027,Civil Construction,Equity,Industrials,Construction
533608,RDBRL,RDB Rasayans Ltd,Active,X ,10,INE123M01017,Packaging,Equity,Industrials,Capital Goods
533629,TIJARIA,Tijaria Polypipes Ltd,Active,T ,10,INE440L01017,Plastic Products - Industrial,Equity,Industrials,Capital Goods
533632,ONELIFECAP,Onelife Capital Advisors Ltd,Active,T ,10,INE912L01015,Stockbroking & Allied,Equity,Financial Services,Financial Services
533638,FLEXITUFF,Flexituff Ventures International Ltd,Active,T ,10,INE060J01017,Other Textile Products,Equity,Consumer Discretionary,Textiles
533655,TRITURBINE,Triveni Turbine Ltd,Active,A ,1,INE152M01016,Heavy Electrical Equipment,Equity,Industrials,Capital Goods
533676,INDOTHAI,Indo Thai Securities Ltd,Active,T ,10,INE337M01013,Stockbroking & Allied,Equity,Financial Services,Financial Services
533704,ESSARSHPNG,Essar Shipping Ltd,Active,B ,10,INE122M01019,Shipping,Equity,Services,Services
533758,APLAPOLLO,APL Apollo Tubes Ltd,Active,A ,2,INE702C01027,Iron & Steel Products,Equity,Industrials,Capital Goods
533761,GPTINFRA,GPT Infraprojects Ltd,Active,B ,10,INE390G01014,Civil Construction,Equity,Industrials,Construction
533896,FERVENTSYN,Fervent Synergies Ltd,Active,X ,10,INE258M01011,Trading & Distributors,Equity,Services,Services
533941,THOMASCOTT,Thomas Scott (India) Ltd,Active,T ,10,INE480M01011,Garments & Apparels,Equity,Consumer Discretionary,Textiles
533982,TERASOFT,Tera Software Ltd,Active,T ,10,INE482B01010,IT Enabled Services,Equity,Information Technology,Information Technology
534060,PMCFIN,PMC Fincorp Ltd,Active,X ,1,INE793G01035,Non Banking Financial Company (NBFC),Equity,Financial Services,Financial Services
534063,FUTSOL,Futuristic Solutions Ltd,Active,X ,10,INE241F01011,Other Financial Services,Equity,Financial Services,Financial Services
534064,AIML,Alliance Integrated Metaliks Ltd,Active,XT,1,INE123D01024,Iron & Steel Products,Equity,Industrials,Capital Goods
534076,RHIM,Rhi Magnesita India Ltd,Active,A ,1,INE743M01012,Electrodes & Refractories,Equity,Industrials,Capital Goods
534091,MCX,Multi Commodity Exchange of India Ltd,Active,A ,10,INE745G01035,Exchange and Data Platform,Equity,Financial Services,Financial Services
534109,PYXISFIN,Pyxis Finvest Ltd,Active,MT,10,INE883L01018,Non Banking Financial Company (NBFC),Equity,Financial Services,Financial Services
534139,SCHNEIDER,Schneider Electric Infrastructure Ltd,Active,A ,2,INE839M01018,Heavy Electrical Equipment,Equity,Industrials,Capital Goods
534190,OLPCL,Olympic Cards Ltd,Active,XT,10,INE550L01013,Leisure Products,Equity,Consumer Discretionary,Consumer Durables
534309,NBCC,NBCC (India) Ltd,Active,A ,1,INE095N01031,Civil Construction,Equity,Industrials,Construction
534312,MTEDUCARE,MT Educare Ltd,Active,T ,10,INE472M01018,Education,Equity,Consumer Discretionary,Consumer Services
534328,HEXATRADEX,Hexa Tradex Ltd,Active,B ,2,INE750M01017,Investment Company,Equity,Financial Services,Financial Services
534338,MAXHEIGHTS,Maxheights Infrastructure Ltd,Active,X ,10,INE393F01010,Residential- Commercial Projects,Equity,Consumer Discretionary,Realty
534369,TBZ,Tribhovandas Bhimji Zaveri Ltd,Active,B ,10,INE760L01018,Gems- Jewellery And Watches,Equity,Consumer Discretionary,Consumer Durables
534392,VSSL,Vardhman Special Steels Ltd,Active,B ,10,INE050M01012,Iron & Steel Products,Equity,Industrials,Capital Goods
534422,LOOKS,Looks Health Services Ltd,Active,X ,10,INE204N01013,Healthcare Service Provider,Equity,Healthcare,Healthcare
534425,SPECIALITY,Speciality Restaurants Ltd,Active,B ,10,INE247M01014,Restaurants,Equity,Consumer Discretionary,Consumer Services
534532,LYPSAGEMS,Lypsa Gems & Jewellery Ltd,Active,B ,10,INE142K01011,Gems- Jewellery And Watches,Equity,Consumer Discretionary,Consumer Durables
534597,RTNINDIA,Rattanindia Enterprises Ltd,Active,A ,2,INE834M01019,E-Retail/ E-Commerce,Equity,Consumer Discretionary,Consumer Services
534598,SAMPANN,Sampann Utpadan India Ltd,Active,B ,10,INE735M01018,Rubber,Equity,Industrials,Capital Goods
534600,JTLIND,JTL Industries Ltd,Active,B ,1,INE391J01032,Iron & Steel Products,Equity,Industrials,Capital Goods
534612,AMTL,Advance Metering Technology Ltd,Active,X ,5,INE436N01029,Power Generation,Equity,Utilities,Power
534615,NECCLTD,North Eastern Carrying Corporation Ltd,Active,B ,10,INE553C01016,Logistics Solution Provider,Equity,Services,Services
534618,WAAREERTL,Waaree Renewable Technologies Ltd,Active,B ,2,INE299N01021,Other Electrical Equipment,Equity,Industrials,Capital Goods
534623,JUPITERIN,Jupiter Infomedia Ltd,Active,XT,10,INE524N01014,Internet & Catalogue Retail,Equity,Consumer Discretionary,Consumer Services
534639,VINAYAKPOL,Vinayak Polycon International Ltd,Active,X ,10,INE581M01016,Packaging,Equity,Industrials,Capital Goods
534659,JOINTECAED,Jointeca Education Solutions Ltd,Active,MT,10,INE131N01018,Computers - Software & Consulting,Equity,Information Technology,Information Technology
534674,DUCON,Ducon Infratechnologies Ltd,Active,B ,1,INE741L01018,Industrial Products,Equity,Industrials,Capital Goods
534675,PROZONER,Prozone Realty Ltd,Active,T ,2,INE195N01013,Residential- Commercial Projects,Equity,Consumer Discretionary,Realty
534680,SRGHFL,SRG Housing Finance Ltd,Active,B ,10,INE559N01010,Housing Finance Company,Equity,Financial Services,Financial Services
534691,COMCL,Comfort Commotrade Ltd,Active,X ,10,INE456N01019,Other Financial Services,Equity,Financial Services,Financial Services
534708,SHANTIGURU,Shanti Guru Industries Ltd,Active,MT,10,INE892L01019,Diversified Retail,Equity,Consumer Discretionary,Consumer Services
534732,CASPIAN,Caspian Corporate Services Ltd,Active,X ,1,INE176N01021,Other Financial Services,Equity,Financial Services,Financial Services
534733,AERPACE,Aerpace Industries Ltd,Active,XT,1,INE175N01023,Iron & Steel Products,Equity,Industrials,Capital Goods
534741,VIRTUALG,Virtual Global Education Ltd,Active,XT,1,INE247C01023,Education,Equity,Consumer Discretionary,Consumer Services
534742,ZUARI,Zuari Agro Chemicals Ltd,Active,B ,10,INE840M01016,Fertilizers,Equity,Commodities,Chemicals
534748,STEELXIND,Steel Exchange India Ltd,Active,B ,1,INE503B01021,Iron & Steel Products,Equity,Industrials,Capital Goods
534755,TRIOMERC,Trio Mercantile & Trading Ltd,Active,XT,2,INE234G01022,Other Financial Services,Equity,Financial Services,Financial Services
534758,CIGNITITEC,Cigniti Technologies Ltd,Active,A ,10,INE675C01017,IT Enabled Services,Equity,Information Technology,Information Technology
534804,CARERATING,CARE Ratings Ltd,Active,A ,10,INE752H01013,Ratings,Equity,Financial Services,Financial Services
534809,PCJEWELLER,PC Jeweller Ltd,Active,B ,1,INE785M01021,Gems- Jewellery And Watches,Equity,Consumer Discretionary,Consumer Durables
534816,INDUSTOWER,Indus Towers Ltd,Active,A ,10,INE121J01017,Telecom - Infrastructure,Equity,Telecommunication,Telecommunication
534976,VMART,V-Mart Retail Ltd,Active,A ,10,INE665J01013,Diversified Retail,Equity,Consumer Discretionary,Consumer Services
535136,NIBE,NIBE Ltd,Active,B ,10,INE149O01018,Aerospace & Defense,Equity,Industrials,Capital Goods
535204,MUKTA,Mukta Agriculture Ltd,Active,X ,10,INE160O01031,Trading & Distributors,Equity,Services,Services
535205,MYSTICELE,Mystic Electronics Ltd,Active,XT,10,INE159O01033,Trading & Distributors,Equity,Services,Services
535267,COMFINCAP,Comfort Fincap Ltd,Active,X ,2,INE274M01026,Non Banking Financial Company (NBFC),Equity,Financial Services,Financial Services
535276,SBISENSEX,SBI Mutual Fund - SBI Sensex ETF,Active,A ,10,INF200K01VT2, ,Equity,-,-
535279,BMAL,Bothra Metals & Alloys Ltd,Active,M ,10,INE583M01012,Aluminium,Equity,Commodities,Metals & Mining
535322,REPCOHOME,Repco Home Finance Ltd,Active,A ,10,INE612J01015,Housing Finance Company,Equity,Financial Services,Financial Services
535387,LAKHOTIA,Lakhotia Polyesters (India) Ltd,Active,XT,10,INE191O01010,Other Textile Products,Equity,Consumer Discretionary,Textiles
535431,GCMSECU,GCM Securities Ltd,Active,B ,1,INE168O01026,Stockbroking & Allied,Equity,Financial Services,Financial Services
535458,NIBL,NRB Industrial Bearings Ltd,Active,B ,2,INE047O01014,Abrasives & Bearings,Equity,Industrials,Capital Goods
535514,PRIMECAPM,Prime Capital Market Ltd,Active,X ,10,INE748D01010,Non Banking Financial Company (NBFC),Equity,Financial Services,Financial Services
535566,KIFS,KIFS Financial Services Ltd,Active,XT,10,INE902D01013,Non Banking Financial Company (NBFC),Equity,Financial Services,Financial Services
535601,SREEL,Sreeleathers Ltd,Active,B ,10,INE099F01013,Footwear,Equity,Consumer Discretionary,Consumer Durables
535602,SHARDAMOTR,Sharda Motor Industries Ltd,Active,B ,2,INE597I01028,Auto Components & Equipments,Equity,Consumer Discretionary,Automobile and Auto Components
535621,SVGLOBAL,S V Global Mill Ltd,Active,X ,5,INE159L01013,Residential- Commercial Projects,Equity,Consumer Discretionary,Realty
535647,SDC,SDC Techmedia Ltd,Active,M ,10,INE807O01011,Film Production- Distribution & Exhibition,Equity,Consumer Discretionary,"Media, Entertainment & Publication"
535648,JUSTDIAL,Just Dial Ltd,Active,A ,10,INE599M01018,Internet & Catalogue Retail,Equity,Consumer Discretionary,Consumer Services
535657,OONE,ObjectOne Information Systems Ltd,Active,X ,10,INE860E01011,Computers - Software & Consulting,Equity,Information Technology,Information Technology
535667,IFINSEC,India Finsec Ltd,Active,X ,10,INE474O01010,Non Banking Financial Company (NBFC),Equity,Financial Services,Financial Services
535693,BRAHMINFRA,Brahmaputra Infrastructure Ltd,Active,X ,10,INE320I01017,Civil Construction,Equity,Industrials,Construction
535719,AMPVOLTS,Ampvolts Ltd,Active,XT,10,INE989J01017,Computers - Software & Consulting,Equity,Information Technology,Information Technology
535730,KHOOBSURAT,Khoobsurat Ltd,Active,X ,1,INE731G01027,Other Textile Products,Equity,Consumer Discretionary,Textiles
535754,ORIENTCEM,Orient Cement Ltd,Active,A ,1,INE876N01018,Cement & Cement Products,Equity,Commodities,Construction Materials
535755,ABFRL,Aditya Birla Fashion and Retail Ltd,Active,A ,10,INE647O01011,Speciality Retail,Equity,Consumer Discretionary,Consumer Services
535789,SAMMAANCAP,Sammaan Capital Ltd,Active,A ,2,INE148I01020,Housing Finance Company,Equity,Financial Services,Financial Services
535910,MMLF,Money Masters Leasing & Finance Ltd,Active,T ,1,INE340O01021,Non Banking Financial Company (NBFC),Equity,Financial Services,Financial Services
535916,ALSL,Alacrity Securities Ltd,Active,T ,10,INE030P01017,Other Financial Services,Equity,Financial Services,Financial Services
535917,GCMCOMM,GCM Commodity & Derivatives Ltd,Active,M ,10,INE200P01016,Other Financial Services,Equity,Financial Services,Financial Services
535958,ESSENTIA,Integra Essentia Ltd,Active,B ,1,INE418N01035,Trading & Distributors,Equity,Services,Services
536073,JULIEN,Julien Agro Infratech Ltd,Active,X ,5,INE890N01027,Civil Construction,Equity,Industrials,Construction
536264,TIGERLOGS,Tiger Logistics (India) Ltd,Active,X ,1,INE906O01029,Logistics Solution Provider,Equity,Services,Services
536493,JKAGRI,JK Agri Genetics Ltd,Active,X ,10,INE690O01011,Other Agricultural Products,Equity,Fast Moving Consumer Goods,Fast Moving Consumer Goods
536659,PVVINFRA,PVV Infra Ltd,Active,XT,10,INE428B01013,Civil Construction,Equity,Industrials,Construction
536672,VCU,VCU Data Management Ltd,Active,X ,10,INE962O01014,Computers Hardware & Equipments,Equity,Information Technology,Information Technology
536709,INDRENEW,IND Renewable Energy Ltd,Active,X ,10,INE138O01029,Power Generation,Equity,Utilities,Power
536710,SRGSFL,S R G Securities Finance Ltd,Active,M ,10,INE326P01019,Non Banking Financial Company (NBFC),Equity,Financial Services,Financial Services
536737,ACFSL,Amrapali Capital and Finance Services Ltd,Active,MT,10,INE218P01018,Non Banking Financial Company (NBFC),Equity,Financial Services,Financial Services
536738,STELLAR,Stellar Capital Services Ltd,Active,M ,10,INE325P01011,Other Financial Services,Equity,Financial Services,Financial Services
536773,JPOLYINVST,Jindal Poly Investment and Finance Company Ltd,Active,B ,10,INE147P01019,Investment Company,Equity,Financial Services,Financial Services
536846,YURANUS,Yuranus Infrastructure Ltd,Active,XT,10,INE156M01017,Civil Construction,Equity,Industrials,Construction
536960,MOM100,Motilal Oswal Mutual Fund - Motilal Oswal MOSt Shares Midcap 100 ETF- Growth option,Active,B ,10,INF247L01023, ,Equity,-,-
536974,CPL,Captain Polyplast Ltd,Active,X ,2,INE536P01021,Plastic Products - Industrial,Equity,Industrials,Capital Goods
537007,NIFTYIETF,ICICI Prudential Nifty 50 ETF,Active,B ,10,INF109K012R6, ,Equity,-,-
537008,NIF100IETF,ICICI Prudential Nifty 100 ETF,Active,B ,1,INF109KC16V9, ,Equity,-,-
537069,ARNOLD,Arnold Holdings Ltd,Active,X ,10,INE185K01036,Non Banking Financial Company (NBFC),Equity,Financial Services,Financial Services
537253,SUNLOC,Sunil Healthcare Ltd,Active,X ,10,INE671C01016,Pharmaceuticals,Equity,Healthcare,Healthcare
537254,RCIIND,RCI Industries & Technologies Ltd,Active,Z ,10,INE140B01014,Aluminium- Copper & Zinc Products,Equity,Industrials,Capital Goods
537259,SUYOG,Suyog Telematics Ltd,Active,T ,10,INE442P01014,Telecom - Infrastructure,Equity,Telecommunication,Telecommunication
537291,NATHBIOGEN,Nath Bio-Genes (India) Ltd,Active,B ,10,INE448G01010,Other Agricultural Products,Equity,Fast Moving Consumer Goods,Fast Moving Consumer Goods
537292,AGRITECH,Agri- Tech (India) Ltd,Active,B ,10,INE449G01018,Other Agricultural Products,Equity,Fast Moving Consumer Goods,Fast Moving Consumer Goods
537326,CHEMTECH,Chemtech Industrial Valves Ltd,Active,XT,10,INE212P01011,Industrial Products,Equity,Industrials,Capital Goods
537483,NIF100BEES,NIPPON INDIA ETF NIFTY 100,Active,B ,10,INF204K014N5, ,Equity,-,-
537536,DENISCHEM,Denis Chem Lab Ltd,Active,X ,10,INE051G01012,Pharmaceuticals,Equity,Healthcare,Healthcare
537573,POLYMAC,Polymac Thermoformers Ltd,Active,M ,10,INE826P01018,Plastic Products - Industrial,Equity,Industrials,Capital Goods
537582,UNISHIRE,Unishire Urban Infra Ltd,Active,M ,10,INE210P01015,Residential- Commercial Projects,Equity,Consumer Discretionary,Realty
537669,LAXMIPATI,Laxmipati Engineering Works Ltd,Active,MT,10,INE920P01019,Ship Building & Allied Services,Equity,Industrials,Capital Goods
537707,ETT,ETT Ltd,Active,X ,10,INE546I01017,Residential- Commercial Projects,Equity,Consumer Discretionary,Realty
537708,NIFTY1,Kotak Nifty 50 ETF,Active,B ,1,INF174K014P6, ,Equity,-,-
537709,HANSUGAR,Shree Hanuman Sugar & Industries Ltd,Active,XT,10,INE101H01013,Sugar,Equity,Fast Moving Consumer Goods,Fast Moving Consumer Goods
537750,KIRANVYPAR,Kiran Vyapar Ltd,Active,X ,10,INE555P01013,Non Banking Financial Company (NBFC),Equity,Financial Services,Financial Services
537766,BCP,B.C. Power Controls Ltd,Active,XT,2,INE905P01028,Cables - Electricals,Equity,Industrials,Capital Goods
537784,KCSL,Karnimata Cold Storage Ltd,Active,M ,10,INE576P01019,Diversified Commercial Services,Equity,Services,Services
537785,RACE,Race Eco Chain Ltd,Active,B ,10,INE084Q01012,Waste Management,Equity,Utilities,Utilities
537800,MANGIND,Mangalam Industrial Finance Ltd,Active,XT,1,INE717C01025,Non Banking Financial Company (NBFC),Equity,Financial Services,Financial Services
537820,VIJIFIN,Viji Finance Ltd,Active,B ,1,INE159N01027,Non Banking Financial Company (NBFC),Equity,Financial Services,Financial Services
537839,PHOENIXTN,Phoenix Township Ltd,Active,X ,10,INE977M01024,Hotels & Resorts,Equity,Consumer Discretionary,Consumer Services
537985,INFRONICS,Infronics Systems Ltd,Active,X ,10,INE463B01036,Software Products,Equity,Information Technology,Information Technology
538057,CPSEETF,CPSE ETF,Active,A ,10,INF457M01133, ,Equity,-,-
538081,HARIAAPL,Haria Apparels Ltd,Active,X ,10,INE493N01012,Other Textile Products,Equity,Consumer Discretionary,Textiles
538092,VASUPRADA,Shri Vasuprada Plantations Ltd,Active,X ,10,INE574G01013,Tea & Coffee,Equity,Fast Moving Consumer Goods,Fast Moving Consumer Goods
538119,RNBDENIMS,R&B Denims Ltd,Active,X ,2,INE012Q01021,Other Textile Products,Equity,Consumer Discretionary,Textiles
538212,SHARPINV,Sharp Investments Ltd,Active,XT,1,INE909D01026,Non Banking Financial Company (NBFC),Equity,Financial Services,Financial Services
538268,WONDERLA,Wonderla Holidays Ltd,Active,B ,10,INE066O01014,Amusement Parks/ Other Recreation,Equity,Consumer Discretionary,Consumer Services
538273,RESPONSINF,Response Informatics Ltd,Active,X ,10,INE401B01010,Software Products,Equity,Information Technology,Information Technology
538319,GCMCAPI,GCM Capital Advisors Ltd,Active,M ,10,INE191P01017,Other Financial Services,Equity,Financial Services,Financial Services
538351,AFEL,A.F. Enterprises Ltd,Active,XT,10,INE663P01015,Trading & Distributors,Equity,Services,Services
538365,INCREDIBLE,Incredible Industries Ltd,Active,B ,10,INE452L01012,Iron & Steel Products,Equity,Industrials,Capital Goods
538382,WESTLEIRES,West Leisure Resorts Ltd,Active,X ,10,INE266P01017,Other Financial Services,Equity,Financial Services,Financial Services
538395,NAM,Nam Securities Ltd,Active,X ,10,INE792G01011,Other Financial Services,Equity,Financial Services,Financial Services
538401,METSL,Maestros Electronics & Telecommunications Systems Ltd,Active,X ,10,INE318N01011,Industrial Products,Equity,Industrials,Capital Goods
538422,JACKSON,Jackson Investments Ltd,Active,X ,1,INE508N01025,Investment Company,Equity,Financial Services,Financial Services
538446,MONEYBOXX,Moneyboxx Finance Ltd,Active,X ,10,INE296Q01012,Non Banking Financial Company (NBFC),Equity,Financial Services,Financial Services
538451,WORTH,Worth Investment & Trading Co Ltd,Active,XT,1,INE114O01020,Investment Company,Equity,Financial Services,Financial Services
538452,QUASAR,Quasar India Ltd,Active,XT,1,INE855P01041,Trading & Distributors,Equity,Services,Services
538464,TPROJECT,Thirani Projects Ltd,Active,X ,10,INE901C01017,Non Banking Financial Company (NBFC),Equity,Financial Services,Financial Services
538465,AMARSEC,Amarnath Securities Ltd,Active,XT,10,INE745P01010,Non Banking Financial Company (NBFC),Equity,Financial Services,Financial Services
538476,CTL,Capital Trade Links Ltd,Active,X ,1,INE172D01021,Non Banking Financial Company (NBFC),Equity,Financial Services,Financial Services
538496,TARINI,Tarini International Ltd,Active,MT,10,INE849M01017,Consulting Services,Equity,Services,Services
538521,YAANENT,Yaan Enterprises Ltd,Active,X ,10,INE969E01010,"Tour, Travel Related Services",Equity,Consumer Discretionary,Consumer Services
538537,OMANSH,Omansh Enterprises Ltd,Active,XT,2,INE378P01036,Trading & Distributors,Equity,Services,Services
538539,ANVRDHI,Annvrridhhi  Ventures Ltd,Active,X ,10,INE075K01013,Other Agricultural Products,Equity,Fast Moving Consumer Goods,Fast Moving Consumer Goods
538540,RLFL,Ramchandra Leasing & Finance Ltd,Active,X ,1,INE516P01015,Non Banking Financial Company (NBFC),Equity,Financial Services,Financial Services
538542,GOLDCOINHF,Gold Coin Health Foods Ltd,Active,X ,10,INE634J01019,Packaged Foods,Equity,Fast Moving Consumer Goods,Fast Moving Consumer Goods
538546,BRPL,Bansal Roofing Products Ltd,Active,B ,10,INE319Q01012,Iron & Steel Products,Equity,Industrials,Capital Goods
538556,ARMAN,Arman Holdings Ltd,Active,X ,10,INE510P01018,Investment Company,Equity,Financial Services,Financial Services
538562,SKIPPER,Skipper Ltd,Active,B ,1,INE439E01022,Heavy Electrical Equipment,Equity,Industrials,Capital Goods
538563,ADARSH,Adarsh Mercantile Ltd,Active,XT,10,INE673E01018,Trading & Distributors,Equity,Services,Services
538564,JAMESWARREN,James Warren Tea Ltd,Active,X ,10,INE718P01017,Tea & Coffee,Equity,Fast Moving Consumer Goods,Fast Moving Consumer Goods
538565,VISTARAMAR,Vistar Amar Ltd,Active,X ,10,INE878P01019,Other Food Products,Equity,Fast Moving Consumer Goods,Fast Moving Consumer Goods
538567,GULFOILLUB,Gulf Oil Lubricants India Ltd,Active,A ,2,INE635Q01029,Lubricants,Equity,Energy,"Oil, Gas & Consumable Fuels"
538568,FRUTION,Fruition Venture Ltd,Active,X ,10,INE836C01015,Trading & Distributors,Equity,Services,Services
538569,TRIVENIENT,Triveni Enterprises Ltd,Active,X ,1,INE916P01025,Trading & Distributors,Equity,Services,Services
538576,BHANDERI,Bhanderi Infracon Ltd,Active,MT,10,INE336Q01016,Residential- Commercial Projects,Equity,Consumer Discretionary,Realty
538596,CEMAINFRA,Cemantic Infra-Tech Ltd,Active,XT,10,INE222B01028,Residential- Commercial Projects,Equity,Consumer Discretionary,Realty
538597,TTIENT,TTI Enterprise Ltd,Active,X ,10,INE404F01031,Non Banking Financial Company (NBFC),Equity,Financial Services,Financial Services
538598,VISHAL,Vishal Fabrics Ltd,Active,X ,5,INE755Q01025,Garments & Apparels,Equity,Consumer Discretionary,Textiles
538607,TOYAMSL,Toyam Sports Ltd,Active,XT,1,INE457P01020,Other Financial Services,Equity,Financial Services,Financial Services
538609,GAJANANSEC,Gajanan Securities Services Ltd,Active,X ,10,INE868G01019,Other Financial Services,Equity,Financial Services,Financial Services
538610,UNISON,Unison Metals Ltd,Active,X ,10,INE099D01018,Iron & Steel Products,Equity,Industrials,Capital Goods
538611,RTFL,Real Touch Finance Ltd,Active,Z ,10,INE840I01014,Other Financial Services,Equity,Financial Services,Financial Services
538634,VRL,Vasundhara Rasayans Ltd,Active,X ,10,INE406F01010,Pharmaceuticals,Equity,Healthcare,Healthcare
538635,SNOWMAN,Snowman Logistics Ltd,Active,B ,10,INE734N01019,Logistics Solution Provider,Equity,Services,Services
538646,QGO,QGO Finance Ltd,Active,X ,10,INE837C01013,Non Banking Financial Company (NBFC),Equity,Financial Services,Financial Services
538647,PURSHOTTAM,Purshottam Investofin Ltd,Active,X ,10,INE729C01020,Non Banking Financial Company (NBFC),Equity,Financial Services,Financial Services
538652,HCLTD,Hind Commerce Ltd,Active,X ,10,INE691J01019,Trading & Distributors,Equity,Services,Services
538666,SHARDACROP,Sharda Cropchem Ltd,Active,B ,10,INE221J01015,Pesticides & Agrochemicals,Equity,Commodities,Chemicals
538667,SIROHIA,Sirohia & Sons Ltd,Active,M ,10,INE785O01019,Trading & Distributors,Equity,Services,Services
538668,MIIL,Meghna Infracon Infrastructure Ltd,Active,B ,10,INE898Q01015,Residential- Commercial Projects,Equity,Consumer Discretionary,Realty
538674,CITYONLINE,City Online Services Ltd,Active,Z ,10,INE158C01014,Telecom - Cellular & Fixed line services,Equity,Telecommunication,Telecommunication
538683,SENSEXBEES,Nippon India ETF S&P BSE Sensex,Active,A ,10,INF204KA1UN7, ,Equity,-,-
538685,SHEMAROO,Shemaroo Entertainment Ltd,Active,T ,10,INE363M01019,Media & Entertainment,Equity,Consumer Discretionary,"Media, Entertainment & Publication"
538706,ULTRACAB,Ultracab (India) Ltd,Active,X ,2,INE010R01023,Cables - Electricals,Equity,Industrials,Capital Goods
538707,RCCL,Rajasthan Cylinders & Containers Ltd,Active,X ,10,INE929D01016,Industrial Products,Equity,Industrials,Capital Goods
538708,ETIL,Econo Trade (India) Ltd,Active,X ,10,INE937K01014,Non Banking Financial Company (NBFC),Equity,Financial Services,Financial Services
538713,ATISHAY,Atishay Ltd,Active,X ,10,INE011R01013,Software Products,Equity,Information Technology,Information Technology
538714,SANGAMFIN,Sangam Finserv Ltd,Active,X ,10,INE475D01010,Non Banking Financial Company (NBFC),Equity,Financial Services,Financial Services
538715,DHABRIYA,Dhabriya Polywood Ltd,Active,X ,10,INE260R01016,Plastic Products - Industrial,Equity,Industrials,Capital Goods
538716,ARYACAPM,Aryaman Capital Markets Ltd,Active,T ,10,INE229R01011,Investment Company,Equity,Financial Services,Financial Services
538730,PDSL,PDS Ltd,Active,B ,2,INE111Q01021,Trading - Textile Products,Equity,Consumer Discretionary,Textiles
538731,HANMAN,Hanman Fit Ltd,Active,MT,10,INE982Q01017,Amusement Parks/ Other Recreation,Equity,Consumer Discretionary,Consumer Services
538732,VGCL,Vibrant Global Capital Ltd,Active,X ,10,INE761Q01015,Non Banking Financial Company (NBFC),Equity,Financial Services,Financial Services
538734,CEINSYSTECH,Ceinsys Tech Ltd,Active,B ,10,INE016Q01014,Computers - Software & Consulting,Equity,Information Technology,Information Technology
538742,PANABYTE,Panabyte Technologies Ltd,Active,X ,10,INE516E01019,IT Enabled Services,Equity,Information Technology,Information Technology
538743,MUDUNURU,Mudunuru Ltd,Active,XT,2,INE491C01027,Computers - Software & Consulting,Equity,Information Technology,Information Technology
538765,JSHL,JLA Infraville Shoppers Ltd,Active,M ,10,INE401Q01018,Internet & Catalogue Retail,Equity,Consumer Discretionary,Consumer Services
538770,CRANEINFRA,Crane Infrastructure Ltd,Active,X ,10,INE176L01017,Residential- Commercial Projects,Equity,Consumer Discretionary,Realty
538772,NIYOGIN,Niyogin Fintech Ltd,Active,X ,10,INE480D01010,Non Banking Financial Company (NBFC),Equity,Financial Services,Financial Services
538777,ASIACAP,Asia Capital Ltd,Active,XT,10,INE131Q01011,Non Banking Financial Company (NBFC),Equity,Financial Services,Financial Services
538778,KALYANCAP,Kalyan Capitals Ltd,Active,XT,2,INE149Q01021,Non Banking Financial Company (NBFC),Equity,Financial Services,Financial Services
538786,CIL,Citizen Infoline Ltd,Active,XT,10,INE473L01018,Print Media,Equity,Consumer Discretionary,"Media, Entertainment & Publication"
538787,GBFL,Goenka Business & Finance Ltd,Active,X ,10,INE997C01015,Non Banking Financial Company (NBFC),Equity,Financial Services,Financial Services
538788,GILADAFINS,Gilada Finance & Investments Ltd,Active,X ,5,INE918C01029,Non Banking Financial Company (NBFC),Equity,Financial Services,Financial Services
538794,JETSOLAR,Jet Solar Ltd,Active,M ,10,INE155R01018,Residential- Commercial Projects,Equity,Consumer Discretionary,Realty
538795,SAPPL,Shree Ajit Pulp And Paper Ltd,Active,X ,10,INE185C01017,Paper & Paper Products,Equity,Commodities,Forest Materials
538817,CAPPIPES,Captain Pipes Ltd,Active,B ,1,INE513R01026,Plastic Products - Industrial,Equity,Industrials,Capital Goods
538833,KAIZENAGRO,Kaizen Agro Infrabuild Ltd,Active,X ,10,INE891N01017,Civil Construction,Equity,Industrials,Construction
538834,JMJFIN,JMJ Fintech Ltd,Active,X ,10,INE242Q01016,Non Banking Financial Company (NBFC),Equity,Financial Services,Financial Services
538835,INTELLECT,Intellect Design Arena Ltd,Active,A ,5,INE306R01017,Computers - Software & Consulting,Equity,Information Technology,Information Technology
538836,MONTECARLO,Monte Carlo Fashions Ltd,Active,B ,10,INE950M01013,Garments & Apparels,Equity,Consumer Discretionary,Textiles
538837,JSTL,Jeevan Scientific Technology Ltd,Active,X ,10,INE237B01018,Healthcare Research- Analytics & Technology,Equity,Healthcare,Healthcare
538838,ICL,Indo Cotspin Ltd,Active,X ,10,INE407P01017,Other Textile Products,Equity,Consumer Discretionary,Textiles
538857,SCC,Scintilla Commercial & Credit Ltd,Active,X ,10,INE892C01018,Non Banking Financial Company (NBFC),Equity,Financial Services,Financial Services
538860,PANAFIC,Panafic Industrials Ltd,Active,X ,1,INE655P01029,Non Banking Financial Company (NBFC),Equity,Financial Services,Financial Services
538862,MYMONEY,My Money Securities Ltd,Active,XT,10,INE232L01018,Stockbroking & Allied,Equity,Financial Services,Financial Services
538863,AMARNATH,Sri Amarnath Finance Ltd,Active,X ,10,INE985Q01010,Non Banking Financial Company (NBFC),Equity,Financial Services,Financial Services
538868,CSL,Continental Securities Ltd,Active,XT,2,INE183Q01020,Non Banking Financial Company (NBFC),Equity,Financial Services,Financial Services
538874,NEXUSSURGL,Nexus Surgical And Medicare Ltd,Active,XT,10,INE370Q01015,Other Financial Services,Equity,Financial Services,Financial Services
538875,SELLWIN,Sellwin Traders Ltd,Active,X ,2,INE195F01027,Diversified Commercial Services,Equity,Services,Services
538881,GALADAFIN,Galada Finance Ltd,Active,X ,10,INE243E01010,Non Banking Financial Company (NBFC),Equity,Financial Services,Financial Services
538882,EMERALD,Emerald Finance Ltd,Active,XT,10,INE030Q01015,Non Banking Financial Company (NBFC),Equity,Financial Services,Financial Services
538890,MKEXIM,M.K. Exim (India) Ltd,Active,X ,10,INE227F01010,Distributors,Equity,Consumer Discretionary,Consumer Services
538891,MCLOUD,Magellanic Cloud Ltd,Active,B ,2,INE613C01026,Computers - Software & Consulting,Equity,Information Technology,Information Technology
538894,OCTAL,Octal Credit Capital Ltd,Active,XT,10,INE513C01010,Non Banking Financial Company (NBFC),Equity,Financial Services,Financial Services
538895,MIHIKA,Mihika Industries Ltd,Active,X ,10,INE779Q01017,Trading & Distributors,Equity,Services,Services
538896,KANCHI,Kanchi Karpooram Ltd,Active,X ,10,INE081G01019,Commodity Chemicals,Equity,Commodities,Chemicals
538897,SHRINIWAS,Shri Niwas Leasing And Finance Ltd,Active,XT,10,INE201F01015,Non Banking Financial Company (NBFC),Equity,Financial Services,Financial Services
538902,DTIL,Dhunseri Tea & Industries Ltd,Active,B ,10,INE341R01014,Tea & Coffee,Equity,Fast Moving Consumer Goods,Fast Moving Consumer Goods
538918,VANICOM,Vani Commercials Ltd,Active,X ,10,INE661Q01017,Non Banking Financial Company (NBFC),Equity,Financial Services,Financial Services
538919,SKILVEN,Skyline Ventures India Ltd,Active,X ,10,INE055Q01012,Residential- Commercial Projects,Equity,Consumer Discretionary,Realty
538920,VINCOFE,Vintage Coffee And Beverages Ltd,Active,B ,10,INE498Q01014,Trading & Distributors,Equity,Services,Services
538921,RAFL,Raghuvansh Agrofarms Ltd,Active,M ,10,INE865P01016,Other Agricultural Products,Equity,Fast Moving Consumer Goods,Fast Moving Consumer Goods
538922,COSYN,COSYN Ltd,Active,XT,10,INE029B01019,Software Products,Equity,Information Technology,Information Technology
538923,SOFCOM,Sofcom Systems Ltd,Active,XT,10,INE499Q01012,Computers - Software & Consulting,Equity,Information Technology,Information Technology
538926,NAPL,Naturite Agro Products Ltd,Active,XT,10,INE223R01014,Other Agricultural Products,Equity,Fast Moving Consumer Goods,Fast Moving Consumer Goods
538928,KARNAVATI,Karnavati Finance Ltd,Active,X ,1,INE554R01020,Non Banking Financial Company (NBFC),Equity,Financial Services,Financial Services
538935,ABHIFIN,Abhishek Finlease Ltd,Active,X ,10,INE723C01015,Non Banking Financial Company (NBFC),Equity,Financial Services,Financial Services
538942,MERCANTILE,Mercantile Ventures Ltd,Active,X ,10,INE689O01013,Diversified Commercial Services,Equity,Services,Services
538943,SONAL,Sonal Mercantile Ltd,Active,X ,10,INE321M01017,Non Banking Financial Company (NBFC),Equity,Financial Services,Financial Services
538952,ALFL,Abhinav Leasing & Finance Ltd,Active,X ,1,INE211D01027,Non Banking Financial Company (NBFC),Equity,Financial Services,Financial Services
538961,GENUSPAPER,Genus Paper & Boards Ltd,Active,B ,1,INE949P01018,Paper & Paper Products,Equity,Commodities,Forest Materials
538962,MINDACORP,Minda Corporation Ltd,Active,A ,2,INE842C01021,Auto Components & Equipments,Equity,Consumer Discretionary,Automobile and Auto Components
538964,MERCURYLAB,Mercury Laboratories Ltd,Active,X ,10,INE947G01011,Pharmaceuticals,Equity,Healthcare,Healthcare
538965,CONCORD,Concord Drugs Ltd,Active,X ,10,INE858L01010,Pharmaceuticals,Equity,Healthcare,Healthcare
538970,WARDINMOBI,Wardwizard Innovations & Mobility Ltd,Active,T ,1,INE945P01024,2/3 Wheelers,Equity,Consumer Discretionary,Automobile and Auto Components
538975,SHREESEC,Shree Securities Ltd,Active,X ,1,INE397C01026,Non Banking Financial Company (NBFC),Equity,Financial Services,Financial Services
538979,GREENLAM,Greenlam Industries Ltd,Active,B ,1,INE544R01021,Plywood Boards/ Laminates,Equity,Consumer Discretionary,Consumer Durables
538987,TALBROSENG,Talbros Engineering Ltd,Active,X ,10,INE717E01013,Auto Components & Equipments,Equity,Consumer Discretionary,Automobile and Auto Components
538992,SAPL,SAR Auto Products Ltd,Active,X ,10,INE002E01010,Auto Components & Equipments,Equity,Consumer Discretionary,Automobile and Auto Components
538993,PUROHITCON,Purohit Construction Ltd,Active,XT,10,INE147J01012,Residential- Commercial Projects,Equity,Consumer Discretionary,Realty
539005,JAYATMA,Jayatma Enterprises Ltd,Active,X ,10,INE246D01015,Diversified Commercial Services,Equity,Services,Services
539006,PTCIL,PTC Industries Ltd,Active,A ,10,INE596F01018,Other Industrial Products,Equity,Industrials,Capital Goods
539011,CHENFERRO,Chennai Ferrous Industries Ltd,Active,X ,10,INE777O01016,Trading - Metals,Equity,Commodities,Metals & Mining
539012,MEGRISOFT,Megri Soft Ltd,Active,X ,10,INE756R01013,Data Processing Services,Equity,Services,Services
539013,GITARENEW,Gita Renewable Energy Ltd,Active,X ,10,INE776O01018,Power Generation,Equity,Utilities,Power
539015,ORTEL,Ortel Communications Ltd,Active,Z ,10,INE849L01019,TV Broadcasting & Software Production,Equity,Consumer Discretionary,"Media, Entertainment & Publication"
539016,NEIL,Neil Industries Ltd,Active,X ,10,INE396C01010,Non Banking Financial Company (NBFC),Equity,Financial Services,Financial Services
539017,STARHFL,Star Housing Finance Ltd,Active,X ,5,INE526R01028,Housing Finance Company,Equity,Financial Services,Financial Services
539018,BEEKAY,Beekay Steel Industries Ltd,Active,B ,10,INE213D01015,Iron & Steel Products,Equity,Industrials,Capital Goods
539026,SSPNFIN,SSPN Finance Ltd,Active,M ,10,INE820R01017,Other Financial Services,Equity,Financial Services,Financial Services
539031,SETFBSE100,SBI Mutual Fund - SBI - ETF BSE 100,Active,A ,10,INF200KA1572, ,Equity,-,-
539032,FRASER,Fraser and Company Ltd,Active,XT,10,INE184Q01010,Trading & Distributors,Equity,Services,Services
539040,TTIL,Tirupati Tyres Ltd,Active,XT,10,INE812Q01016,Tyres & Rubber Products,Equity,Consumer Discretionary,Automobile and Auto Components
539041,GANVERSE,Ganesha Ecoverse Ltd,Active,M ,10,INE369Q01017,Trading & Distributors,Equity,Services,Services
539042,AGIIL,AGI Infra Ltd,Active,B ,5,INE976R01025,Residential- Commercial Projects,Equity,Consumer Discretionary,Realty
539044,MANAKSTEEL,Manaksia Steels Ltd,Active,T ,1,INE824Q01011,Iron & Steel,Equity,Commodities,Metals & Mining
539045,MANAKALUCO,Manaksia Aluminium Company Ltd,Active,B ,1,INE859Q01017,Aluminium,Equity,Commodities,Metals & Mining
539046,MANAKCOAT,Manaksia Coated Metals & Industries Ltd,Active,T ,1,INE830Q01018,Iron & Steel Products,Equity,Industrials,Capital Goods
539056,IMAGICAA,Imagicaaworld Entertainment Ltd,Active,B ,10,INE172N01012,Amusement Parks/ Other Recreation,Equity,Consumer Discretionary,Consumer Services
539083,INOXWIND,Inox Wind Ltd,Active,A ,10,INE066P01011,Heavy Electrical Equipment,Equity,Industrials,Capital Goods
539090,RAJPUTANA,Rajputana Investment and Finance Ltd,Active,X ,10,INE751R01014,Non Banking Financial Company (NBFC),Equity,Financial Services,Financial Services
539091,CITL,Consecutive Investment & Trading Company Ltd,Active,XT,1,INE187R01029,Investment Company,Equity,Financial Services,Financial Services
539096,AANANDALAK,Aananda Lakshmi Spinning Mills Ltd,Active,X ,10,INE197R01010,Other Textile Products,Equity,Consumer Discretionary,Textiles
539097,URSUGAR,UR Sugar Industries Ltd,Active,T ,2,INE904R01027,Trading & Distributors,Equity,Services,Services
539098,FILTRA,Filtra Consultants and Engineers Ltd,Active,M ,10,INE541R01019,Other Utilities,Equity,Utilities,Utilities
539099,ATHCON,Athena Constructions Ltd,Active,M ,10,INE291R01011,Residential- Commercial Projects,Equity,Consumer Discretionary,Realty
539110,NORTHLINK,Northlink Fiscal and Capital Services Ltd,Active,XT,10,INE736P01019,Non Banking Financial Company (NBFC),Equity,Financial Services,Financial Services
539111,SHESHAINDS,Sheshadri Industries Ltd,Active,X ,10,INE193R01019,Other Textile Products,Equity,Consumer Discretionary,Textiles
539112,SAB,SAB Industries Ltd,Active,X ,10,INE137M01017,Civil Construction,Equity,Industrials,Construction
539113,PML,Paul Merchants Ltd,Active,X ,10,INE291E01019,Other Financial Services,Equity,Financial Services,Financial Services
539115,ALANSCOTT,Alan Scott Industries Ltd,Active,X ,10,INE273F01022,Film Production- Distribution & Exhibition,Equity,Consumer Discretionary,"Media, Entertainment & Publication"
539116,OPCHAINS,O. P. Chains Ltd,Active,MT,10,INE118Q01018,Trading & Distributors,Equity,Services,Services
539117,SUJALA,Sujala Trading & Holdings Ltd,Active,X ,10,INE029H01016,Non Banking Financial Company (NBFC),Equity,Financial Services,Financial Services
539118,VRLLOG,VRL Logistics Ltd,Active,B ,10,INE366I01010,Logistics Solution Provider,Equity,Services,Services
539119,JAINMARMO,Jain Marmo Industries Ltd,Active,X ,10,INE780Q01015,Other Construction Materials,Equity,Commodities,Construction Materials
539120,BFFL,Bangalore Fort Farms Ltd,Active,X ,10,INE578R01011,Jute & Jute Products,Equity,Commodities,Forest Materials
539121,PALCO,Palco Metals Ltd,Active,X ,10,INE239L01013,Aluminium,Equity,Commodities,Metals & Mining
539123,VBIND,V B Industries Ltd,Active,XT,10,INE334E01017,Investment Company,Equity,Financial Services,Financial Services
539124,SARVOTTAM,Sarvottam Finvest Ltd,Active,X ,10,INE822Q01015,Non Banking Financial Company (NBFC),Equity,Financial Services,Financial Services
539126,MEP,MEP Infrastructure Developers Ltd,Active,Z ,10,INE776I01010,Road Assets–Toll- Annuity- Hybrid-Annuity,Equity,Services,Services
539132,WARDWIZFBL,Wardwizard Foods and Beverages Ltd,Active,XT,1,INE761D01021,Other Food Products,Equity,Fast Moving Consumer Goods,Fast Moving Consumer Goods
539141,UFO,UFO Moviez India Ltd,Active,B ,10,INE527H01019,Film Production- Distribution & Exhibition,Equity,Consumer Discretionary,"Media, Entertainment & Publication"
539143,PANTH,Panth Infinity Ltd,Active,X ,10,INE945O01019,Diversified,Equity,Diversified,Diversified
539148,SHIVALIK,Shivalik Rasayan Ltd,Active,B ,5,INE788J01021,Pesticides & Agrochemicals,Equity,Commodities,Chemicals
539149,ICSL,Integrated Capital Services Ltd,Active,X ,1,INE682B01023,Consulting Services,Equity,Services,Services
539150,PNCINFRA,PNC Infratech Ltd,Active,A ,2,INE195J01029,Civil Construction,Equity,Industrials,Construction
539151,ARFIN,Arfin India Ltd,Active,X ,1,INE784R01023,Aluminium,Equity,Commodities,Metals & Mining
539167,VLL,Virat Leasing Ltd,Active,XT,10,INE347L01014,Non Banking Financial Company (NBFC),Equity,Financial Services,Financial Services
539174,HELPAGE,Helpage Finlease Ltd,Active,X ,10,INE738P01015,Non Banking Financial Company (NBFC),Equity,Financial Services,Financial Services
539175,INDRAIND,Indra Industries Ltd,Active,XT,10,INE924N01016,Fertilizers,Equity,Commodities,Chemicals
539176,HAWAENG,Hawa Engineers Ltd,Active,X ,10,INE230I01018,Industrial Products,Equity,Industrials,Capital Goods
539177,AIIL,Authum Investment & Infrastructure Ltd,Active,A ,1,INE206F01022,Non Banking Financial Company (NBFC),Equity,Financial Services,Financial Services
539189,ADHBHUTIN,Adhbhut Infrastructure Ltd,Active,X ,10,INE578L01014,Residential- Commercial Projects,Equity,Consumer Discretionary,Realty
539190,DFL,Decillion Finance Ltd,Active,XT,10,INE848N01017,Non Banking Financial Company (NBFC),Equity,Financial Services,Financial Services
539195,POEL,POCL Enterprises Ltd,Active,XT,2,INE035S01028,Commodity Chemicals,Equity,Commodities,Chemicals
539196,AEL,Amba Enterprises Ltd,Active,XT,5,INE829P01020,Other Electrical Equipment,Equity,Industrials,Capital Goods
539199,SGFIN,SG Finserve Ltd,Active,B ,10,INE618R01015,Non Banking Financial Company (NBFC),Equity,Financial Services,Financial Services
539201,SATIA,Satia Industries Ltd,Active,B ,1,INE170E01023,Paper & Paper Products,Equity,Commodities,Forest Materials
539206,GVBL,Genomic Valley Biotech Ltd,Active,XT,10,INE574D01010,Biotechnology,Equity,Healthcare,Healthcare
539216,GARMNTMNTR,Garment Mantra Lifestyle Ltd,Active,B ,1,INE653S01028,Garments & Apparels,Equity,Consumer Discretionary,Textiles
539217,SRESTHA,Srestha Finvest Ltd,Active,X ,1,INE606K01049,Investment Company,Equity,Financial Services,Financial Services
539218,SAUMYA,Saumya Consultants Ltd,Active,XT,10,INE563C01015,Non Banking Financial Company (NBFC),Equity,Financial Services,Financial Services
539219,MUL,Mauria Udyog Ltd,Active,X ,1,INE150D01027,Other Industrial Products,Equity,Industrials,Capital Goods
539220,MISHKA,Mishka Exim Ltd,Active,X ,10,INE540S01019,Gems- Jewellery And Watches,Equity,Consumer Discretionary,Consumer Durables
539221,SPORTKING,Sportking India Ltd,Active,B ,1,INE885H01029,Other Textile Products,Equity,Consumer Discretionary,Textiles
539222,GROWINGTON,Growington Ventures India Ltd,Active,T ,1,INE451S01027,Trading & Distributors,Equity,Services,Services
539226,RUDRA,Rudra Global Infra Products Ltd,Active,X ,5,INE027T01023,Iron & Steel Products,Equity,Industrials,Capital Goods
539227,LOYAL,Loyal Equipments Ltd,Active,X ,10,INE876S01017,Industrial Products,Equity,Industrials,Capital Goods
539228,GGPL,Gala Global Products Ltd,Active,X ,5,INE480S01026,Stationary,Equity,Fast Moving Consumer Goods,Fast Moving Consumer Goods
539230,CHEMIESYNT,Chemiesynth (Vapi) Ltd,Active,X ,10,INE829R01018,Specialty Chemicals,Equity,Commodities,Chemicals
539246,JEL,Jyotirgamya Enterprises Ltd,Active,XT,10,INE805R01018,Trading & Distributors,Equity,Services,Services
539251,BALKRISHNA,Balkrishna Paper Mills Ltd,Active,B ,10,INE875R01011,Paper & Paper Products,Equity,Commodities,Forest Materials
539252,SHYAMCENT,Shyam Century Ferrous Ltd,Active,T ,1,INE979R01011,Ferro & Silica Manganese,Equity,Commodities,Metals & Mining
539253,SURYAINDIA,Surya India Ltd,Active,X ,10,INE446E01019,Non Banking Financial Company (NBFC),Equity,Financial Services,Financial Services
539254,ADANIENSOL,Adani Energy Solutions Ltd,Active,A ,10,INE931S01010,Power Distribution,Equity,Utilities,Power
539255,STARDELTA,Star Delta Transformers Ltd,Active,X ,10,INE541K01014,Heavy Electrical Equipment,Equity,Industrials,Capital Goods
539265,AMRAFIN,Amrapali Fincap Ltd,Active,MT,10,INE990S01016,Investment Company,Equity,Financial Services,Financial Services
539267,SAMSRITA,Samsrita Labs Ltd,Active,XT,10,INE579N01018,Healthcare Service Provider,Equity,Healthcare,Healthcare
539268,SYNGENE,Syngene International Ltd,Active,A ,10,INE398R01022,Healthcare Research- Analytics & Technology,Equity,Healthcare,Healthcare
539273,PECOS,Pecos Hotels and Pubs Ltd,Active,M ,10,INE484S01010,Restaurants,Equity,Consumer Discretionary,Consumer Services
539275,MSL,Mangalam Seeds Ltd,Active,X ,10,INE829S01016,Other Agricultural Products,Equity,Fast Moving Consumer Goods,Fast Moving Consumer Goods
539276,KAYA,Kaya Ltd,Active,B ,10,INE587G01015,Wellness,Equity,Consumer Discretionary,Consumer Services
539277,ALSTONE,Alstone Textiles (India) Ltd,Active,X ,1,INE184S01024,Distributors,Equity,Consumer Discretionary,Consumer Services
539278,SYMBIOX,Symbiox Investment & Trading Company Ltd,Active,X ,10,INE653R01012,Other Financial Services,Equity,Financial Services,Financial Services
539287,ORTINGLOBE,Ortin Global Ltd,Active,T ,10,INE749B01020,Pharmaceuticals,Equity,Healthcare,Healthcare
539288,AVI,AVI Polymers Ltd,Active,XT,10,INE897N01014,Specialty Chemicals,Equity,Commodities,Chemicals
539289,AURUM,Aurum PropTech Ltd,Active,B ,5,INE898S01029,IT Enabled Services,Equity,Information Technology,Information Technology
539290,OSWALGREEN,Oswal Greentech Ltd,Active,B ,10,INE143A01010,Investment Company,Equity,Financial Services,Financial Services
539291,VASUDHAGAM,Vasudhagama Enterprises Ltd,Active,X ,10,INE583K01016,Other Agricultural Products,Equity,Fast Moving Consumer Goods,Fast Moving Consumer Goods
539300,AKSPINTEX,A.K. Spintex Ltd,Active,XT,10,INE671K01019,Other Textile Products,Equity,Consumer Discretionary,Textiles
539301,ARVSMART,Arvind SmartSpaces Ltd,Active,B ,10,INE034S01021,Residential- Commercial Projects,Equity,Consumer Discretionary,Realty
539302,POWERMECH,Power Mech Projects Ltd,Active,A ,10,INE211R01019,Civil Construction,Equity,Industrials,Construction
539309,RAMASTEEL,Rama Steel Tubes Ltd,Active,B ,1,INE230R01035,Iron & Steel Products,Equity,Industrials,Capital Goods
539310,THINKINK,Thinkink Picturez Ltd,Active,XT,1,INE365S01045,Advertising & Media Agencies,Equity,Consumer Discretionary,"Media, Entertainment & Publication"
539312,UTISENSETF,UTI BSE SENSEX ETF,Active,A ,10,INF789FB1X58, ,Equity,-,-
539313,UTINIFTETF,UTI NIFTY 50 ETF,Active,B ,1,INF789F1AZC0, ,Equity,-,-
539314,UNIAUTO,Universal Autofoundry Ltd,Active,T ,10,INE203T01012,Auto Components & Equipments,Equity,Consumer Discretionary,Automobile and Auto Components
539331,VETO,Veto Switchgears and Cables Ltd,Active,B ,10,INE918N01018,Consumer Electronics,Equity,Consumer Discretionary,Consumer Durables
539332,NAVKARCORP,Navkar Corporation Ltd,Active,B ,10,INE278M01019,Logistics Solution Provider,Equity,Services,Services
539334,SHREEPUSHK,Shree Pushkar Chemicals & Fertilisers Ltd,Active,B ,10,INE712K01011,Dyes And Pigments,Equity,Commodities,Chemicals
539336,GUJGASLTD,Gujarat Gas Ltd,Active,A ,2,INE844O01030,LPG/CNG/PNG/LNG Supplier,Equity,Energy,"Oil, Gas & Consumable Fuels"
539337,WAAREE,Waaree Technologies Ltd,Active,MT,10,INE725P01012,Power Generation,Equity,Utilities,Power
539346,SADBHIN,Sadbhav Infrastructure Project Ltd,Active,B ,10,INE764L01010,Civil Construction,Equity,Industrials,Construction
539352,PBFL,P. B. Films Ltd,Active,MT,10,INE212Q01019,Film Production- Distribution & Exhibition,Equity,Consumer Discretionary,"Media, Entertainment & Publication"
539353,SALAUTO,Sal Automotive Ltd,Active,X ,10,INE724G01014,Auto Components & Equipments,Equity,Consumer Discretionary,Automobile and Auto Components
539354,POLYSPIN,Polyspin Exports Ltd,Active,X ,5,INE914G01029,Packaging,Equity,Industrials,Capital Goods
539359,PRITIKAUTO,Pritika Auto Industries Ltd,Active,B ,2,INE583R01029,Auto Components & Equipments,Equity,Consumer Discretionary,Automobile and Auto Components
539378,SML,Soni Medicare Ltd,Active,XT,10,INE848R01018,Hospital,Equity,Healthcare,Healthcare
539383,MINFY,Mahaveer Infoway Ltd,Active,Z ,10,INE019D01016,Computers - Software & Consulting,Equity,Information Technology,Information Technology
539384,KRISHNACAP,Krishna Capital and Securities Ltd,Active,X ,10,INE897B01019,Non Banking Financial Company (NBFC),Equity,Financial Services,Financial Services
539391,ACME,Acme Resources Ltd,Active,Z ,10,INE636B01011,Non Banking Financial Company (NBFC),Equity,Financial Services,Financial Services
539393,KCL,Kabra Commercial Ltd,Active,XT,10,INE926E01010,Trading Coal,Equity,Energy,"Oil, Gas & Consumable Fuels"
539398,VISHALBL,Vishal Bearings Ltd,Active,B ,10,INE060T01024,Auto Components & Equipments,Equity,Consumer Discretionary,Automobile and Auto Components
539399,BELLACASA,Bella Casa Fashion & Retail Ltd,Active,X ,10,INE344T01014,Garments & Apparels,Equity,Consumer Discretionary,Textiles
539400,MALLCOM,Mallcom (India) Ltd,Active,B ,10,INE389C01015,Other Industrial Products,Equity,Industrials,Capital Goods
539401,PJL,Patdiam Jewellery Ltd,Active,M ,10,INE473T01011,Gems- Jewellery And Watches,Equity,Consumer Discretionary,Consumer Durables
539402,NAKSH,Naksh Precious Metals Ltd,Active,B ,10,INE256S01012,Auto -Dealer,Equity,Consumer Discretionary,Automobile and Auto Components
539404,SATIN,Satin Creditcare Network Ltd,Active,B ,10,INE836B01017,Microfinance Institutions,Equity,Financial Services,Financial Services
539405,DITCO,Decorous Investment & Trading Co Ltd,Active,X ,10,INE183R01010,Gems- Jewellery And Watches,Equity,Consumer Discretionary,Consumer Durables
539406,SWAGTAM,Swagtam Trading & Services Ltd,Active,X ,10,INE150R01019,Trading & Distributors,Equity,Services,Services
539407,GENCON,Generic Engineering Construction and Projects Ltd,Active,B ,5,INE854S01022,Residential- Commercial Projects,Equity,Consumer Discretionary,Realty
539408,KUBERJI,Kuber Udyog Ltd,Active,XT,10,INE594R01018,Non Banking Financial Company (NBFC),Equity,Financial Services,Financial Services
539409,NEERAJ,Neeraj Paper Marketing Ltd,Active,X ,10,INE894J01019,Trading & Distributors,Equity,Services,Services
539428,TEJNAKSH,Tejnaksh Healthcare Ltd,Active,X ,5,INE030T01027,Healthcare Service Provider,Equity,Healthcare,Healthcare
539434,BRIPORT,Brilliant Portfolios Ltd,Active,X ,10,INE661F01010,Non Banking Financial Company (NBFC),Equity,Financial Services,Financial Services
539435,RFSL,Richfield Financial Services Ltd,Active,XT,10,INE201C01012,Other Financial Services,Equity,Financial Services,Financial Services
539436,COFFEEDAY,Coffee Day Enterprises Ltd,Active,T ,10,INE335K01011,Restaurants,Equity,Consumer Discretionary,Consumer Services
539437,IDFCFIRSTB,IDFC First Bank Ltd,Active,A ,10,INE092T01019,Private Sector Bank,Equity,Financial Services,Financial Services
539448,INDIGO,InterGlobe Aviation Ltd,Active,A ,10,INE646L01027,Airline,Equity,Services,Services
539449,IGCIL,IGC Industries Ltd,Active,XT,10,INE099S01016,Trading & Distributors,Equity,Services,Services
539450,SHK,S H Kelkar and Company Ltd,Active,B ,10,INE500L01026,Specialty Chemicals,Equity,Commodities,Chemicals
539455,ARYAVAN,Aryavan Enterprise Ltd,Active,X ,10,INE360S01012,Iron & Steel Products,Equity,Industrials,Capital Goods
539468,TFSL,Typhoon Financial Services Ltd,Active,X ,10,INE761R01013,Non Banking Financial Company (NBFC),Equity,Financial Services,Financial Services
539469,PANORAMA,Panorama Studios International Ltd,Active,B ,2,INE258R01028,Film Production- Distribution & Exhibition,Equity,Consumer Discretionary,"Media, Entertainment & Publication"
539470,SHREEGANES,Shree Ganesh Biotech (India) Ltd,Active,X ,1,INE051N01026,Biotechnology,Equity,Healthcare,Healthcare
539479,GTV,GTV Engineering Ltd,Active,X ,10,INE910R01016,Industrial Products,Equity,Industrials,Capital Goods
539480,LICNETFN50,LIC MF EXCHANGE TRADED FUND- NIFTY 50,Active,B ,10,INF767K01OS7, ,Equity,-,-
539487,LICNETFSEN,LIC MF EXCHANGE TRADED FUND- SENSEX,Active,A ,10,INF767K01OT5, ,Equity,-,-
539488,TFLL,Tirupati Finlease Ltd,Active,XT,10,INE027S01017,Investment Company,Equity,Financial Services,Financial Services
539492,GARBIFIN,Garbi Finvest Ltd,Active,X ,10,INE721C01019,Non Banking Financial Company (NBFC),Equity,Financial Services,Financial Services
539494,SMARTFIN,Smart Finsec Ltd,Active,X ,1,INE766D01020,Non Banking Financial Company (NBFC),Equity,Financial Services,Financial Services
539495,RAJKOTINV,Rajkot Investment Trust Ltd,Active,X ,10,INE176R01014,Non Banking Financial Company (NBFC),Equity,Financial Services,Financial Services
539506,ADCON,Adcon Capital Services Ltd,Active,X ,1,INE805Q01028,Non Banking Financial Company (NBFC),Equity,Financial Services,Financial Services
539515,QUINT,Quint Digital Ltd,Active,X ,10,INE641R01017,Electronic Media,Equity,Consumer Discretionary,"Media, Entertainment & Publication"
539516,HDFCNIFTY,HDFC NIFTY 50 ETF,Active,B ,76.13,INF179KC1965, ,Equity,-,-
539517,HDFCSENSEX,HDFC S&P BSE Sensex ETF,Active,A ,25.04,INF179KC1HX2, ,Equity,-,-
539518,UDAYJEW,Uday Jewellery Industries Ltd,Active,X ,10,INE551B01012,Gems- Jewellery And Watches,Equity,Consumer Discretionary,Consumer Durables
539519,SATTVASUKU,Sattva Sukun Lifecare Ltd,Active,X ,1,INE280E01038,Distributors,Equity,Consumer Discretionary,Consumer Services
539521,NAVIGANT,Navigant Corporate Advisors Ltd,Active,MT,10,INE364T01012,Other Financial Services,Equity,Financial Services,Financial Services
539522,GROVY,Grovy India Ltd,Active,X ,10,INE343C01012,Residential- Commercial Projects,Equity,Consumer Discretionary,Realty
539523,ALKEM,Alkem Laboratories Ltd,Active,A ,2,INE540L01014,Pharmaceuticals,Equity,Healthcare,Healthcare
539524,LALPATHLAB,Dr. Lal PathLabs Ltd,Active,A ,10,INE600L01024,Healthcare Service Provider,Equity,Healthcare,Healthcare
539526,SCTL,Suncare Traders Ltd,Active,X ,2,INE452S01025,Trading & Distributors,Equity,Services,Services
539527,CREATIVE,Creative Castings Ltd,Active,X ,10,INE146E01015,Castings & Forgings,Equity,Industrials,Capital Goods
539528,AAYUSH,Aayush Wellness Ltd,Active,XT,1,INE430R01023,Packaged Foods,Equity,Fast Moving Consumer Goods,Fast Moving Consumer Goods
539533,ELITECON,Elitecon International Ltd,Active,XT,10,INE669R01018,Cigarettes & Tobacco Products,Equity,Fast Moving Consumer Goods,Fast Moving Consumer Goods
539542,LUXIND,Lux Industries Ltd,Active,B ,2,INE150G01020,Garments & Apparels,Equity,Consumer Discretionary,Textiles
539543,VALLEY,Valley Magnesite Company Ltd,Active,X ,10,INE834E01016,Investment Company,Equity,Financial Services,Financial Services
539544,ABHIINFRA,Abhishek Infraventures Ltd,Active,X ,10,INE281P01016,Residential- Commercial Projects,Equity,Consumer Discretionary,Realty
539545,APOORVA,Apoorva Leasing Finance and Investment Company Ltd,Active,X ,10,INE217S01014,Other Financial Services,Equity,Financial Services,Financial Services
539546,AGRIBIO,Agribio Spirits Ltd,Active,X ,10,INE679E01015,Breweries & Distilleries,Equity,Fast Moving Consumer Goods,Fast Moving Consumer Goods
539551,NH,Narayana Hrudayalaya Ltd,Active,A ,10,INE410P01011,Hospital,Equity,Healthcare,Healthcare
539552,FMEC,F Mec International Financial Services Ltd,Active,XT,10,INE108T01013,Non Banking Financial Company (NBFC),Equity,Financial Services,Financial Services
539559,DDIL,Deep Diamond India Ltd,Active,X ,1,INE005G01026,Gems- Jewellery And Watches,Equity,Consumer Discretionary,Consumer Durables
539560,ABHIJIT,Abhijit Trading Company Ltd,Active,XT,10,INE994N01019,Other Food Products,Equity,Fast Moving Consumer Goods,Fast Moving Consumer Goods
539561,REMLIFE,Remedium Lifecare Ltd,Active,XT,1,INE549S01036,Trading & Distributors,Equity,Services,Services
539562,AARNAV,Aarnav Fashions Ltd,Active,X ,10,INE750R01016,Trading - Textile Products,Equity,Consumer Discretionary,Textiles
539574,SCL,Sunshine Capital Ltd,Active,XT,1,INE974F01025,Non Banking Financial Company (NBFC),Equity,Financial Services,Financial Services
539584,SIPTL,Sharanam Infraproject and Trading Ltd,Active,XT,1,INE104S01022,Trading & Distributors,Equity,Services,Services
539593,SHIVA,Shivansh Finserve Ltd,Active,X ,10,INE728Q01014,Other Financial Services,Equity,Financial Services,Financial Services
539594,MISHTANN,Mishtann Foods Ltd,Active,T ,1,INE094S01041,Packaged Foods,Equity,Fast Moving Consumer Goods,Fast Moving Consumer Goods
539596,DELTA,Delta Industrial Resources Ltd,Active,X ,10,INE681Q01015,Other Financial Services,Equity,Financial Services,Financial Services
539598,CGFL,Credent Global Finance Ltd,Active,X ,2,INE727C01024,Non Banking Financial Company (NBFC),Equity,Financial Services,Financial Services
539599,KEL,Kotia Enterprises Ltd,Active,XT,10,INE079C01012,Distributors,Equity,Consumer Discretionary,Consumer Services
539607,BLUECLOUDS,Blue Cloud Softech Solutions Ltd,Active,T ,1,INE373T01047,Software Products,Equity,Information Technology,Information Technology
539620,KEIL,Kanoria Energy & Infrastructure Ltd,Active,X ,5,INE534E01020,Cement & Cement Products,Equity,Commodities,Construction Materials
539621,BCLENTERPR,BCL Enterprises Ltd,Active,X ,1,INE368E01023,Non Banking Financial Company (NBFC),Equity,Financial Services,Financial Services
539636,PRECAM,Precision Camshafts Ltd,Active,B ,10,INE484I01029,Auto Components & Equipments,Equity,Consumer Discretionary,Automobile and Auto Components
539658,TEAMLEASE,TeamLease Services Ltd,Active,A ,10,INE985S01024,Diversified Commercial Services,Equity,Services,Services
539659,KAMATS,Vikram Kamats Hospitality Ltd,Active,T ,10,INE564S01019,Restaurants,Equity,Consumer Discretionary,Consumer Services
539660,BESTAGRO,Best Agrolife Ltd,Active,T ,10,INE052T01013,Pesticides & Agrochemicals,Equity,Commodities,Chemicals
539661,ACEMEN,Ace Men Engg Works Ltd,Active,X ,10,INE023R01018,Distributors,Equity,Consumer Discretionary,Consumer Services
539662,BFLAFL,BFL Asset Finvest Ltd,Active,XT,10,INE948Q01018,Non Banking Financial Company (NBFC),Equity,Financial Services,Financial Services
539669,RGF,RGF Capital Markets Ltd,Active,XT,1,INE684D01025,Non Banking Financial Company (NBFC),Equity,Financial Services,Financial Services
539673,RCL,Radhagobind Commercial Ltd,Active,Z ,1,INE792P01020,Distributors,Equity,Consumer Discretionary,Consumer Services
539678,QUICKHEAL,Quick Heal Technologies Ltd,Active,B ,10,INE306L01010,Software Products,Equity,Information Technology,Information Technology
539679,KAPILRAJ,Kapil Raj Finance Ltd,Active,X ,1,INE332Q01023,Non Banking Financial Company (NBFC),Equity,Financial Services,Financial Services
539680,GANGAPHARM,Ganga Pharmaceuticals Ltd,Active,M ,10,INE615T01017,Pharmaceuticals,Equity,Healthcare,Healthcare
539681,DAL,Dynamic Archistructures Ltd,Active,X ,10,INE874E01012,Non Banking Financial Company (NBFC),Equity,Financial Services,Financial Services
539682,LUCENT,Lucent Industries Ltd,Active,T ,10,INE622Q01019,Education,Equity,Consumer Discretionary,Consumer Services
539683,SHIVKAMAL,Shivkamal Impex Ltd,Active,XT,10,INE429R01017,Non Banking Financial Company (NBFC),Equity,Financial Services,Financial Services
539686,KPEL,K.P. Energy Ltd,Active,B ,5,INE127T01021,Power Generation,Equity,Utilities,Power
539691,RGCORP,Real Growth Corporation Ltd,Active,XT,10,INE836D01013,Trading & Distributors,Equity,Services,Services
539692,IFINSER,Interactive Financial Services Ltd,Active,XT,10,INE064T01018,Other Capital Market related Services,Equity,Financial Services,Financial Services
539697,HILIKS,Hiliks Technologies Ltd,Active,XT,10,INE966Q01010,Investment Company,Equity,Financial Services,Financial Services
539725,GOKULAGRO,Gokul Agro Resources Ltd,Active,B ,2,INE314T01025,Edible Oil,Equity,Fast Moving Consumer Goods,Fast Moving Consumer Goods
539730,FREDUN,Fredun Pharmaceuticals Ltd,Active,X ,10,INE194R01017,Pharmaceuticals,Equity,Healthcare,Healthcare
539742,SIMBHALS,Simbhaoli Sugars Ltd,Active,T ,10,INE748T01016,Sugar,Equity,Fast Moving Consumer Goods,Fast Moving Consumer Goods
539760,RELICAB,Relicab Cable Manufacturing Ltd,Active,T ,10,INE773T01014,Other Electrical Equipment,Equity,Industrials,Capital Goods
539761,VKAL,Vantage Knowledge Academy Ltd,Active,XT,1,INE427T01025,Education,Equity,Consumer Discretionary,Consumer Services
539762,MEAPL,Modern Engineering And Projects Ltd,Active,XT,10,INE250S01015,Civil Construction,Equity,Industrials,Construction
539767,MNIL,Mega Nirman and Industries Ltd,Active,X ,10,INE216Q01010,Residential- Commercial Projects,Equity,Consumer Discretionary,Realty
539770,DARJEELING,Darjeeling Ropeway Company Ltd,Active,XT,10,INE830S01014,Other Financial Services,Equity,Financial Services,Financial Services
539773,ADVIKCA,Advik Capital Ltd,Active,X ,1,INE178T01024,Non Banking Financial Company (NBFC),Equity,Financial Services,Financial Services
539784,LICNFNHGP,LIC MF Exchange Traded Fund- NIFTY 100,Active,B ,10,INF767K01PC8, ,Equity,-,-
539785,PDMJEPAPER,Pudumjee Paper Products Ltd,Active,T ,1,INE865T01018,Paper & Paper Products,Equity,Commodities,Forest Materials
539787,HCG,HealthCare Global Enterprises Ltd,Active,B ,10,INE075I01017,Hospital,Equity,Healthcare,Healthcare
539788,KDML,Khemani Distributors & Marketing Ltd,Active,MT,5,INE030U01025,Distributors,Equity,Consumer Discretionary,Consumer Services
539798,UMIYA,Umiya Tubes Ltd,Active,XT,10,INE173U01015,Iron & Steel Products,Equity,Industrials,Capital Goods
539799,BHARATWIRE,Bharat Wire Ropes Ltd,Active,B ,10,INE316L01019,Iron & Steel Products,Equity,Industrials,Capital Goods
539800,CHDCHEM,CHD Chemicals Ltd,Active,X ,10,INE043U01010,Trading - Chemicals,Equity,Commodities,Chemicals
539807,INFIBEAM,Infibeam Avenues Ltd,Active,A ,1,INE483S01020,Financial Technology (Fintech),Equity,Financial Services,Financial Services
539814,LELAVOIR,LE Lavoir Ltd,Active,XT,10,INE204S01012,Trading & Distributors,Equity,Services,Services
539819,MUDRA,Mudra Financial Services Ltd,Active,X ,10,INE967S01014,Other Financial Services,Equity,Financial Services,Financial Services
539834,BALGOPAL,Balgopal Commercial Ltd,Active,XT,10,INE119R01014,Trading & Distributors,Equity,Services,Services
539835,SUPERIOR,Superior Finlease Ltd,Active,X ,1,INE574R01028,Non Banking Financial Company (NBFC),Equity,Financial Services,Financial Services
539837,RPEL,Raghav Productivity Enhancers Ltd,Active,B ,10,INE912T01018,Electrodes & Refractories,Equity,Industrials,Capital Goods
539839,FRANKLIN,Franklin Leasing and Finance Ltd,Active,M ,10,INE399S01010,Non Banking Financial Company (NBFC),Equity,Financial Services,Financial Services
539841,LANCER,Lancer Container Lines Ltd,Active,T ,5,INE359U01028,Logistics Solution Provider,Equity,Services,Services
539843,NINSYS,NINtec Systems Ltd,Active,B ,10,INE395U01014,Computers - Software & Consulting,Equity,Information Technology,Information Technology
539854,HALDER,Halder Venture Ltd,Active,X ,10,INE115S01010,Other Agricultural Products,Equity,Fast Moving Consumer Goods,Fast Moving Consumer Goods
539871,THYROCARE,Thyrocare Technologies Ltd,Active,B ,10,INE594H01019,Healthcare Service Provider,Equity,Healthcare,Healthcare
539872,BAJAJHCARE,Bajaj Healthcare Ltd,Active,B ,5,INE411U01027,Pharmaceuticals,Equity,Healthcare,Healthcare
539875,RSDFIN,RSD Finance Ltd,Active,X ,5,INE616F01022,Non Banking Financial Company (NBFC),Equity,Financial Services,Financial Services
539876,CROMPTON,Crompton Greaves Consumer Electricals Ltd,Active,A ,2,INE299U01018,Household Appliances,Equity,Consumer Discretionary,Consumer Durables
539883,PILANIINVS,Pilani Investment and Industries Corporation Ltd,Active,B ,10,INE417C01014,Holding Company,Equity,Financial Services,Financial Services
539884,DARSHANORNA,Darshan Orna Ltd,Active,XT,2,INE671T01028,Gems- Jewellery And Watches,Equity,Consumer Discretionary,Consumer Durables
539889,PARAGMILK,Parag Milk Foods Ltd,Active,B ,10,INE883N01014,Dairy Products,Equity,Fast Moving Consumer Goods,Fast Moving Consumer Goods
539894,MADHAVIPL,Madhav Infra Projects Ltd,Active,X ,1,INE631R01026,Civil Construction,Equity,Industrials,Construction
539895,SAGL,Shalimar Agencies Ltd,Active,XT,1,INE631E01024,Other Financial Services,Equity,Financial Services,Financial Services
539900,DIDL,Dalmia Industrial Development Ltd,Active,X ,10,INE642P01019,Trading & Distributors,Equity,Services,Services
539911,SNIM,Svarnim Trade Udyog Ltd,Active,X ,10,INE730R01042,Trading - Textile Products,Equity,Consumer Discretionary,Textiles
539917,NAGAFERT,Nagarjuna Fertilizers and Chemicals Ltd,Active,T ,1,INE454M01024,Fertilizers,Equity,Commodities,Chemicals
539921,SEIL,Shanti Educational Initiatives Ltd,Active,X ,1,INE440T01028,Education,Equity,Consumer Discretionary,Consumer Services
539927,LIKHAMI,Likhami Consulting Ltd,Active,XT,10,INE920T01011,Consulting Services,Equity,Services,Services
539938,MIL,Medico Intercontinental Ltd,Active,X ,10,INE858Q01019,Trading & Distributors,Equity,Services,Services
539939,YASHCHEM,Yash Chemex Ltd,Active,X ,10,INE571U01010,Trading - Chemicals,Equity,Commodities,Chemicals
539945,NV20IETF,ICICI Prudential Nifty50 Value 20 ETF,Active,B ,1,INF109KC11V0, ,Equity,-,-
539946,BAZELINTER,Bazel International Ltd,Active,X ,10,INE217E01014,Non Banking Financial Company (NBFC),Equity,Financial Services,Financial Services
539947,JLL,Jindal Leasefin Ltd,Active,X ,10,INE919T01013,Investment Company,Equity,Financial Services,Financial Services
539956,TAALENT,TAAL Enterprises Ltd,Active,X ,10,INE524T01011,Airline,Equity,Services,Services
539957,MGL,Mahanagar Gas Ltd,Active,A ,10,INE002S01010,LPG/CNG/PNG/LNG Supplier,Equity,Energy,"Oil, Gas & Consumable Fuels"
539963,ZEAL,Zeal Aqua Ltd,Active,X ,1,INE819S01025,Seafood,Equity,Fast Moving Consumer Goods,Fast Moving Consumer Goods
539978,QUESS,Quess Corp Ltd,Active,A ,10,INE615P01015,Diversified Commercial Services,Equity,Services,Services
539979,DIGJAMLMTD,Digjam Ltd,Active,T ,10,INE731U01028,Other Textile Products,Equity,Consumer Discretionary,Textiles
539980,MIDSELIETF,ICICI Prudential BSE Midcap Select ETF,Active,B ,1,INF109KC10W0, ,Equity,-,-
539984,HUIL,Hindusthan Urban Infrastructure Ltd,Active,X ,10,INE799B01017,Other Electrical Equipment,Equity,Industrials,Capital Goods
539985,TITAANIUM,Titaanium Ten Enterprise Ltd,Active,MT,10,INE120V01014,Other Textile Products,Equity,Consumer Discretionary,Textiles
539986,COMSYN,Commercial Syn Bags Ltd,Active,B ,10,INE073V01015,Packaging,Equity,Industrials,Capital Goods
539991,CFEL,Confidence Futuristic Energetech Ltd,Active,X ,5,INE700F01024,Trading & Distributors,Equity,Services,Services
539992,LLOYDSENGG,Lloyds Engineering Works Ltd,Active,A ,1,INE093R01011,Industrial Products,Equity,Industrials,Capital Goods
539997,KPL,Kwality Pharmaceuticals Ltd,Active,B ,10,INE552U01010,Pharmaceuticals,Equity,Healthcare,Healthcare
540005,LTIM,LTIMindtree Ltd,Active,A ,1,INE214T01019,Computers - Software & Consulting,Equity,Information Technology,Information Technology
540006,EASTWEST,East West Freight Carriers Ltd,Active,X ,2,INE595R01023,Logistics Solution Provider,Equity,Services,Services
540008,BSLSENETFG,Aditya Birla Sun Life BSE Sensex ETF,Active,A ,1,INF209KB10E8, ,Equity,-,-
540023,COLORCHIPS,Colorchips New Media Ltd,Active,X ,10,INE621I01042,TV Broadcasting & Software Production,Equity,Consumer Discretionary,"Media, Entertainment & Publication"
540025,ADVENZYMES,Advanced Enzyme Technologies Ltd,Active,A ,2,INE837H01020,Biotechnology,Equity,Healthcare,Healthcare
540026,LAHL,Ladam Affordable Housing Ltd,Active,XT,5,INE213U01019,Residential- Commercial Projects,Equity,Consumer Discretionary,Realty
540047,DBL,Dilip Buildcon Ltd,Active,A ,10,INE917M01012,Civil Construction,Equity,Industrials,Construction
540048,SPAL,S.P. Apparels Ltd,Active,B ,10,INE212I01016,Garments & Apparels,Equity,Consumer Discretionary,Textiles
540061,BIGBLOC,Bigbloc Construction Ltd,Active,B ,2,INE412U01025,Cement & Cement Products,Equity,Commodities,Construction Materials
540062,GOLDENCREST,Golden Crest Education & Services Ltd,Active,XT,10,INE222U01010,Education,Equity,Consumer Discretionary,Consumer Services
540063,ECS,ECS Biztech Ltd,Active,X ,10,INE925Q01024,Computers - Software & Consulting,Equity,Information Technology,Information Technology
540065,RBLBANK,RBL Bank Ltd,Active,A ,10,INE976G01028,Private Sector Bank,Equity,Financial Services,Financial Services
540066,AMS,AMS Polymers Ltd,Active,XT,10,INE345U01019,Specialty Chemicals,Equity,Commodities,Chemicals
540072,SHIVAEXPO,Shiva Granito Export Ltd,Active,M ,10,INE191V01015,Other Construction Materials,Equity,Commodities,Construction Materials
540073,BLS,BLS International Services Ltd,Active,A ,1,INE153T01027,"Tour, Travel Related Services",Equity,Consumer Discretionary,Consumer Services
540078,MITSU,Mitsu Chem Plast Ltd,Active,B ,10,INE317V01016,Packaging,Equity,Industrials,Capital Goods
540079,SPRAYKING,Sprayking Ltd,Active,B ,2,INE537U01029,Other Industrial Products,Equity,Industrials,Capital Goods
540080,DHATRE,Dhatre Udyog Ltd,Active,X ,1,INE715T01031,Iron & Steel Products,Equity,Industrials,Capital Goods
540081,SABEVENTS,SAB Events & Governance Now Media Ltd,Active,T ,10,INE860T01019,Electronic Media,Equity,Consumer Discretionary,"Media, Entertainment & Publication"
540082,RSTL,Riddhi Steel and Tube Ltd,Active,MT,10,INE367U01013,Iron & Steel Products,Equity,Industrials,Capital Goods
540083,TVVISION,TV Vision Ltd,Active,T ,10,INE871L01013,TV Broadcasting & Software Production,Equity,Consumer Discretionary,"Media, Entertainment & Publication"
540097,GAMCO,Gamco Ltd,Active,X ,2,INE890S01026,Other Financial Services,Equity,Financial Services,Financial Services
540108,TIAANC,Tiaan Consumer Ltd,Active,Z ,10,INE864T01011,Personal Care,Equity,Fast Moving Consumer Goods,Fast Moving Consumer Goods
540115,LTTS,L&T Technology Services Ltd,Active,A ,2,INE010V01017,IT Enabled Services,Equity,Information Technology,Information Technology
540124,GNA,G N A Axles Ltd,Active,B ,10,INE934S01014,Auto Components & Equipments,Equity,Consumer Discretionary,Automobile and Auto Components
540125,RADHIKAJWE,Radhika Jeweltech Ltd,Active,B ,2,INE583V01021,Gems- Jewellery And Watches,Equity,Consumer Discretionary,Consumer Durables
540132,SIIL,Sabrimala Industries India Ltd,Active,XT,10,INE400R01018,Trading & Distributors,Equity,Services,Services
540133,ICICIPRULI,ICICI Prudential Life Insurance Company Ltd,Active,A ,10,INE726G01019,Life Insurance,Equity,Financial Services,Financial Services
540134,IISL,Ishaan Infrastructures and Shelters Ltd,Active,XT,10,INE818R01011,Civil Construction,Equity,Industrials,Construction
540135,ARCFIN,ARC Finance Ltd,Active,XT,1,INE202R01026,Other Financial Services,Equity,Financial Services,Financial Services
540136,HPL,HPL Electric & Power Ltd,Active,B ,10,INE495S01016,Industrial Products,Equity,Industrials,Capital Goods
540143,SAGARSOFT,Sagarsoft (India) Ltd,Active,X ,10,INE184B01012,Computers - Software & Consulting,Equity,Information Technology,Information Technology
540144,DRA,DRA Consultants Ltd,Active,MT,10,INE746V01016,Consulting Services,Equity,Services,Services
540145,VALIANTORG,Valiant Organics Ltd,Active,B ,10,INE565V01010,Specialty Chemicals,Equity,Commodities,Chemicals
540146,ACML,Aditya Consumer Marketing Ltd,Active,MT,10,INE427V01013,Diversified Retail,Equity,Consumer Discretionary,Consumer Services
540147,SHASHIJIT,Shashijit Infraprojects Ltd,Active,T ,2,INE700V01021,Civil Construction,Equity,Industrials,Construction
540148,BINDALEXPO,Bindal Exports Ltd,Active,MT,10,INE564V01013,Gems- Jewellery And Watches,Equity,Consumer Discretionary,Consumer Durables
540150,MHEL,Mewar Hi-Tech Engineering Ltd,Active,MT,10,INE957U01011,Civil Construction,Equity,Industrials,Construction
540151,DIKSAT,Diksat Transworld Ltd,Active,M ,10,INE942P01013,Film Production- Distribution & Exhibition,Equity,Consumer Discretionary,"Media, Entertainment & Publication"
540153,ENDURANCE,Endurance Technologies Ltd,Active,A ,10,INE913H01037,Auto Components & Equipments,Equity,Consumer Discretionary,Automobile and Auto Components
540154,IDFSENSEXE,Bandhan S&P BSE SENSEX ETF,Active,A ,10,INF194KA1T91, ,Equity,-,-
540159,PURPLE,Purple Entertainment Ltd,Active,X ,10,INE905R01016,Film Production- Distribution & Exhibition,Equity,Consumer Discretionary,"Media, Entertainment & Publication"
540168,SUPRAPFSL,Supra Pacific Financial Services Ltd,Active,X ,10,INE268T01015,Non Banking Financial Company (NBFC),Equity,Financial Services,Financial Services
540173,PNBHOUSING,PNB Housing Finance Ltd,Active,A ,10,INE572E01012,Housing Finance Company,Equity,Financial Services,Financial Services
540174,SOUTHERNIN,Southern Infosys Ltd,Active,X ,10,INE298B01010,Computers - Software & Consulting,Equity,Information Technology,Information Technology
540175,REGENCY,Regency Fincorp Ltd,Active,X ,10,INE964R01013,Other Financial Services,Equity,Financial Services,Financial Services
540180,VBL,Varun Beverages Ltd,Active,A ,2,INE200M01039,Other Beverages,Equity,Fast Moving Consumer Goods,Fast Moving Consumer Goods
540181,SALEM,Salem Erode Investments Ltd,Active,X ,1,INE894E01028,Non Banking Financial Company (NBFC),Equity,Financial Services,Financial Services
540190,FRANKLININD,Franklin Industries Ltd,Active,X ,1,INE789R01022,Trading & Distributors,Equity,Services,Services
540192,LKPSEC,LKP Securities Ltd,Active,X ,2,INE341H01023,Stockbroking & Allied,Equity,Financial Services,Financial Services
540198,OSIAJEE,Osiajee Texfab Ltd,Active,XT,10,INE186R01013,Other Textile Products,Equity,Consumer Discretionary,Textiles
540199,CMBL,Corporate Merchant Bankers Ltd,Active,XT,10,INE850R01014,Other Financial Services,Equity,Financial Services,Financial Services
540203,SFL,Sheela Foam Ltd,Active,A ,5,INE916U01025,Furniture- Home Furnishing,Equity,Consumer Discretionary,Consumer Durables
540204,EIKO,Eiko Lifesciences Ltd,Active,X ,10,INE666Q01016,Specialty Chemicals,Equity,Commodities,Chemicals
540205,AVL,Aditya Vision Ltd,Active,B ,1,INE679V01027,Speciality Retail,Equity,Consumer Discretionary,Consumer Services
540210,HEADSUP,Heads UP Ventures Ltd,Active,T ,10,INE759V01019,Trading - Textile Products,Equity,Consumer Discretionary,Textiles
540212,TCIEXP,TCI Express Ltd,Active,B ,2,INE586V01016,Logistics Solution Provider,Equity,Services,Services
540221,SHASHANK,Shashank Traders Ltd,Active,X ,10,INE508R01018,Trading & Distributors,Equity,Services,Services
540222,LAURUSLABS,Laurus Labs Ltd,Active,A ,2,INE947Q01028,Pharmaceuticals,Equity,Healthcare,Healthcare
540243,NEWLIGHT,New Light Apparels Ltd,Active,XT,1,INE835U01027,Trading & Distributors,Equity,Services,Services
540252,VSL,Veeram Securities Ltd,Active,B ,2,INE607V01028,Gems- Jewellery And Watches,Equity,Consumer Discretionary,Consumer Durables
540254,MTPL,Marg Techno Projects Ltd,Active,X ,10,INE245H01018,Non Banking Financial Company (NBFC),Equity,Financial Services,Financial Services
540266,GLCL,Globe Commercials Ltd,Active,Z ,10,INE804Q01013,Trading & Distributors,Equity,Services,Services
540267,FLORACORP,Flora Corporation Ltd,Active,X ,10,INE318U01016,Trading & Distributors,Equity,Services,Services
540268,TRU,TruCap Finance Ltd,Active,T ,2,INE615R01029,Non Banking Financial Company (NBFC),Equity,Financial Services,Financial Services
540269,SKL,Super Fine Knitters Ltd,Active,MT,10,INE459U01018,Gems- Jewellery And Watches,Equity,Consumer Discretionary,Consumer Durables
540270,RAIDEEPIND,Raideep Industries Ltd,Active,XT,10,INE923R01019,Trading & Distributors,Equity,Services,Services
540293,PRICOLLTD,Pricol Ltd,Active,A ,1,INE726V01018,Auto Components & Equipments,Equity,Consumer Discretionary,Automobile and Auto Components
540310,CFL,Classic Filaments Ltd,Active,XT,10,INE181U01018,Other Textile Products,Equity,Consumer Discretionary,Textiles
540311,JITFINFRA,JITF Infralogistics Ltd,Active,T ,2,INE863T01013,Water Supply & Management,Equity,Utilities,Utilities
540318,SUERYAAKNI,Sueryaa Knitwear Ltd,Active,XT,10,INE249U01013,Other Textile Products,Equity,Consumer Discretionary,Textiles
540332,TANVI,Tanvi Foods (India) Ltd,Active,M ,10,INE978V01015,Packaged Foods,Equity,Fast Moving Consumer Goods,Fast Moving Consumer Goods
540358,RMC,RMC Switchgears Ltd,Active,MT,10,INE655V01019,Other Electrical Equipment,Equity,Industrials,Capital Goods
540359,PARMAX,Parmax Pharma Ltd,Active,X ,10,INE240T01014,Pharmaceuticals,Equity,Healthcare,Healthcare
540360,LLFICL,Leading Leasing Finance And Investment Company Ltd,Active,XT,1,INE715Q01029,Non Banking Financial Company (NBFC),Equity,Financial Services,Financial Services
540361,DANUBE,Danube Industries Ltd,Active,XT,2,INE575D01041,Trading & Distributors,Equity,Services,Services
540366,RADIOCITY,Music Broadcast Ltd,Active,B ,2,INE919I01024,Media & Entertainment,Equity,Consumer Discretionary,"Media, Entertainment & Publication"
540376,DMART,Avenue Supermarts Ltd,Active,A ,10,INE192R01011,Diversified Retail,Equity,Consumer Discretionary,Consumer Services
540377,IFL,IFL Enterprises Ltd,Active,B ,1,INE714U01024,Trading & Distributors,Equity,Services,Services
540386,ONTIC,Ontic Finserve Ltd,Active,X ,1,INE989S01042,Other Financial Services,Equity,Financial Services,Financial Services
540393,SMLT,Sarthak Metals Ltd,Active,B ,10,INE017W01010,Iron & Steel Products,Equity,Industrials,Capital Goods
540395,CHEMCRUX,Chemcrux Enterprises Ltd,Active,T ,10,INE298W01016,Specialty Chemicals,Equity,Commodities,Chemicals
540396,MANOMAY,Manomay Tex India Ltd,Active,B ,10,INE784W01015,Other Textile Products,Equity,Consumer Discretionary,Textiles
540401,MAXIMUS,Maximus International Ltd,Active,X ,1,INE544W01021,Trading & Distributors,Equity,Services,Services
540402,MANAS,Manas Properties Ltd,Active,MT,10,INE800W01019,Residential- Commercial Projects,Equity,Consumer Discretionary,Realty
540403,CLEDUCATE,CL Educate Ltd,Active,B ,5,INE201M01029,Education,Equity,Consumer Discretionary,Consumer Services
540404,PRIMEFRESH,Prime Fresh Ltd,Active,MT,10,INE442V01012,Other Agricultural Products,Equity,Fast Moving Consumer Goods,Fast Moving Consumer Goods
540405,OCEANIC,Oceanic Foods Ltd,Active,X ,10,INE711V01010,Other Food Products,Equity,Fast Moving Consumer Goods,Fast Moving Consumer Goods
540416,OCTAWARE,Octaware Technologies Ltd,Active,MT,10,INE208U01019,IT Enabled Services,Equity,Information Technology,Information Technology
540425,SHANKARA,Shankara Building Products Ltd,Active,B ,10,INE274V01019,Speciality Retail,Equity,Consumer Discretionary,Consumer Services
540455,ESCORP,Escorp Asset Management Ltd,Active,T ,10,INE953W01016,Other Financial Services,Equity,Financial Services,Financial Services
540467,PARMSILK,Parmeshwari Silk Mills Ltd,Active,X ,10,INE808R01012,Other Textile Products,Equity,Consumer Discretionary,Textiles
540468,KMSMEDI,KMS Medisurgi Ltd,Active,MT,10,INE870V01014,Medical Equipment & Supplies,Equity,Healthcare,Healthcare
540481,CLFL,Classic Leasing & Finance Ltd,Active,X ,10,INE949C01016,Other Financial Services,Equity,Financial Services,Financial Services
540492,STARLENT,Starlineps Enterprises Ltd,Active,T ,1,INE594W01042,Trading - Minerals,Equity,Commodities,Metals & Mining
540497,SCHAND,S Chand and Company Ltd,Active,B ,5,INE807K01035,Printing & Publication,Equity,Consumer Discretionary,"Media, Entertainment & Publication"
540515,KANUNGO,Kanungo Financiers Ltd,Active,X ,10,INE453S01015,Other Financial Services,Equity,Financial Services,Financial Services
540519,MEERA,Meera Industries Ltd,Active,B ,10,INE343X01018,Industrial Products,Equity,Industrials,Capital Goods
540530,HUDCO,Housing & Urban Development Corporation Ltd,Active,A ,10,INE031A01017,Financial Institution,Equity,Financial Services,Financial Services
540544,PSPPROJECT,PSP Projects Ltd,Active,B ,10,INE488V01015,Civil Construction,Equity,Industrials,Construction
540545,BGJL,Bhakti Gems and Jewellery Ltd,Active,X ,10,INE986W01016,Gems- Jewellery And Watches,Equity,Consumer Discretionary,Consumer Durables
540550,YUG,Yug Decor Ltd,Active,M ,10,INE796W01019,Specialty Chemicals,Equity,Commodities,Chemicals
540570,VARIMAN,Variman Global Enterprises Ltd,Active,X ,1,INE717F01028,Trading & Distributors,Equity,Services,Services
540575,STARCEMENT,Star Cement Ltd,Active,A ,1,INE460H01021,Cement & Cement Products,Equity,Commodities,Construction Materials
540590,RIDDHICORP,Riddhi Corporate Services Ltd,Active,X ,10,INE325X01015,IT Enabled Services,Equity,Information Technology,Information Technology
540595,TEJASNET,Tejas Networks Ltd,Active,A ,10,INE010J01012,Telecom -  Equipment & Accessories,Equity,Telecommunication,Telecommunication
540596,ERIS,Eris Lifesciences Ltd,Active,A ,1,INE406M01024,Pharmaceuticals,Equity,Healthcare,Healthcare
540597,CONTAINER,Containerway International Ltd,Active,XT,5,INE319U01022,Logistics Solution Provider,Equity,Services,Services
540602,GTPL,GTPL Hathway Ltd,Active,B ,10,INE869I01013,TV Broadcasting & Software Production,Equity,Consumer Discretionary,"Media, Entertainment & Publication"
540611,AUBANK,AU Small Finance Bank Ltd,Active,A ,10,INE949L01017,Other Bank,Equity,Financial Services,Financial Services
540612,LOWVOLIETF,ICICI Prudential Nifty 100 Low Volatility 30 ETF,Active,B ,1,INF109KC19U5, ,Equity,-,-
540613,GEL,Gautam Exim Ltd,Active,M ,10,INE721X01015,Trading & Distributors,Equity,Services,Services
540614,GGENG,G G Engineering Ltd,Active,T ,1,INE694X01030,Heavy Electrical Equipment,Equity,Industrials,Capital Goods
540615,7NR,7NR Retail Ltd,Active,X ,10,INE413X01035,Speciality Retail,Equity,Consumer Discretionary,Consumer Services
540642,SALASAR,Salasar Techno Engineering Ltd,Active,A ,1,INE170V01027,Industrial Products,Equity,Industrials,Capital Goods
540647,GANGESSECU,Ganges Securities Ltd,Active,B ,10,INE335W01016,Tea & Coffee,Equity,Fast Moving Consumer Goods,Fast Moving Consumer Goods
540648,PALASHSECU,Palash Securities Ltd,Active,B ,10,INE471W01019,Packaged Foods,Equity,Fast Moving Consumer Goods,Fast Moving Consumer Goods
540649,AVADHSUGAR,Avadh Sugar & Energy Ltd,Active,B ,10,INE349W01017,Sugar,Equity,Fast Moving Consumer Goods,Fast Moving Consumer Goods
540650,MAGADSUGAR,Magadh Sugar & Energy Ltd,Active,B ,10,INE347W01011,Sugar,Equity,Fast Moving Consumer Goods,Fast Moving Consumer Goods
540651,JIGAR,Jigar Cables Ltd,Active,MT,10,INE943X01015,Other Electrical Equipment,Equity,Industrials,Capital Goods
540652,CTCL,Captain Technocast Ltd,Active,M ,10,INE931X01010,Industrial Products,Equity,Industrials,Capital Goods
540654,GSTL,Globalspace Technologies Ltd,Active,XT,10,INE632W01016,Computers - Software & Consulting,Equity,Information Technology,Information Technology
540669,UTINEXT50,UTI Nifty Next 50 ETF,Active,B ,1,INF789F1AUW9, ,Equity,-,-
540673,SIS,SIS Ltd,Active,B ,5,INE285J01028,Other Consumer Services,Equity,Consumer Discretionary,Consumer Services
540678,COCHINSHIP,Cochin Shipyard Ltd,Active,A ,5,INE704P01025,Ship Building & Allied Services,Equity,Industrials,Capital Goods
540679,SMSLIFE,SMS Lifesciences India Ltd,Active,B ,10,INE320X01016,Pharmaceuticals,Equity,Healthcare,Healthcare
540680,KIOCL,KIOCL Ltd,Active,A ,10,INE880L01014,Sponge Iron,Equity,Commodities,Metals & Mining
540681,CHOTHANI,Chothani Foods Ltd,Active,MT,10,INE344X01016,Packaged Foods,Equity,Fast Moving Consumer Goods,Fast Moving Consumer Goods
540686,SMRUTHIORG,Smruthi Organics Ltd,Active,X ,10,INE172E01011,Pharmaceuticals,Equity,Healthcare,Healthcare
540691,ABCAPITAL,Aditya Birla Capital Ltd,Active,A ,10,INE674K01013,Investment Company,Equity,Financial Services,Financial Services
540692,APEX,Apex Frozen Foods Ltd,Active,B ,10,INE346W01013,Seafood,Equity,Fast Moving Consumer Goods,Fast Moving Consumer Goods
540693,SHISHIND,Shish Industries Ltd,Active,T ,1,INE145Y01023,Plastic Products - Industrial,Equity,Industrials,Capital Goods
540694,ANG,ANG Lifesciences India Ltd,Active,T ,10,INE236W01016,Pharmaceuticals,Equity,Healthcare,Healthcare
540696,KCDGROUP,KCD Industries India Ltd,Active,X ,1,INE185U01035,Trading & Distributors,Equity,Services,Services
540699,DIXON,Dixon Technologies (India) Ltd,Active,A ,2,INE935N01020,Consumer Electronics,Equity,Consumer Discretionary,Consumer Durables
540700,BRNL,Bharat Road Network Ltd,Active,T ,10,INE727S01012,Civil Construction,Equity,Industrials,Construction
540701,DCAL,Dishman Carbogen Amcis Ltd,Active,B ,2,INE385W01011,Pharmaceuticals,Equity,Healthcare,Healthcare
540702,LASA,Lasa Supergenerics Ltd,Active,B ,10,INE670X01014,Pharmaceuticals,Equity,Healthcare,Healthcare
540703,PROCLB,Pro Clb Global Ltd,Active,XT,10,INE438C01010,Consulting Services,Equity,Services,Services
540704,MATRIMONY,Matrimony.com Ltd,Active,B ,5,INE866R01028,Internet & Catalogue Retail,Equity,Consumer Discretionary,Consumer Services
540709,RHFL,Reliance Home Finance Ltd,Active,B ,10,INE217K01011,Housing Finance Company,Equity,Financial Services,Financial Services
540710,CAPACITE,Capacite Infraprojects Ltd,Active,A ,10,INE264T01014,Civil Construction,Equity,Industrials,Construction
540716,ICICIGI,ICICI Lombard General Insurance Company Ltd,Active,A ,10,INE765G01017,General Insurance,Equity,Financial Services,Financial Services
540717,PQIF,Polo Queen Industrial and Fintech Ltd,Active,B ,2,INE689M01025,Trading & Distributors,Equity,Services,Services
540718,AAYUSHBULL,Aayush Art And Bullion Ltd,Active,M ,10,INE777X01017,Other Textile Products,Equity,Consumer Discretionary,Textiles
540719,SBILIFE,SBI Life Insurance Company Ltd,Active,A ,10,INE123W01016,Life Insurance,Equity,Financial Services,Financial Services
540724,DIAMONDYD,Prataap Snacks Ltd,Active,B ,5,INE393P01035,Packaged Foods,Equity,Fast Moving Consumer Goods,Fast Moving Consumer Goods
540725,SHAREINDIA,Share India Securities Ltd,Active,B ,2,INE932X01026,Stockbroking & Allied,Equity,Financial Services,Financial Services
540726,TTFL,Trident Texofab Ltd,Active,T ,10,INE071Y01013,Other Textile Products,Equity,Consumer Discretionary,Textiles
540727,POOJA,Poojawestern Metaliks Ltd,Active,B ,10,INE973X01012,Other Industrial Products,Equity,Industrials,Capital Goods
540728,SAYAJIIND,Sayaji Industries Ltd,Active,X ,5,INE327G01032,Other Agricultural Products,Equity,Fast Moving Consumer Goods,Fast Moving Consumer Goods
540729,VANTABIO,Vanta Bioscience Ltd,Active,MT,10,INE695X01011,Healthcare Research- Analytics & Technology,Equity,Healthcare,Healthcare
540730,MEHAI,Mehai Technology Ltd,Active,XT,1,INE062Y01020,Trading & Distributors,Equity,Services,Services
540735,IRIS,IRIS Business Services Ltd,Active,T ,10,INE864K01010,Software Products,Equity,Information Technology,Information Technology
540737,SGRL,Shree Ganesh Remedies Ltd,Active,B ,10,INE414Y01015,Pharmaceuticals,Equity,Healthcare,Healthcare
540738,STL,Shreeji Translogistics Ltd,Active,B ,2,INE402Y01028,Logistics Solution Provider,Equity,Services,Services
540743,GODREJAGRO,Godrej Agrovet Ltd,Active,A ,10,INE850D01014,Animal Feed,Equity,Fast Moving Consumer Goods,Fast Moving Consumer Goods
540749,MASFIN,MAS Financial Services Ltd,Active,B ,10,INE348L01012,Non Banking Financial Company (NBFC),Equity,Financial Services,Financial Services
540750,IEX,Indian Energy Exchange Ltd,Active,A ,1,INE022Q01020,Exchange and Data Platform,Equity,Financial Services,Financial Services
540755,GICRE,General Insurance Corporation of India,Active,A ,5,INE481Y01014,General Insurance,Equity,Financial Services,Financial Services
540756,KAARYAFSL,Kaarya Facilities and Services Ltd,Active,M ,10,INE282Y01016,Diversified Commercial Services,Equity,Services,Services
540757,SCPL,Sheetal Cool Products Ltd,Active,B ,10,INE501Y01019,Dairy Products,Equity,Fast Moving Consumer Goods,Fast Moving Consumer Goods
540762,TIINDIA,Tube Investments of India Ltd,Active,A ,1,INE974X01010,Auto Components & Equipments,Equity,Consumer Discretionary,Automobile and Auto Components
540767,NAM-INDIA,Nippon Life India Asset Management Ltd,Active,A ,10,INE298J01013,Asset Management Company,Equity,Financial Services,Financial Services
540768,MAHLOG,Mahindra Logistics Ltd,Active,B ,10,INE766P01016,Logistics Solution Provider,Equity,Services,Services
540769,NIACL,The New India Assurance Company Ltd,Active,A ,5,INE470Y01017,General Insurance,Equity,Financial Services,Financial Services
540774,IFGLEXPOR,IFGL Refractories Ltd,Active,B ,10,INE133Y01011,Electrodes & Refractories,Equity,Industrials,Capital Goods
540775,KHADIM,Khadim India Ltd,Active,B ,10,INE834I01025,Footwear,Equity,Consumer Discretionary,Consumer Durables
540776,5PAISA,5paisa Capital Ltd,Active,B ,10,INE618L01018,Stockbroking & Allied,Equity,Financial Services,Financial Services
540777,HDFCLIFE,HDFC Life Insurance Company Ltd,Active,A ,10,INE795G01014,Life Insurance,Equity,Financial Services,Financial Services
540782,SBRANDS,Sanghvi Brands Ltd,Active,MT,10,INE204Y01010,Hotels & Resorts,Equity,Consumer Discretionary,Consumer Services
540786,SHARIKA,Sharika Enterprises Ltd,Active,B ,5,INE669Y01022,Trading & Distributors,Equity,Services,Services
540787,ICICIB22,BHARAT 22 ETF - ICICI Prudential AMC,Active,A ,10,INF109KB15Y7, ,Equity,-,-
540788,ASPIRA,Aspira Pathlab & Diagnostics Ltd,Active,XT,10,INE500C01017,Healthcare Service Provider,Equity,Healthcare,Healthcare
540789,DNAMEDIA,Diligent Media Corporation Ltd,Active,B ,1,INE016M01021,Electronic Media,Equity,Consumer Discretionary,"Media, Entertainment & Publication"
540795,DYCL,Dynamic Cables Ltd,Active,B ,10,INE600Y01019,Cables - Electricals,Equity,Industrials,Capital Goods
540796,RATNABHUMI,Ratnabhumi Developers Ltd,Active,B ,10,INE821Y01011,Residential- Commercial Projects,Equity,Consumer Discretionary,Realty
540797,SHALBY,Shalby Ltd,Active,B ,10,INE597J01018,Hospital,Equity,Healthcare,Healthcare
540798,FSC,Future Supply Chain Solutions Ltd,Active,Z ,10,INE935Q01015,Logistics Solution Provider,Equity,Services,Services
540809,MRCAGRO,MRC Agrotech Ltd,Active,T ,10,INE333Y01017,Trading & Distributors,Equity,Services,Services
540811,DML,Diggi Multitrade Ltd,Active,M ,10,INE158R01012,Trading & Distributors,Equity,Services,Services
540821,SADHNA,Sadhna Broadcast Ltd,Active,XT,1,INE994R01028,TV Broadcasting & Software Production,Equity,Consumer Discretionary,"Media, Entertainment & Publication"
540824,ASTRON,Astron Paper & Board Mill Ltd,Active,T ,10,INE646X01014,Paper & Paper Products,Equity,Commodities,Forest Materials
540829,CHANDRIMA,Chandrima Mercantiles Ltd,Active,XT,10,INE371F01016,Trading & Distributors,Equity,Services,Services
540843,RITHWIKFMS,Rithwik Facility Management Services Ltd,Active,MT,10,INE819Y01015,Diversified Commercial Services,Equity,Services,Services
540850,JFL,Jhandewalas Foods Ltd,Active,MT,10,INE841Y01019,Packaged Foods,Equity,Fast Moving Consumer Goods,Fast Moving Consumer Goods
540874,7SEASL,7Seas Entertainment Ltd,Active,X ,10,INE454F01010,Digital Entertainment,Equity,Consumer Discretionary,"Media, Entertainment & Publication"
540879,APOLLO,Apollo Micro Systems Ltd,Active,B ,1,INE713T01028,Aerospace & Defense,Equity,Industrials,Capital Goods
540900,NEWGEN,Newgen Software Technologies Ltd,Active,A ,10,INE619B01017,Computers - Software & Consulting,Equity,Information Technology,Information Technology
540901,PRAXIS,Praxis Home Retail Ltd,Active,B ,5,INE546Y01022,Speciality Retail,Equity,Consumer Discretionary,Consumer Services
540902,AMBER,Amber Enterprises India Ltd,Active,A ,10,INE371P01015,Household Appliances,Equity,Consumer Discretionary,Consumer Durables
540904,TIRUFOAM,Tirupati Foam Ltd,Active,X ,10,INE115G01015,Furniture- Home Furnishing,Equity,Consumer Discretionary,Consumer Durables
540914,SRUSTEELS,SRU Steels Ltd,Active,XT,10,INE425C01017,Trading & Distributors,Equity,Services,Services
540923,ASHOKAMET,Ashoka Metcast Ltd,Active,B ,10,INE760Y01011,Trading - Metals,Equity,Commodities,Metals & Mining
540935,GALAXYSURF,Galaxy Surfactants Ltd,Active,A ,10,INE600K01018,Specialty Chemicals,Equity,Commodities,Chemicals
540936,GGL,Gautam Gems Ltd,Active,B ,10,INE063Z01017,Gems- Jewellery And Watches,Equity,Consumer Discretionary,Consumer Durables
540937,MEDICO,Medico Remedies Ltd,Active,B ,2,INE630Y01024,Pharmaceuticals,Equity,Healthcare,Healthcare
540938,GUJHYSPIN,Gujarat Hy-Spin Ltd,Active,M ,10,INE578V01013,Other Textile Products,Equity,Consumer Discretionary,Textiles
540952,LAL,Lorenzini Apparels Ltd,Active,B ,1,INE740X01023,Garments & Apparels,Equity,Consumer Discretionary,Textiles
540953,KENVI,Kenvi Jewels Ltd,Active,B ,1,INE923Y01023,Gems- Jewellery And Watches,Equity,Consumer Discretionary,Consumer Durables
540954,IWP,The Indian Wood Products Company Ltd,Active,X ,2,INE586E01020,Forest Products,Equity,Commodities,Forest Materials
540955,TDSL,Tasty Dairy Specialities Ltd,Active,B ,10,INE773Y01014,Dairy Products,Equity,Fast Moving Consumer Goods,Fast Moving Consumer Goods
540956,BHATIA,Bhatia Communications & Retail (India) Ltd,Active,B ,1,INE341Z01025,Speciality Retail,Equity,Consumer Discretionary,Consumer Services
540961,SHIVAMILLS,Shiva Mills Ltd,Active,B ,10,INE644Y01017,Other Textile Products,Equity,Consumer Discretionary,Textiles
540975,ASTERDM,Aster DM Healthcare Ltd,Active,A ,10,INE914M01019,Hospital,Equity,Healthcare,Healthcare
540980,YSL,The Yamuna Syndicate Ltd,Active,X ,100,INE868X01014,Trading & Distributors,Equity,Services,Services
541005,KANCOTEA,Kanco Tea & Industries Ltd,Active,X ,10,INE398L01017,Tea & Coffee,Equity,Fast Moving Consumer Goods,Fast Moving Consumer Goods
541006,ANGEL,Angel Fibers Ltd,Active,MT,10,INE339Z01011,Other Textile Products,Equity,Consumer Discretionary,Textiles
541019,HGINFRA,H.G. Infra Engineering Ltd,Active,A ,10,INE926X01010,Civil Construction,Equity,Industrials,Construction
541083,INFLAME,Inflame Appliances Ltd,Active,MT,10,INE464Z01017,Houseware,Equity,Consumer Discretionary,Consumer Durables
541096,BPLPHARMA,Bharat Parenterals Ltd,Active,XT,10,INE365Y01019,Pharmaceuticals,Equity,Healthcare,Healthcare
541112,SHREESHAY,Shreeshay Engineers Ltd,Active,MT,10,INE452Z01012,Civil Construction,Equity,Industrials,Construction
541133,ACFL,Apex Capital And Finance Ltd,Active,XT,10,INE758W01019,Non Banking Financial Company (NBFC),Equity,Financial Services,Financial Services
541143,BDL,Bharat Dynamics Ltd,Active,A ,5,INE171Z01026,Aerospace & Defense,Equity,Industrials,Capital Goods
541144,ACTIVE,Active Clothing Co Ltd,Active,B ,10,INE380Z01015,Garments & Apparels,Equity,Consumer Discretionary,Textiles
541152,GOYALALUM,Goyal Aluminiums Ltd,Active,B ,1,INE705X01026,Trading & Distributors,Equity,Services,Services
541153,BANDHANBNK,Bandhan Bank Ltd,Active,A ,10,INE545U01014,Private Sector Bank,Equity,Financial Services,Financial Services
541154,HAL,Hindustan Aeronautics Ltd,Active,A ,5,INE066F01020,Aerospace & Defense,Equity,Industrials,Capital Goods
541161,KBCGLOBAL,KBC Global Ltd,Active,B ,1,INE278R01034,Residential- Commercial Projects,Equity,Consumer Discretionary,Realty
541163,SANDHAR,Sandhar Technologies Ltd,Active,B ,10,INE278H01035,Auto Components & Equipments,Equity,Consumer Discretionary,Automobile and Auto Components
541167,YASHO,Yasho Industries Ltd,Active,B ,10,INE616Z01012,Specialty Chemicals,Equity,Commodities,Chemicals
541178,BENARA,Benara Bearings and Pistons Ltd,Active,M ,10,INE495Z01011,Industrial Products,Equity,Industrials,Capital Goods
541195,MIDHANI,Mishra Dhatu Nigam Ltd,Active,A ,10,INE099Z01011,Aerospace & Defense,Equity,Industrials,Capital Goods
541196,LEX,Lex Nimble Solutions Ltd,Active,MT,10,INE860Y01019,Consulting Services,Equity,Services,Services
541206,OBCL,Orissa Bengal Carrier Ltd,Active,B ,10,INE426Z01016,Logistics Solution Provider,Equity,Services,Services
541228,TRL,Taylormade Renewables Ltd,Active,T ,10,INE459Z01017,Industrial Products,Equity,Industrials,Capital Goods
541233,LEMONTREE,Lemon Tree Hotels Ltd,Active,A ,10,INE970X01018,Hotels & Resorts,Equity,Consumer Discretionary,Consumer Services
541269,CHEMFAB,Chemfab Alkalis Ltd,Active,B ,10,INE783X01023,Commodity Chemicals,Equity,Commodities,Chemicals
541276,HARDWYN,Hardwyn India Ltd,Active,T ,1,INE626Z01029,Furniture- Home Furnishing,Equity,Consumer Discretionary,Consumer Durables
541299,DLCL,Dr Lalchandani Labs Ltd,Active,MT,10,INE871Z01013,Healthcare Service Provider,Equity,Healthcare,Healthcare
541301,ORIENTELEC,Orient Electric Ltd,Active,A ,1,INE142Z01019,Household Appliances,Equity,Consumer Discretionary,Consumer Durables
541302,DHRUV,Dhruv Consultancy Services Ltd,Active,T ,10,INE506Z01015,Consulting Services,Equity,Services,Services
541303,AKSHAR,Akshar Spintex Ltd,Active,T ,1,INE256Z01025,Other Textile Products,Equity,Consumer Discretionary,Textiles
541304,INDOUS,Indo Us Bio-Tech Ltd,Active,B ,10,INE250Z01010,Other Agricultural Products,Equity,Fast Moving Consumer Goods,Fast Moving Consumer Goods
541313,BSE500IETF,ICICI Prudential BSE 500 ETF,Active,A ,1,INF109KC1V59, ,Equity,-,-
541336,INDOSTAR,Indostar Capital Finance Ltd,Active,B ,10,INE896L01010,Non Banking Financial Company (NBFC),Equity,Financial Services,Financial Services
541337,MILEFUR,Milestone Furniture Ltd,Active,MT,10,INE424Z01011,Furniture- Home Furnishing,Equity,Consumer Discretionary,Consumer Durables
541338,UHZAVERI,U. H. Zaveri Ltd,Active,B ,10,INE556Z01010,Gems- Jewellery And Watches,Equity,Consumer Discretionary,Consumer Durables
541347,PARVATI,Parvati Sweetners and Power Ltd,Active,X ,5,INE295Z01015,Sugar,Equity,Fast Moving Consumer Goods,Fast Moving Consumer Goods
541352,MEGASTAR,Megastar Foods Ltd,Active,B ,10,INE00EM01016,Other Food Products,Equity,Fast Moving Consumer Goods,Fast Moving Consumer Goods
541353,INNOVATORS,Innovators Facade Systems Ltd,Active,M ,10,INE870Z01015,Industrial Products,Equity,Industrials,Capital Goods
541358,UCIL,Unifinz Capital India Ltd,Active,XT,10,INE926R01012,Non Banking Financial Company (NBFC),Equity,Financial Services,Financial Services
541400,ZIMLAB,Zim Laboratories Ltd,Active,B ,10,INE518E01015,Pharmaceuticals,Equity,Healthcare,Healthcare
541402,AFFORDABLE,Affordable Robotic & Automation Ltd,Active,B ,10,INE692Z01013,Industrial Products,Equity,Industrials,Capital Goods
541403,DOLLAR,Dollar Industries Ltd,Active,B ,2,INE325C01035,Garments & Apparels,Equity,Consumer Discretionary,Textiles
541418,NGIL,Nakoda Group of Industries Ltd,Active,B ,10,INE236Y01012,Packaged Foods,Equity,Fast Moving Consumer Goods,Fast Moving Consumer Goods
541444,PALMJEWELS,Palm Jewels Ltd,Active,B ,10,INE838Z01012,Trading & Distributors,Equity,Services,Services
541445,WAA,Waa Solar Ltd,Active,MT,10,INE799N01012,Power Generation,Equity,Utilities,Power
541450,ADANIGREEN,Adani Green Energy Ltd,Active,A ,10,INE364U01010,Power Generation,Equity,Utilities,Power
541503,UNICK,Unick Fix-A-Form And Printers Ltd,Active,X ,10,INE250G01010,Printing & Publication,Equity,Consumer Discretionary,"Media, Entertainment & Publication"
541540,SOLARA,Solara Active Pharma Sciences Ltd,Active,B ,10,INE624Z01016,Pharmaceuticals,Equity,Healthcare,Healthcare
541546,GAYAHWS,Gayatri Highways Ltd,Active,T ,2,INE287Z01012,Road Assets–Toll- Annuity- Hybrid-Annuity,Equity,Services,Services
541556,RITES,RITES Ltd,Active,A ,10,INE320J01015,Civil Construction,Equity,Industrials,Construction
541557,FINEORG,Fine Organic Industries Ltd,Active,A ,5,INE686Y01026,Specialty Chemicals,Equity,Commodities,Chemicals
541578,VARROC,Varroc Engineering Ltd,Active,A ,1,INE665L01035,Auto Components & Equipments,Equity,Consumer Discretionary,Automobile and Auto Components
541601,RAJNISH,Rajnish Wellness Ltd,Active,T ,1,INE685Z01033,Pharmaceuticals,Equity,Healthcare,Healthcare
541627,GUJWIND,Gujarat Winding Systems Ltd,Active,XT,10,INE173V01013,Paper & Paper Products,Equity,Commodities,Forest Materials
541633,STRAEXPO,Sophia Traexpo Ltd,Active,XT,10,INE268X01017,Paper & Paper Products,Equity,Commodities,Forest Materials
541634,RAWEDGE,Raw Edge Industrial Solutions Ltd,Active,B ,10,INE960Z01014,Industrial Minerals,Equity,Commodities,Metals & Mining
541701,SUPERSHAKT,Supershakti Metaliks Ltd,Active,M ,10,INE00SY01011,Iron & Steel Products,Equity,Industrials,Capital Goods
541702,ASHNI,Ashnisha Industries Ltd,Active,X ,1,INE694W01024,Trading & Distributors,Equity,Services,Services
541703,RACONTEUR,Raconteur Global Resources Ltd,Active,M ,10,INE00WY01013,Speciality Retail,Equity,Consumer Discretionary,Consumer Services
541729,HDFCAMC,HDFC Asset Management Company Ltd,Active,A ,5,INE127D01025,Asset Management Company,Equity,Financial Services,Financial Services
541735,VIVANTA,Vivanta Industries Ltd,Active,X ,1,INE299W01022,Civil Construction,Equity,Industrials,Construction
541741,FRATELLI,Fratelli Vineyards Ltd,Active,T ,10,INE401Z01019,Breweries & Distilleries,Equity,Fast Moving Consumer Goods,Fast Moving Consumer Goods
541770,CREDITACC,CreditAccess Grameen Ltd,Active,A ,10,INE741K01010,Microfinance Institutions,Equity,Financial Services,Financial Services
541771,AMINTAN,Amin Tannery Ltd,Active,X ,1,INE572Z01017,Leather And Leather Products,Equity,Consumer Discretionary,Consumer Durables
541778,DEEP,Deep Polymers Ltd,Active,B ,10,INE00IY01012,Specialty Chemicals,Equity,Commodities,Chemicals
541799,SMEL,Sungold Media and Entertainment Ltd,Active,MT,10,INE266S01011,Advertising & Media Agencies,Equity,Consumer Discretionary,"Media, Entertainment & Publication"
541809,NEXT50IETF,ICICI Prudential Nifty Next 50 ETF,Active,B ,1,INF109KC1NS5, ,Equity,-,-
541865,ASRL,Add-Shop ERetail Ltd,Active,T ,10,INE01B501018,E-Retail/ E-Commerce,Equity,Consumer Discretionary,Consumer Services
541890,SPACEINCUBA,Space Incubatrics Technologies Ltd,Active,XT,10,INE797Z01010,Computers - Software & Consulting,Equity,Information Technology,Information Technology
541929,SGIL,Synergy Green Industries Ltd,Active,B ,10,INE00QT01015,Castings & Forgings,Equity,Industrials,Capital Goods
541945,RANJEET,Ranjeet Mechatronics Ltd,Active,MT,5,INE01A501027,Civil Construction,Equity,Industrials,Construction
541956,IRCON,IRCON International Ltd,Active,A ,2,INE962Y01021,Civil Construction,Equity,Industrials,Construction
541967,SKYGOLD,Sky Gold And Diamonds Ltd,Active,B ,10,INE01IU01018,Gems- Jewellery And Watches,Equity,Consumer Discretionary,Consumer Durables
541972,SETFSN50,SBI - ETF - SENSEX NEXT 50,Active,A ,10,INF200KA1VQ2, ,Equity,-,-
541973,MACH,Mac Hotels Ltd,Active,M ,10,INE004Z01011,Hotels & Resorts,Equity,Consumer Discretionary,Consumer Services
541974,MANORAMA,Manorama Industries Ltd,Active,B ,2,INE00VM01036,Other Food Products,Equity,Fast Moving Consumer Goods,Fast Moving Consumer Goods
541983,INNOVATIVE,Innovative Ideals and Services (India) Ltd,Active,M ,10,INE492Y01011,Diversified Commercial Services,Equity,Services,Services
541988,AAVAS,AAVAS Financiers Ltd,Active,A ,10,INE216P01012,Housing Finance Company,Equity,Financial Services,Financial Services
542011,GRSE,Garden Reach Shipbuilders & Engineers Ltd,Active,A ,10,INE382Z01011,Aerospace & Defense,Equity,Industrials,Capital Goods
542012,A1L,A-1 Ltd,Active,B ,10,INE911Z01017,Trading - Chemicals,Equity,Commodities,Chemicals
542013,DOLFIN,Dolfin Rubbers Ltd,Active,B ,10,INE666Y01010,Tyres & Rubber Products,Equity,Consumer Discretionary,Automobile and Auto Components
542019,SHUBHAM,Shubham Polyspin Ltd,Active,B ,10,INE01J501010,Other Textile Products,Equity,Consumer Discretionary,Textiles
542020,AKI,AKI India Ltd,Active,T ,2,INE642Z01026,Leather And Leather Products,Equity,Consumer Discretionary,Consumer Durables
542025,SUNRETAIL,Sun Retail Ltd,Active,M ,1,INE206Z01020,Trading & Distributors,Equity,Services,Services
542034,SMGOLD,S. M. Gold Ltd,Active,B ,10,INE00Q901014,Gems- Jewellery And Watches,Equity,Consumer Discretionary,Consumer Durables
542046,VIVIDM,Vivid Mercantile Ltd,Active,T ,1,INE647Z01025,Residential- Commercial Projects,Equity,Consumer Discretionary,Realty
542057,BCPL,BCPL Railway Infrastructure Ltd,Active,B ,10,INE00SW01015,Civil Construction,Equity,Industrials,Construction
542066,ATGL,Adani Total Gas Ltd,Active,A ,1,INE399L01023,LPG/CNG/PNG/LNG Supplier,Equity,Energy,"Oil, Gas & Consumable Fuels"
542123,PHOSPHATE,The Phosphate Company Ltd,Active,X ,10,INE398C01016,Fertilizers,Equity,Commodities,Chemicals
542131,NIFTYETF,MIRAE ASSET NIFTY 50 ETF (MAN50ETF),Active,B ,100,INF769K01EG9, ,Equity,-,-
542141,TECHNOE,Techno Electric & Engineering Company Ltd,Active,A ,2,INE285K01026,Civil Construction,Equity,Industrials,Construction
542145,RONI,Roni Households Ltd,Active,MT,10,INE02AP01013,Trading & Distributors,Equity,Services,Services
542146,SKIFL,Shree Krishna Infrastructure Ltd,Active,MT,10,INE951Z01013,Residential- Commercial Projects,Equity,Consumer Discretionary,Realty
542155,DGL,Diksha Greens Ltd,Active,MT,10,INE01GR01018,Trading & Distributors,Equity,Services,Services
542176,ARYAN,Aryan Share and Stock Brokers Ltd,Active,X ,10,INE016X01010,Other Financial Services,Equity,Financial Services,Financial Services
542206,NIVAKA,Nivaka Fashions Ltd,Active,X ,1,INE139E01028,Trading - Textile Products,Equity,Consumer Discretionary,Textiles
542216,DALBHARAT,Dalmia Bharat Ltd,Active,A ,2,INE00R701025,Cement & Cement Products,Equity,Commodities,Construction Materials
542230,ABSLNN50ET,Aditya Birla Sun Life Nifty Next 50 ETF,Active,B ,1,INF209KB16D7, ,Equity,-,-
542231,NILASPACES,Nila Spaces Ltd,Active,T ,1,INE00S901012,Residential- Commercial Projects,Equity,Consumer Discretionary,Realty
542232,SRD,Shankar Lal Rampal Dye-Chem Ltd,Active,B ,10,INE01NE01012,Trading - Chemicals,Equity,Commodities,Chemicals
542233,TREJHARA,Trejhara Solutions Ltd,Active,B ,10,INE00CA01015,Computers - Software & Consulting,Equity,Information Technology,Information Technology
542248,DECCAN,Deccan Health Care Ltd,Active,B ,10,INE452W01019,Healthcare Service Provider,Equity,Healthcare,Healthcare
542285,AXITA,Axita Cotton Ltd,Active,B ,1,INE02EZ01022,Other Textile Products,Equity,Consumer Discretionary,Textiles
542323,KPIGREEN,KPI Green Energy Ltd,Active,A ,5,INE542W01025,Power Generation,Equity,Utilities,Power
542332,HIKLASS,Hi-Klass Trading and Investment Ltd,Active,XT,5,INE302R01024,Other Financial Services,Equity,Financial Services,Financial Services
542333,RPSGVENT,RPSG Ventures Ltd,Active,B ,10,INE425Y01011,Business Process Outsourcing (BPO)/ Knowledge Process Outsourcing (KPO),Equity,Services,Services
542337,SPENCERS,Spencers Retail Ltd,Active,B ,5,INE020801028,Diversified Retail,Equity,Consumer Discretionary,Consumer Services
542351,GLOSTERLTD,Gloster Ltd,Active,B ,10,INE350Z01018,Jute & Jute Products,Equity,Commodities,Forest Materials
542367,XELPMOC,Xelpmoc Design and Tech Ltd,Active,T ,10,INE01P501012,Software Products,Equity,Information Technology,Information Technology
542376,SPACAPS,SPA Capital Services Ltd,Active,XT,10,INE726X01014,Other Financial Services,Equity,Financial Services,Financial Services
542383,RITCO,Ritco Logistics Ltd,Active,B ,10,INE01EG01016,Logistics Solution Provider,Equity,Services,Services
542399,CHALET,Chalet Hotels Ltd,Active,A ,10,INE427F01016,Hotels & Resorts,Equity,Consumer Discretionary,Consumer Services
542437,ANMOL,Anmol India Ltd,Active,B ,10,INE02AR01019,Trading Coal,Equity,Energy,"Oil, Gas & Consumable Fuels"
542446,JONJUA,Jonjua Overseas Ltd,Active,M ,10,INE793Z01027,Consulting Services,Equity,Services,Services
542459,KRANTI,Kranti Industries Ltd,Active,B ,10,INE911T01010,Auto Components & Equipments,Equity,Consumer Discretionary,Automobile and Auto Components
542460,ANUP,The Anup Engineering Ltd,Active,B ,10,INE294Z01018,Industrial Products,Equity,Industrials,Capital Goods
542484,ARVINDFASN,Arvind Fashions Ltd,Active,A ,4,INE955V01021,Speciality Retail,Equity,Consumer Discretionary,Consumer Services
542513,UTISXN50,UTI BSE Sensex Next 50 ETF,Active,A ,1,INF789F1AUU3, ,Equity,-,-
542524,AIHL,Ambassador Intra Holdings Ltd,Active,XT,10,INE342U01016,Trading & Distributors,Equity,Services,Services
542544,JYOTIN,Jyot International Marketing Ltd,Active,XT,10,INE043R01016,Other Financial Services,Equity,Financial Services,Financial Services
542579,AGOL,Ashapuri Gold Ornament Ltd,Active,B ,1,INE05FR01029,Gems- Jewellery And Watches,Equity,Consumer Discretionary,Consumer Durables
542580,AARTECH,Aartech Solonics Ltd,Active,B ,5,INE01C001026,Heavy Electrical Equipment,Equity,Industrials,Capital Goods
542592,HBEL,Humming Bird Education Ltd,Active,MT,1,INE02PC01027,Education,Equity,Consumer Discretionary,Consumer Services
542597,MSTCLTD,MSTC Ltd,Active,A ,10,INE255X01014,Trading & Distributors,Equity,Services,Services
542599,ROOPSHRI,Roopshri Resorts Ltd,Active,MT,10,INE03WT01017,Hotels & Resorts,Equity,Consumer Discretionary,Consumer Services
542627,CHANDNIMACH,Chandni Machines Ltd,Active,X ,10,INE01GZ01011,Trading & Distributors,Equity,Services,Services
542628,NSL,Northern Spirits Ltd,Active,B ,10,INE01BL01012,Trading & Distributors,Equity,Services,Services
542649,RVNL,Rail Vikas Nigam Ltd,Active,A ,10,INE415G01027,Civil Construction,Equity,Industrials,Construction
542650,METROPOLIS,Metropolis Healthcare Ltd,Active,A ,2,INE112L01020,Healthcare Service Provider,Equity,Healthcare,Healthcare
542651,KPITTECH,KPIT Technologies Ltd,Active,A ,10,INE04I401011,Computers - Software & Consulting,Equity,Information Technology,Information Technology
542652,POLYCAB,Polycab India Ltd,Active,A ,10,INE455K01017,Cables - Electricals,Equity,Industrials,Capital Goods
542654,VRFILMS,V R Films & Studios Ltd,Active,T ,10,INE06LG01010,Film Production- Distribution & Exhibition,Equity,Consumer Discretionary,"Media, Entertainment & Publication"
542655,VIKASLIFE,Vikas Lifecare Ltd,Active,B ,1,INE161L01027,Trading & Distributors,Equity,Services,Services
542665,NEOGEN,Neogen Chemicals Ltd,Active,B ,10,INE136S01016,Specialty Chemicals,Equity,Commodities,Chemicals
542666,GKP,G. K. P. Printing & Packaging Ltd,Active,T ,10,INE05QJ01015,Packaging,Equity,Industrials,Capital Goods
542668,EVANS,Evans Electric Ltd,Active,MT,10,INE06TD01010,Diversified Commercial Services,Equity,Services,Services
542669,BMW,BMW Industries Ltd,Active,B ,1,INE374E01021,Iron & Steel Products,Equity,Industrials,Capital Goods
542670,AEPL,Artemis Electricals and Projects Ltd,Active,B ,1,INE757T01025,Other Electrical Equipment,Equity,Industrials,Capital Goods
542678,CHCL,Cian Healthcare Ltd,Active,MT,10,INE05BN01019,Pharmaceuticals,Equity,Healthcare,Healthcare
542679,DEL,Dhanashree Electronics Ltd,Active,XT,10,INE413F01016,Other Electrical Equipment,Equity,Industrials,Capital Goods
542682,HARISH,Harish Textile Engineers Ltd,Active,X ,10,INE01K301012,Industrial Products,Equity,Industrials,Capital Goods
542684,PPL,Prakash Pipes Ltd,Active,B ,10,INE050001010,Plastic Products - Industrial,Equity,Industrials,Capital Goods
542685,DGCONTENT,Digicontent Ltd,Active,B ,2,INE03JI01017,Advertising & Media Agencies,Equity,Consumer Discretionary,"Media, Entertainment & Publication"
542694,PARSHVA,Parshva Enterprises Ltd,Active,B ,10,INE05MV01019,Trading & Distributors,Equity,Services,Services
542721,ARL,Anand Rayons Ltd,Active,T ,10,INE02GA01012,Trading - Textile Products,Equity,Consumer Discretionary,Textiles
542724,MURAE,Murae Organisor Ltd,Active,B ,2,INE060601023,Pharmaceuticals,Equity,Healthcare,Healthcare
542725,SBC,SBC Exports Ltd,Active,B ,1,INE04AK01028,Garments & Apparels,Equity,Consumer Discretionary,Textiles
542726,INDIAMART,IndiaMART InterMESH Ltd,Active,A ,10,INE933S01016,Internet & Catalogue Retail,Equity,Consumer Discretionary,Consumer Services
542727,CPML,City Pulse Multiplex Ltd,Active,M ,10,INE056001014,Speciality Retail,Equity,Consumer Discretionary,Consumer Services
542728,SKIEL,SK International Export Ltd,Active,MT,10,INE04ST01013,Gems- Jewellery And Watches,Equity,Consumer Discretionary,Consumer Durables
542729,DCMNVL,DCM Nouvelle Ltd,Active,B ,10,INE08KP01019,Other Textile Products,Equity,Consumer Discretionary,Textiles
542730,BANKIETF,ICICI Prudential Nifty Bank ETF,Active,B ,1,INF109KC15I8, ,Equity,-,-
542747,SNXT50BEES,Nippon India ETF S&P BSE Sensex Next 50,Active,A ,10,INF204KB15D0, ,Equity,-,-
542752,AFFLE,Affle 3I Ltd,Active,A ,2,INE00WC01027,IT Enabled Services,Equity,Information Technology,Information Technology
542753,SEACOAST,Seacoast Shipping Services Ltd,Active,Z ,1,INE277T01024,Logistics Solution Provider,Equity,Services,Services
542758,PVTBANIETF,ICICI Prudential Nifty Private Bank ETF,Active,B ,1,INF109KC18U7, ,Equity,-,-
542759,SPANDANA,Spandana Sphoorty Financial Ltd,Active,A ,10,INE572J01011,Microfinance Institutions,Equity,Financial Services,Financial Services
542760,SWSOLAR,Sterling and Wilson Renewable Energy Ltd,Active,A ,1,INE00M201021,Civil Construction,Equity,Industrials,Construction
542765,TRANSPACT,Transpact Enterprises Ltd,Active,TS,10,INE06YD01010,Medical Equipment & Supplies,Equity,Healthcare,Healthcare
542770,ALPHALOGIC,Alphalogic Techsys Ltd,Active,T ,5,INE08E401029,Computers - Software & Consulting,Equity,Information Technology,Information Technology
542771,NOVATEOR,Novateor Research Laboratories Ltd,Active,MT,10,INE08JY01013,Personal Care,Equity,Fast Moving Consumer Goods,Fast Moving Consumer Goods
542772,360ONE,360 ONE WAM LTD,Active,A ,1,INE466L01038,Stockbroking & Allied,Equity,Financial Services,Financial Services
542773,IIFLCAPS,IIFL Capital Services Ltd,Active,A ,2,INE489L01022,Stockbroking & Allied,Equity,Financial Services,Financial Services
542774,MUFIN,Mufin Green Finance Ltd,Active,B ,1,INE08KJ01020,Non Banking Financial Company (NBFC),Equity,Financial Services,Financial Services
542801,MISQUITA,Misquita Engineering Ltd,Active,M ,10,INE957W01025,Industrial Products,Equity,Industrials,Capital Goods
542802,GALACTICO,Galactico Corporate Services Ltd,Active,B ,1,INE906Y01028,Diversified,Equity,Diversified,Diversified
542803,VEL,Vaxfab Enterprises Ltd,Active,X ,10,INE560T01015,Trading & Distributors,Equity,Services,Services
542812,FLUOROCHEM,Gujarat Fluorochemicals Ltd,Active,A ,1,INE09N301011,Specialty Chemicals,Equity,Commodities,Chemicals
542830,IRCTC,Indian Railway Catering and Tourism Corporation Ltd,Active,A ,2,INE335Y01020,"Tour, Travel Related Services",Equity,Consumer Discretionary,Consumer Services
542850,GOBLIN,Goblin India Ltd,Active,M ,10,INE492Z01018,Gems- Jewellery And Watches,Equity,Consumer Discretionary,Consumer Durables
542851,GENSOL,Gensol Engineering Ltd,Active,T ,10,INE06H201014,Other Electrical Equipment,Equity,Industrials,Capital Goods
542852,VISHWARAJ,Vishwaraj Sugar Industries Ltd,Active,B ,2,INE430N01022,Sugar,Equity,Fast Moving Consumer Goods,Fast Moving Consumer Goods
542857,GREENPANEL,Greenpanel Industries Ltd,Active,B ,1,INE08ZM01014,Plywood Boards/ Laminates,Equity,Consumer Discretionary,Consumer Durables
542862,SHAHLON,Shahlon Silk Industries Ltd,Active,X ,2,INE052001026,Other Textile Products,Equity,Consumer Discretionary,Textiles
542863,ABSLBANETF,Aditya Birla Sun Life Nifty Bank ETF,Active,B ,1,INF209KB17D5, ,Equity,-,-
542864,MOUNT,Mount Housing and Infrastructure Ltd,Active,XT,10,INE444X01014,Residential- Commercial Projects,Equity,Consumer Discretionary,Realty
542865,ANUROOP,Anuroop Packaging Ltd,Active,T ,10,INE490Z01012,Packaging,Equity,Industrials,Capital Goods
542866,COLAB,Colab Platforms Ltd,Active,XT,2,INE317W01022,Other Financial Services,Equity,Financial Services,Financial Services
542867,CSBBANK,CSB Bank Ltd,Active,A ,10,INE679A01013,Private Sector Bank,Equity,Financial Services,Financial Services
542904,UJJIVANSFB,Ujjivan Small Finance Bank Ltd,Active,A ,10,INE551W01018,Other Bank,Equity,Financial Services,Financial Services
542905,HINDWAREAP,Hindware Home Innovation Ltd,Active,B ,2,INE05AN01011,Sanitary Ware,Equity,Consumer Discretionary,Consumer Durables
542906,EASUN,Easun Capital Markets Ltd,Active,XT,10,INE771C01014,Non Banking Financial Company (NBFC),Equity,Financial Services,Financial Services
542907,PRINCEPIPE,Prince Pipes and Fittings Ltd,Active,A ,10,INE689W01016,Plastic Products - Industrial,Equity,Industrials,Capital Goods
542911,ASSAMENT,Assam Entrade Ltd,Active,X ,10,INE165G01010,Non Banking Financial Company (NBFC),Equity,Financial Services,Financial Services
542918,GIANLIFE,Gian Life Care Ltd,Active,B ,10,INE063601012,Healthcare Service Provider,Equity,Healthcare,Healthcare
542919,ARTEMISMED,Artemis Medicare Services Ltd,Active,B ,1,INE025R01021,Hospital,Equity,Healthcare,Healthcare
542920,SUMICHEM,Sumitomo Chemical India Ltd,Active,A ,10,INE258G01013,Pesticides & Agrochemicals,Equity,Commodities,Chemicals
542921,MIDCAPIETF,ICICI Prudential Nifty Midcap 150 ETF,Active,B ,1,INF109KC11W8, ,Equity,-,-
542922,NEXT50,Mirae Asset Nifty Next 50 ETF (MANXT50ETF),Active,B ,275,INF769K01FN2, ,Equity,-,-
542931,VARDHANCFL,Vardhan Capital & Finance Ltd,Active,XT,10,INE128G01018,Non Banking Financial Company (NBFC),Equity,Financial Services,Financial Services
542933,UNIVPHOTO,Universus Photo Imagings Ltd,Active,B ,10,INE03V001013,Consumer Electronics,Equity,Consumer Discretionary,Consumer Durables
542934,CBPL,Chandra Bhagat Pharma Ltd,Active,M ,10,INE07QQ01016,Pharmaceuticals,Equity,Healthcare,Healthcare
542938,OCTAVIUSPL,Octavius Plantations Ltd,Active,X ,10,INE117S01016,Tea & Coffee,Equity,Fast Moving Consumer Goods,Fast Moving Consumer Goods
543064,SUVENPHAR,Suven Pharmaceuticals Ltd,Active,A ,1,INE03QK01018,Pharmaceuticals,Equity,Healthcare,Healthcare
543065,SMAUTO,SM Auto Stamping Ltd,Active,M ,10,INE0C4I01011,Industrial Products,Equity,Industrials,Capital Goods
543066,SBICARD,SBI Cards and Payment Services Ltd,Active,A ,10,INE018E01016,Non Banking Financial Company (NBFC),Equity,Financial Services,Financial Services
543144,08MPD,NIPPON INDIA EQUITY SAVINGS FUND -  SEGREGATED PORTFOLIO 2 - MONTHLY DIVIDEND PLAN(Issue Price: 0.01),Active,B ,10,INF204KB11T5, ,Equity,-,-
543145,08ADR,NIPPON INDIA EQUITY SAVINGS FUND -  SEGREGATED PORTFOLIO 2 - DIRECT DIVIDEND PLAN(Issue Price: 0.01),Active,B ,10,INF204KB12S5, ,Equity,-,-
543146,08MPR,NIPPON INDIA EQUITY SAVINGS FUND -  SEGREGATED PORTFOLIO 2 - MONTHLY DIVIDEND PLAN(Issue Price: 0.01),Active,B ,10,INF204KB12T3, ,Equity,-,-
543147,08AMD,NIPPON INDIA EQUITY SAVINGS FUND -  SEGREGATED PORTFOLIO 2 - DIRECT MONTHLY DIVIDEND PLAN(Issue Price: 0.01),Active,B ,10,INF204KB13S3, ,Equity,-,-
543148,08AMR,NIPPON INDIA EQUITY SAVINGS FUND -  SEGREGATED PORTFOLIO 2 - DIRECT MONTHLY DIVIDEND PLAN(Issue Price: 0.01),Active,B ,10,INF204KB14S1, ,Equity,-,-
543149,08BPB,NIPPON INDIA EQUITY SAVINGS FUND -  SEGREGATED PORTFOLIO 2 - BONUS PLAN(Issue Price: 0.01),Active,B ,10,INF204KB15S8, ,Equity,-,-
543150,08GPG,NIPPON INDIA EQUITY SAVINGS FUND -  SEGREGATED PORTFOLIO 2 - GROWTH PLAN(Issue Price: 0.01),Active,B ,10,INF204KB16S6, ,Equity,-,-
543151,08ABB,NIPPON INDIA EQUITY SAVINGS FUND -  SEGREGATED PORTFOLIO 2 - DIRECT BONUS PLAN(Issue Price: 0.01),Active,B ,10,INF204KB17R6, ,Equity,-,-
543152,08QPD,NIPPON INDIA EQUITY SAVINGS FUND -  SEGREGATED PORTFOLIO 2 - QUARTERLY DIVIDEND PLAN(Issue Price: 0.01),Active,B ,10,INF204KB17S4, ,Equity,-,-
543153,08AGG,NIPPON INDIA EQUITY SAVINGS FUND -  SEGREGATED PORTFOLIO 2 - DIRECT GROWTH PLAN(Issue Price: 0.01),Active,B ,10,INF204KB18R4, ,Equity,-,-
543154,08QPR,NIPPON INDIA EQUITY SAVINGS FUND -  SEGREGATED PORTFOLIO 2 - QUARTERLY DIVIDEND PLAN(Issue Price: 0.01),Active,B ,10,INF204KB18S2, ,Equity,-,-
543155,08AQD,NIPPON INDIA EQUITY SAVINGS FUND -  SEGREGATED PORTFOLIO 2 - DIRECT QUARTERLY DIVIDEND PLAN(Issue Price: 0.01),Active,B ,10,INF204KB19R2, ,Equity,-,-
543156,08DPD,NIPPON INDIA EQUITY SAVINGS FUND -  SEGREGATED PORTFOLIO 2 - DIVIDEND PLAN(Issue Price: 0.01),Active,B ,10,INF204KB19S0, ,Equity,-,-
543168,08AQR,NIPPON INDIA EQUITY SAVINGS FUND -  SEGREGATED PORTFOLIO 2 - DIRECT QUARTERLY DIVIDEND PLAN(Issue Price: 0.01),Active,B ,10,INF204KB10S9, ,Equity,-,-
543169,08DPR,NIPPON INDIA EQUITY SAVINGS FUND -  SEGREGATED PORTFOLIO 2 - DIVIDEND PLAN(Issue Price: 0.01),Active,B ,10,INF204KB10T7, ,Equity,-,-
543170,08ADD,NIPPON INDIA EQUITY SAVINGS FUND -  SEGREGATED PORTFOLIO 2 - DIRECT DIVIDEND PLAN(Issue Price: 0.01),Active,B ,10,INF204KB11S7, ,Equity,-,-
543171,ROJL,RO Jewels Ltd,Active,B ,2,INE0BDU01028,Gems- Jewellery And Watches,Equity,Consumer Discretionary,Consumer Durables
543172,COSPOWER,Cospower Engineering Ltd,Active,MT,10,INE0CQB01010,Industrial Products,Equity,Industrials,Capital Goods
543173,11DPR,NIPPON INDIA EQUITY HYBRID FUND -  SEGREGATED PORTFOLIO 2DIVIDEND PLANDIVIDEND REINVESTMENT,Active,B ,10,INF204KB14U7, ,Equity,-,-
543174,11GPG,NIPPON INDIA EQUITY HYBRID FUND -  SEGREGATED PORTFOLIO 2GROWTH PLAN GROWTH OPTIONGROWTH,Active,B ,10,INF204KB10U5, ,Equity,-,-
543175,11MPD,NIPPON INDIA EQUITY HYBRID FUND -  SEGREGATED PORTFOLIO 2MONTHLY DIVIDEND PLANDIVIDEND PAYOUT,Active,B ,10,INF204KB15U4, ,Equity,-,-
543176,11MPR,NIPPON INDIA EQUITY HYBRID FUND -  SEGREGATED PORTFOLIO 2MONTHLY DIVIDEND PLANREINVESTMENT,Active,B ,10,INF204KB16U2, ,Equity,-,-
543177,11QPD,NIPPON INDIA EQUITY HYBRID FUND -  SEGREGATED PORTFOLIO 2QUARTERLY DIVIDEND PLANDIVIDEND PAYOUT,Active,B ,10,INF204KB11U3, ,Equity,-,-
543178,11QPR,NIPPON INDIA EQUITY HYBRID FUND -  SEGREGATED PORTFOLIO 2QUARTERLY DIVIDEND PLANREINVESTMENT,Active,B ,10,INF204KB12U1, ,Equity,-,-
543179,11ADD,NIPPON INDIA EQUITY HYBRID FUND -  SEGREGATED PORTFOLIO 2DIRECT PLAN DIVIDEND PLANDIVIDEND PAYOUT,Active,B ,10,INF204KB16T4, ,Equity,-,-
543180,11ADR,NIPPON INDIA EQUITY HYBRID FUND -  SEGREGATED PORTFOLIO 2DIRECT PLAN DIVIDEND PLANDIVIDEND REINVESTMENT,Active,B ,10,INF204KB17T2, ,Equity,-,-
543181,11AGG,NIPPON INDIA EQUITY HYBRID FUND -  SEGREGATED PORTFOLIO 2DIRECT GROWTH PLAN GROWTH OPTIONGROWTH,Active,B ,10,INF204KB13T1, ,Equity,-,-
543182,11AMD,NIPPON INDIA EQUITY HYBRID FUND -  SEGREGATED PORTFOLIO 2DIRECT MONTHLY DIVIDEND PLANDIVIDEND PAYOUT,Active,B ,10,INF204KB18T0, ,Equity,-,-
543183,11AMR,NIPPON INDIA EQUITY HYBRID FUND -  SEGREGATED PORTFOLIO 2DIRECT MONTHLY DIVIDEND PLANREINVESTMENT,Active,B ,10,INF204KB19T8, ,Equity,-,-
543184,11AQD,NIPPON INDIA EQUITY HYBRID FUND -  SEGREGATED PORTFOLIO 2DIRECT QUARTERLY DIVIDEND PLANDIVIDEND PAYOUT,Active,B ,10,INF204KB14T9, ,Equity,-,-
543185,11AQR,NIPPON INDIA EQUITY HYBRID FUND -  SEGREGATED PORTFOLIO 2DIRECT QUARTERLY DIVIDEND PLANREINVESTMENT,Active,B ,10,INF204KB15T6, ,Equity,-,-
543186,11DPD,NIPPON INDIA EQUITY HYBRID FUND -  SEGREGATED PORTFOLIO 2DIVIDEND PLANDIVIDEND PAYOUT,Active,B ,10,INF204KB13U9, ,Equity,-,-
543187,POWERINDIA,Hitachi Energy India Ltd,Active,A ,2,INE07Y701011,Heavy Electrical Equipment,Equity,Industrials,Capital Goods
543193,DJML,DJ Mediaprint & Logistics Ltd,Active,B ,10,INE0B1K01014,Logistics Solution Provider,Equity,Services,Services
543207,NATURAL,Natural Biocon (India) Ltd,Active,X ,10,INE06MM01016,Pesticides & Agrochemicals,Equity,Commodities,Chemicals
543208,REGIS,Regis Industries Ltd,Active,X ,1,INE745R01024,Non Banking Financial Company (NBFC),Equity,Financial Services,Financial Services
543209,BILLWIN,Billwin Industries Ltd,Active,M ,10,INE0CRS01012,Diversified,Equity,Diversified,Diversified
543210,AARTISURF,Aarti Surfactants Ltd,Active,B ,10,INE09EO01013,Specialty Chemicals,Equity,Commodities,Chemicals
543211,BONLON,Bonlon Industries Ltd,Active,B ,10,INE0B9A01018,Diversified Metals,Equity,Commodities,Metals & Mining
543212,BOROLTD,Borosil Ltd,Active,B ,1,INE02PY01013,Houseware,Equity,Consumer Discretionary,Consumer Durables
543213,ROSSARI,Rossari Biotech Ltd,Active,B ,2,INE02A801020,Specialty Chemicals,Equity,Commodities,Chemicals
543214,NDRAUTO,NDR Auto Components Ltd,Active,B ,10,INE07OG01012,Auto Components & Equipments,Equity,Consumer Discretionary,Automobile and Auto Components
543218,SBGLP,Suratwwala Business Group Ltd,Active,T ,1,INE05ST01028,Residential- Commercial Projects,Equity,Consumer Discretionary,Realty
543219,ALPL30IETF,ICICI Prudential Nifty Alpha Low- Volatility 30 ETF,Active,B ,1,INF109KC17V7, ,Equity,-,-
543220,MAXHEALTH,Max Healthcare Institute Ltd,Active,A ,10,INE027H01010,Hospital,Equity,Healthcare,Healthcare
543221,ITIETF,ICICI Prudential Nifty IT ETF,Active,B ,1,INF109KC16I6, ,Equity,-,-
543223,MAXIND,Max India Ltd,Active,B ,10,INE0CG601016,Holding Company,Equity,Financial Services,Financial Services
543224,HDFCNIFBAN,HDFC Nifty Banking ETF,Active,B ,22.33,INF179KC1HY0, ,Equity,-,-
543226,UTIBANKETF,UTI NIFTY BANK ETF,Active,B ,1,INF789F1AUV1, ,Equity,-,-
543227,HAPPSTMNDS,Happiest Minds Technologies Ltd,Active,A ,2,INE419U01012,Computers - Software & Consulting,Equity,Information Technology,Information Technology
543228,ROUTE,Route Mobile Ltd,Active,A ,10,INE450U01017,Other Telecom Services,Equity,Telecommunication,Telecommunication
543229,SAMRATFORG,Samrat Forgings Ltd,Active,X ,10,INE412J01010,Castings & Forgings,Equity,Industrials,Capital Goods
543230,ADVAIT,Advait Energy Transitions Ltd,Active,B ,10,INE0ALI01010,Cables - Electricals,Equity,Industrials,Capital Goods
543231,ADL,Archidply Decor Ltd,Active,B ,10,INE0CHO01012,Plywood Boards/ Laminates,Equity,Consumer Discretionary,Consumer Durables
543232,CAMS,Computer Age Management Services Ltd,Active,A ,10,INE596I01012,Depositories- Clearing Houses and Other Intermediaries,Equity,Financial Services,Financial Services
543233,CHEMCON,Chemcon Speciality Chemicals Ltd,Active,B ,10,INE03YM01018,Specialty Chemicals,Equity,Commodities,Chemicals
543234,SECMARK,SecMark Consultancy Ltd,Active,B ,10,INE0BTM01013,Computers - Software & Consulting,Equity,Information Technology,Information Technology
543235,ANGELONE,Angel One Ltd,Active,A ,10,INE732I01013,Stockbroking & Allied,Equity,Financial Services,Financial Services
543236,ATAM,Atam Valves Ltd,Active,B ,10,INE09KD01013,Industrial Products,Equity,Industrials,Capital Goods
543237,MAZDOCK,Mazagon Dock Shipbuilders Ltd,Active,A ,5,INE249Z01020,Ship Building & Allied Services,Equity,Industrials,Capital Goods
543238,UTIAMC,UTI Asset Management Company Ltd,Active,A ,10,INE094J01016,Asset Management Company,Equity,Financial Services,Financial Services
543239,GMPL,G M Polyplast Ltd,Active,MT,10,INE0E2801015,Plastic Products - Industrial,Equity,Industrials,Capital Goods
543240,LIKHITHA,Likhitha Infrastructure Ltd,Active,B ,5,INE060901027,Civil Construction,Equity,Industrials,Construction
543241,VGIL,Veer Global Infraconstruction Ltd,Active,M ,10,INE244W01010,Residential- Commercial Projects,Equity,Consumer Discretionary,Realty
543242,HEMIPROP,Hemisphere Properties India Ltd,Active,A ,10,INE0AJG01018,Diversified Commercial Services,Equity,Services,Services
543243,EQUITASBNK,Equitas Small Finance Bank Ltd,Active,A ,10,INE063P01018,Other Bank,Equity,Financial Services,Financial Services
543244,SHINEFASH,Shine Fashions (India) Ltd,Active,M ,5,INE0BLY01023,Other Textile Products,Equity,Consumer Discretionary,Textiles
543245,GLAND,Gland Pharma Ltd,Active,A ,1,INE068V01023,Pharmaceuticals,Equity,Healthcare,Healthcare
543246,ESG,Mirae Asset Nifty 100 ESG Sector Leaders ETF,Active,B ,17.5,INF769K01GS9, ,Equity,-,-
543247,NETPIX,Net Pix Shorts Digital Media Ltd,Active,TS,10,INE0D5F01013,Film Production- Distribution & Exhibition,Equity,Consumer Discretionary,"Media, Entertainment & Publication"
543248,RBA,Restaurant Brands Asia Ltd,Active,A ,10,INE07T201019,Restaurants,Equity,Consumer Discretionary,Consumer Services
543249,TARC,Tarc Ltd,Active,A ,2,INE0EK901012,Residential- Commercial Projects,Equity,Consumer Discretionary,Realty
543251,RVHL,Ravinder Heights Ltd,Active,B ,1,INE09E501017,Residential- Commercial Projects,Equity,Consumer Discretionary,Realty
543252,FAIRCHEMOR,Fairchem Organics Ltd,Active,B ,10,INE0DNW01011,Specialty Chemicals,Equity,Commodities,Chemicals
543253,BECTORFOOD,Mrs. Bectors Food Specialities Ltd,Active,A ,10,INE495P01012,Packaged Foods,Equity,Fast Moving Consumer Goods,Fast Moving Consumer Goods
543254,AWHCL,Antony Waste Handling Cell Ltd,Active,B ,5,INE01BK01022,Waste Management,Equity,Utilities,Utilities
543255,INFRABEES,Nippon India ETF Nifty Infrastructure BeES,Active,B ,10,INF732E01268, ,Equity,-,-
543257,IRFC,Indian Railway Finance Corporation Ltd,Active,A ,10,INE053F01010,Financial Institution,Equity,Financial Services,Financial Services
543258,INDIGOPNTS,Indigo Paints Ltd,Active,A ,10,INE09VQ01012,Paints,Equity,Consumer Discretionary,Consumer Durables
543259,HOMEFIRST,Home First Finance Company India Ltd,Active,A ,2,INE481N01025,Housing Finance Company,Equity,Financial Services,Financial Services
543260,STOVEKRAFT,Stove Kraft Ltd,Active,B ,10,INE00IN01015,Household Appliances,Equity,Consumer Discretionary,Consumer Durables
543262,MRP,MRP Agro Ltd,Active,M ,10,INE0D7801012,Distributors,Equity,Consumer Discretionary,Consumer Services
543263,SMCGLOBAL,SMC Global Securities Ltd,Active,B ,2,INE103C01036,Stockbroking & Allied,Equity,Financial Services,Financial Services
543264,NURECA,Nureca Ltd,Active,T ,10,INE0DSF01015,Medical Equipment & Supplies,Equity,Healthcare,Healthcare
543265,RAILTEL,RailTel Corporation of India Ltd,Active,A ,10,INE0DD101019,Other Telecom Services,Equity,Telecommunication,Telecommunication
543266,HERANBA,Heranba Industries Ltd,Active,T ,10,INE694N01015,Pesticides & Agrochemicals,Equity,Commodities,Chemicals
543267,DAVANGERE,Davangere Sugar Company Ltd,Active,B ,1,INE179G01029,Diversified FMCG,Equity,Fast Moving Consumer Goods,Fast Moving Consumer Goods
543268,DRCSYSTEMS,DRC Systems India Ltd,Active,B ,1,INE03RS01027,Computers - Software & Consulting,Equity,Information Technology,Information Technology
543269,ADJIA,Adjia Technologies Ltd,Active,TS,10,INE0G0V01018,Computers - Software & Consulting,Equity,Information Technology,Information Technology
543270,MTARTECH,MTAR Technologies Ltd,Active,A ,10,INE864I01014,Aerospace & Defense,Equity,Industrials,Capital Goods
543271,JUBLINGREA,Jubilant Ingrevia Ltd,Active,A ,1,INE0BY001018,Specialty Chemicals,Equity,Commodities,Chemicals
543272,EASEMYTRIP,Easy Trip Planners Ltd,Active,A ,1,INE07O001026,"Tour, Travel Related Services",Equity,Consumer Discretionary,Consumer Services
543273,KMEW,Knowledge Marine & Engineering Works Ltd,Active,B ,10,INE0CJD01011,Dredging,Equity,Services,Services
543274,SUUMAYA,Suumaya Corporation Ltd,Active,MT,10,INE0EMB01015,Other Textile Products,Equity,Consumer Discretionary,Textiles
543275,ANURAS,Anupam Rasayan India Ltd,Active,A ,10,INE930P01018,Specialty Chemicals,Equity,Commodities,Chemicals
543276,CRAFTSMAN,Craftsman Automation Ltd,Active,A ,5,INE00LO01017,Auto Components & Equipments,Equity,Consumer Discretionary,Automobile and Auto Components
543277,LXCHEM,Laxmi Organic Industries Ltd,Active,A ,2,INE576O01020,Specialty Chemicals,Equity,Commodities,Chemicals
543278,KALYANKJIL,Kalyan Jewellers India Ltd,Active,A ,10,INE303R01014,Gems- Jewellery And Watches,Equity,Consumer Discretionary,Consumer Durables
543279,SURYODAY,Suryoday Small Finance Bank Ltd,Active,B ,10,INE428Q01011,Other Bank,Equity,Financial Services,Financial Services
543280,NAZARA,Nazara Technologies Ltd,Active,A ,4,INE418L01021,Digital Entertainment,Equity,Consumer Discretionary,"Media, Entertainment & Publication"
543281,SUVIDHAA,Suvidhaa Infoserve Ltd,Active,T ,1,INE018401013,Financial Technology (Fintech),Equity,Financial Services,Financial Services
543282,NIKSTECH,Niks Technology Ltd,Active,TS,10,INE0GX601011,Computers - Software & Consulting,Equity,Information Technology,Information Technology
543283,BARBEQUE,Barbeque-Nation Hospitality Ltd,Active,B ,5,INE382M01027,Restaurants,Equity,Consumer Discretionary,Consumer Services
543284,EKI,EKI Energy Services Ltd,Active,T ,10,INE0CPR01018,Consulting Services,Equity,Services,Services
543285,RCAN,Rajeshwari Cans Ltd,Active,MT,10,INE0CQ101015,Packaging,Equity,Industrials,Capital Goods
543286,JETMALL,Jetmall Spices and Masala Ltd,Active,M ,10,INE0D9X01018,Other Food Products,Equity,Fast Moving Consumer Goods,Fast Moving Consumer Goods
543287,LODHA,Macrotech Developers Ltd,Active,A ,10,INE670K01029,Residential- Commercial Projects,Equity,Consumer Discretionary,Realty
543288,DEEPINDS,Deep Industries Ltd,Active,B ,5,INE0FHS01024,Offshore Support Solution Drilling,Equity,Energy,"Oil, Gas & Consumable Fuels"
543291,MAFANG,Mirae Asset NYSE FANG+ ETF,Active,B ,40,INF769K01HF4, ,Equity,-,-
543292,HEALTHIETF,ICICI Prudential Nifty Healthcare ETF,Active,B ,10,INF109KC1Q72, ,Equity,-,-
543297,IWEL,Inox Wind Energy Ltd,Active,B ,10,INE0FLR01028,Heavy Electrical Equipment,Equity,Industrials,Capital Goods
543298,VINEETLAB,Vineet Laboratories Ltd,Active,T ,10,INE505Y01010,Pharmaceuticals,Equity,Healthcare,Healthcare
543299,SHYAMMETL,Shyam Metalics and Energy Ltd,Active,A ,10,INE810G01011,Iron & Steel Products,Equity,Industrials,Capital Goods
543300,SONACOMS,Sona BLW Precision Forgings Ltd,Active,A ,10,INE073K01018,Auto Components & Equipments,Equity,Consumer Discretionary,Automobile and Auto Components
543306,DODLA,Dodla Dairy Ltd,Active,A ,10,INE021O01019,Dairy Products,Equity,Fast Moving Consumer Goods,Fast Moving Consumer Goods
543308,KIMS,Krishna Institute of Medical Sciences Ltd,Active,A ,2,INE967H01025,Hospital,Equity,Healthcare,Healthcare
543309,ADESHWAR,Adeshwar Meditex Ltd,Active,M ,10,INE0H8J01015,Healthcare Research- Analytics & Technology,Equity,Healthcare,Healthcare
543310,TIMESGREEN,Times Green Energy (India) Ltd,Active,MT,10,INE0B6101012,Other Agricultural Products,Equity,Fast Moving Consumer Goods,Fast Moving Consumer Goods
543311,IPL,India Pesticides Ltd,Active,B ,1,INE0D6701023,Pesticides & Agrochemicals,Equity,Commodities,Chemicals
543312,FOCUS,Focus Business Solution Ltd,Active,MT,10,INE0DXR01010,Computers - Software & Consulting,Equity,Information Technology,Information Technology
543317,GRINFRA,G R Infraprojects Ltd,Active,A ,5,INE201P01022,Civil Construction,Equity,Industrials,Construction
543318,CLEAN,Clean Science and Technology Ltd,Active,A ,1,INE227W01023,Specialty Chemicals,Equity,Commodities,Chemicals
543319,AAPLUSTRAD,AA Plus Tradelink Ltd,Active,MT,1,INE0C5901022,Trading & Distributors,Equity,Services,Services
543320,ETERNAL,Eternal Ltd,Active,A ,1,INE758T01015,E-Retail/ E-Commerce,Equity,Consumer Discretionary,Consumer Services
543321,TATVA,Tatva Chintan Pharma Chem Ltd,Active,B ,10,INE0GK401011,Specialty Chemicals,Equity,Commodities,Chemicals
543322,ALIVUS,Alivus Life Sciences Ltd,Active,A ,2,INE03Q201024,Pharmaceuticals,Equity,Healthcare,Healthcare
543323,BFSI,Mirae Asset Nifty Financial Services ETF,Active,B ,10,INF769K01HI8, ,Equity,-,-
543324,GCSL,Gretex Corporate Services Ltd,Active,M ,10,INE199P01028,Other Capital Market related Services,Equity,Financial Services,Financial Services
543325,ROLEXRINGS,Rolex Rings Ltd,Active,A ,10,INE645S01016,Auto Components & Equipments,Equity,Consumer Discretionary,Automobile and Auto Components
543326,FMCGIETF,ICICI Prudential Nifty FMCG ETF,Active,B ,1,INF109KC19V3, ,Equity,-,-
543327,EXXARO,Exxaro Tiles Ltd,Active,B ,1,INE0GFE01026,Ceramics,Equity,Consumer Discretionary,Consumer Durables
543328,KRSNAA,Krsnaa Diagnostics Ltd,Active,B ,5,INE08LI01020,Healthcare Service Provider,Equity,Healthcare,Healthcare
543329,WINDLAS,Windlas Biotech Ltd,Active,B ,5,INE0H5O01029,Pharmaceuticals,Equity,Healthcare,Healthcare
543330,DEVYANI,Devyani International Ltd,Active,A ,1,INE872J01023,Restaurants,Equity,Consumer Discretionary,Consumer Services
543331,MOL,Meghmani Organics Ltd,Active,B ,1,INE0CT101020,Pesticides & Agrochemicals,Equity,Commodities,Chemicals
543332,EPIGRAL,Epigral Ltd,Active,A ,10,INE071N01016,Specialty Chemicals,Equity,Commodities,Chemicals
543333,CARTRADE,CarTrade Tech Ltd,Active,A ,10,INE290S01011,E-Retail/ E-Commerce,Equity,Consumer Discretionary,Consumer Services
543334,NUVOCO,Nuvoco Vistas Corporation Ltd,Active,A ,10,INE118D01016,Cement & Cement Products,Equity,Commodities,Construction Materials
543335,APTUS,Aptus Value Housing Finance India Ltd,Active,A ,2,INE852O01025,Housing Finance Company,Equity,Financial Services,Financial Services
543336,CHEMPLASTS,Chemplast Sanmar Ltd,Active,A ,5,INE488A01050,Commodity Chemicals,Equity,Commodities,Chemicals
543341,SHARPLINE,Sharpline Broadcast Ltd,Active,XT,10,INE647W01014,Advertising & Media Agencies,Equity,Consumer Discretionary,"Media, Entertainment & Publication"
543346,AASHKA,Aashka Hospitals Ltd,Active,M ,10,INE0EAX01014,Hospital,Equity,Healthcare,Healthcare
543347,AXISTECETF,Axis NIFTY IT ETF,Active,B ,100,INF846K01Y96, ,Equity,-,-
543348,AXISHCETF,Axis NIFTY Healthcare ETF,Active,B ,10,INF846K01Z12, ,Equity,-,-
543349,AMIORG,Ami Organics Ltd,Active,A ,5,INE00FF01025,Pharmaceuticals,Equity,Healthcare,Healthcare
543350,VIJAYA,Vijaya Diagnostic Centre Ltd,Active,A ,1,INE043W01024,Healthcare Service Provider,Equity,Healthcare,Healthcare
543352,POBS,PlatinumOne Business Services Ltd,Active,M ,10,INE0DTJ01015,Business Process Outsourcing (BPO)/ Knowledge Process Outsourcing (KPO),Equity,Services,Services
543357,AXISCETF,Axis NIFTY India Consumption ETF,Active,B ,10,INF846K016C7, ,Equity,-,-
543358,SANSERA,Sansera Engineering Ltd,Active,A ,2,INE953O01021,Auto Components & Equipments,Equity,Consumer Discretionary,Automobile and Auto Components
543363,PREVEST,Prevest Denpro Ltd,Active,M ,10,INE0GAO01018,Medical Equipment & Supplies,Equity,Healthcare,Healthcare
543364,MARKOLINES,Markolines Pavement Technologies Ltd,Active,M ,10,INE0FW001016,Civil Construction,Equity,Industrials,Construction
543365,MASPTOP50,Mirae Asset S&P 500 Top 50 ETF,Active,B ,20,INF769K01HP3, ,Equity,-,-
543366,SBLI,SBL Infratech Ltd,Active,M ,10,INE0DLM01024,Residential- Commercial Projects,Equity,Consumer Discretionary,Realty
543367,PARAS,Paras Defence and Space Technologies Ltd,Active,A ,10,INE045601015,Aerospace & Defense,Equity,Industrials,Capital Goods
543372,GETALONG,Getalong Enterprise Ltd,Active,MT,1,INE0H1201020,Consulting Services,Equity,Services,Services
543373,SVRL,Shri Venkatesh Refineries Ltd,Active,M ,10,INE0HLJ01013,Edible Oil,Equity,Fast Moving Consumer Goods,Fast Moving Consumer Goods
543374,ABSLAMC,Aditya Birla Sun Life AMC Ltd,Active,A ,5,INE404A01024,Asset Management Company,Equity,Financial Services,Financial Services
543375,PROMAX,Promax Power Ltd,Active,MT,10,INE0I2F01015,Civil Construction,Equity,Industrials,Construction
543376,SAMOR,Samor Reality Ltd,Active,B ,10,INE0GD201014,Residential- Commercial Projects,Equity,Consumer Discretionary,Realty
543377,ADISHAKTI,Adishakti Loha and Ispat Ltd,Active,MT,10,INE0CWK01019,Iron & Steel Products,Equity,Industrials,Capital Goods
543383,CONSUMIETF,ICICI Prudential Nifty India Consumption ETF,Active,B ,10,INF109KC1V42, ,Equity,-,-
543384,NYKAA,FSN E-Commerce Ventures Ltd,Active,A ,1,INE388Y01029,E-Retail/ E-Commerce,Equity,Consumer Discretionary,Consumer Services
543386,FINOPB,Fino Payments Bank Ltd,Active,B ,10,INE02NC01014,Other Bank,Equity,Financial Services,Financial Services
543387,SJS,S.J.S. Enterprises Ltd,Active,B ,10,INE284S01014,Auto Components & Equipments,Equity,Consumer Discretionary,Automobile and Auto Components
543388,EQUAL50ADD,DSP Nifty 50 Equal Weight ETF,Active,B ,10,INF740KA1QK2, ,Equity,-,-
543389,SIGACHI,Sigachi Industries Ltd,Active,B ,1,INE0D0K01022,Pharmaceuticals,Equity,Healthcare,Healthcare
543390,POLICYBZR,PB Fintech Ltd,Active,A ,2,INE417T01026,Financial Technology (Fintech),Equity,Financial Services,Financial Services
543391,SGFRL,Suyog Gurbaxani Funicular Ropeways Ltd,Active,MT,10,INE07GA01011,Civil Construction,Equity,Industrials,Construction
543396,PAYTM,One 97 Communications Ltd,Active,A ,1,INE982J01020,Financial Technology (Fintech),Equity,Financial Services,Financial Services
543397,SAPPHIRE,Sapphire Foods India Ltd,Active,A ,2,INE806T01020,Restaurants,Equity,Consumer Discretionary,Consumer Services
543398,LATENTVIEW,Latent View Analytics Ltd,Active,A ,1,INE0I7C01011,Computers - Software & Consulting,Equity,Information Technology,Information Technology
543399,TARSONS,Tarsons Products Ltd,Active,B ,2,INE144Z01023,Medical Equipment & Supplies,Equity,Healthcare,Healthcare
543400,OMNIPOTENT,Omnipotent Industries Ltd,Active,M ,10,INE0JFE01012,Refineries & Marketing,Equity,Energy,"Oil, Gas & Consumable Fuels"
543401,GOCOLORS,Go Fashion (India) Ltd,Active,A ,10,INE0BJS01011,Speciality Retail,Equity,Consumer Discretionary,Consumer Services
543410,DMR,DMR Hydroengineering & Infrastructures Ltd,Active,M ,10,INE07L501010,Consulting Services,Equity,Services,Services
543411,HITECH,Hi-Tech Pipes Ltd,Active,B ,1,INE106T01025,Iron & Steel Products,Equity,Industrials,Capital Goods
543412,STARHEALTH,Star Health and Allied Insurance Company Ltd,Active,A ,10,INE575P01011,General Insurance,Equity,Financial Services,Financial Services
543413,TEGA,Tega Industries Ltd,Active,A ,10,INE011K01018,Industrial Products,Equity,Industrials,Capital Goods
543414,MAHKTECH,Mirae Asset Hang Seng TECH ETF,Active,B ,10,INF769K01HS7, ,Equity,-,-
543415,ANANDRATHI,Anand Rathi Wealth Ltd,Active,A ,5,INE463V01026,Financial Products Distributor,Equity,Financial Services,Financial Services
543416,ZODIAC,Zodiac Energy Ltd,Active,B ,10,INE761Y01019,Civil Construction,Equity,Industrials,Construction
543417,RATEGAIN,RateGain Travel Technologies Ltd,Active,A ,1,INE0CLI01024,Computers - Software & Consulting,Equity,Information Technology,Information Technology
543419,SHRIRAMPPS,Shriram Properties Ltd,Active,A ,10,INE217L01019,Residential- Commercial Projects,Equity,Consumer Discretionary,Realty
543420,JETFREIGHT,Jet Freight Logistics Ltd,Active,B ,5,INE982V01025,Logistics Solution Provider,Equity,Services,Services
543425,MAPMYINDIA,C.E. Info Systems Ltd,Active,A ,2,INE0BV301023,Software Products,Equity,Information Technology,Information Technology
543426,METROBRAND,Metro Brands Ltd,Active,A ,5,INE317I01021,Footwear,Equity,Consumer Discretionary,Consumer Durables
543427,MEDPLUS,Medplus Health Services Ltd,Active,A ,2,INE804L01022,Pharmacy Retail,Equity,Consumer Discretionary,Consumer Services
543428,DATAPATTNS,Data Patterns (India) Ltd,Active,A ,2,INE0IX101010,Aerospace & Defense,Equity,Industrials,Capital Goods
543433,HPAL,HP Adhesives Ltd,Active,B ,2,INE0GSL01024,Specialty Chemicals,Equity,Commodities,Chemicals
543434,SUPRIYA,Supriya Lifescience Ltd,Active,B ,2,INE07RO01027,Pharmaceuticals,Equity,Healthcare,Healthcare
543435,CLARA,Clara Industries Ltd,Active,M ,10,INE0JJS01014,Packaging,Equity,Industrials,Capital Goods
543436,WITS,Wherrelz IT Solutions Ltd,Active,TS,10,INE0IM001015,Computers - Software & Consulting,Equity,Information Technology,Information Technology
543437,MONQ50,Motilal Oswal Nasdaq Q 50 ETF,Active,B ,10,INF247L01AU3, ,Equity,-,-
543438,MIDQ50ADD,DSP Nifty Midcap 150 Quality 50 ETF,Active,B ,10,INF740KA1QL0, ,Equity,-,-
543440,NIFTY50ADD,DSP Nifty 50 ETF,Active,B ,10,INF740KA1CL0, ,Equity,-,-
543441,CMSINFO,CMS Info Systems Ltd,Active,A ,10,INE925R01014,Diversified Commercial Services,Equity,Services,Services
543442,BCONCEPTS,Brand Concepts Ltd,Active,B ,10,INE977Y01011,Speciality Retail,Equity,Consumer Discretionary,Consumer Services
543443,ASCENSIVE,Ascensive Educare Ltd,Active,TS,1,INE0E4I01027,Education,Equity,Consumer Discretionary,Consumer Services
543444,FABINO,Fabino Enterprises Ltd,Active,M ,10,INE0DRT01018,Pharmaceuticals,Equity,Healthcare,Healthcare
543449,WEL,Wonder Electricals Ltd,Active,B ,1,INE02WG01024,Household Appliances,Equity,Consumer Discretionary,Consumer Durables
543450,AUTOIETF,ICICI Prudential Nifty Auto ETF,Active,B ,1,INF109KC10V2, ,Equity,-,-
543451,AGSTRA,AGS Transact Technologies Ltd,Active,T ,10,INE583L01014,Financial Technology (Fintech),Equity,Financial Services,Financial Services
543453,ALKOSIGN,Alkosign Ltd,Active,MT,10,INE0KA601012,Stationary,Equity,Fast Moving Consumer Goods,Fast Moving Consumer Goods
543454,MAKEINDIA,Mirae Asset Nifty India Manufacturing ETF,Active,B ,50,INF769K01IB1, ,Equity,-,-
543458,AWL,AWL Agri Business Ltd,Active,A ,1,INE699H01024,Edible Oil,Equity,Fast Moving Consumer Goods,Fast Moving Consumer Goods
543460,QRIL,Quality RO Industries Ltd,Active,MT,10,INE0KAF01018,Industrial Products,Equity,Industrials,Capital Goods
543461,SSTL,Safa Systems & Technologies Ltd,Active,MT,10,INE0JNA01014,Trading & Distributors,Equity,Services,Services
543462,DEVIT,Dev Information Technology Ltd,Active,B ,5,INE060X01026,IT Enabled Services,Equity,Information Technology,Information Technology
543463,MANYAVAR,Vedant Fashions Ltd,Active,A ,1,INE825V01034,Speciality Retail,Equity,Consumer Discretionary,Consumer Services
543464,SPITZE,Maruti Interior Products Ltd,Active,MT,10,INE0JSJ01014,Houseware,Equity,Consumer Discretionary,Consumer Durables
543465,MOMOMENTUM,Motilal Oswal Nifty 200 Momentum 30 ETF,Active,B ,2,INF247L01BK2, ,Equity,-,-
543470,SOFTTECH,Softtech Engineers Ltd,Active,B ,10,INE728Z01015,Computers - Software & Consulting,Equity,Information Technology,Information Technology
543472,TECH,Aditya Birla Sunlife Nifty IT ETF,Active,B ,1,INF209KB11D8, ,Equity,-,-
543473,HEALTHY,Aditya Birla Sun Life Nifty Healthcare ETF,Active,B ,1,INF209KB10C2, ,Equity,-,-
543474,BSLNIFTY,Aditya Birla Sun Life Nifty 50 ETF,Active,B ,1,INF209KB19D1, ,Equity,-,-
543475,EKENNIS,Ekennis Software Service Ltd,Active,M ,10,INE0KCM01010,IT Enabled Services,Equity,Information Technology,Information Technology
543481,MIDCAPETF,Mirae Asset Nifty Midcap 150 ETF,Active,B ,5,INF769K01IC9, ,Equity,-,-
543482,EUREKAFORB,Eureka Forbes Ltd,Active,A ,10,INE0KCE01017,Household Appliances,Equity,Consumer Discretionary,Consumer Durables
543489,GATEWAY,Gateway Distriparks Ltd,Active,A ,10,INE079J01017,Logistics Solution Provider,Equity,Services,Services
543490,GMRP&UI,GMR Power and Urban Infra Ltd,Active,A ,5,INE0CU601026,Power Generation,Equity,Utilities,Power
543497,BCCL,Bhatia Colour Chem Ltd,Active,MT,10,INE0KQ001017,Specialty Chemicals,Equity,Commodities,Chemicals
543498,MSUMI,Motherson Sumi Wiring India Ltd,Active,A ,1,INE0FS801015,Auto Components & Equipments,Equity,Consumer Discretionary,Automobile and Auto Components
543499,ACHYUT,Achyut Healthcare Ltd,Active,MT,1,INE0K1401020,Pharmaceuticals,Equity,Healthcare,Healthcare
543500,EVOQ,Evoq Remedies Ltd,Active,MT,10,INE0JVD01011,Trading & Distributors,Equity,Services,Services
543501,MOLOWVOL,Motilal Oswal S&P BSE Low Volatility ETF,Active,B ,2,INF247L01BL0, ,Equity,-,-
543512,AVROIND,Avro India Ltd,Active,B ,10,INE652Z01017,Plastic Products - Consumer,Equity,Consumer Discretionary,Consumer Durables
543513,UMAEXPORTS,Uma Exports Ltd,Active,B ,10,INE0GIU01018,Trading & Distributors,Equity,Services,Services
543514,VERANDA,Veranda Learning Solutions Ltd,Active,B ,10,INE0IQ001011,E-Learning,Equity,Consumer Discretionary,Consumer Services
543515,SEML,Sunrise Efficient Marketing Ltd,Active,MT,10,INE0KPY01017,Trading & Distributors,Equity,Services,Services
543516,DHYAANITR,Dhyaani Tradeventtures Ltd,Active,MT,10,INE0K5F01014,Trading & Distributors,Equity,Services,Services
543517,HARIOMPIPE,Hariom Pipe Industries Ltd,Active,B ,10,INE00EV01017,Iron & Steel Products,Equity,Industrials,Capital Goods
543518,EIGHTY,Eighty Jewellers Ltd,Active,MT,10,INE0KSN01014,Gems- Jewellery And Watches,Equity,Consumer Discretionary,Consumer Durables
543519,SFSL,Shashwat Furnishing Solutions Ltd,Active,MT,10,INE0JMN01019,Furniture- Home Furnishing,Equity,Consumer Discretionary,Consumer Durables
543520,GLHRL,Global Longlife Hospital and Research Ltd,Active,M ,10,INE0J2K01014,Hospital,Equity,Healthcare,Healthcare
543521,FONE4,Fone4 Communications (India) Ltd,Active,MT,10,INE0L3H01014,E-Retail/ E-Commerce,Equity,Consumer Discretionary,Consumer Services
543522,NVENTURES,Nanavati Ventures Ltd,Active,MT,10,INE0E5R01017,Precious Metals,Equity,Commodities,Metals & Mining
543523,CAMPUS,Campus Activewear Ltd,Active,A ,5,INE278Y01022,Footwear,Equity,Consumer Discretionary,Consumer Durables
543524,RAINBOW,Rainbow Children's Medicare Ltd,Active,A ,10,INE961O01016,Hospital,Equity,Healthcare,Healthcare
543525,SILVERTUC,Silver Touch Technologies Ltd,Active,B ,10,INE625X01018,Computers - Software & Consulting,Equity,Information Technology,Information Technology
543526,LICI,Life Insurance Corporation of India,Active,A ,10,INE0J1Y01017,Life Insurance,Equity,Financial Services,Financial Services
543527,PRUDENT,Prudent Corporate Advisory Services Ltd,Active,A ,5,INE00F201020,Financial Products Distributor,Equity,Financial Services,Financial Services
543528,VENUSPIPES,Venus Pipes & Tubes Ltd,Active,A ,10,INE0JA001018,Iron & Steel Products,Equity,Industrials,Capital Goods
543529,DELHIVERY,Delhivery Ltd,Active,A ,1,INE148O01028,Logistics Solution Provider,Equity,Services,Services
543530,PARADEEP,Paradeep Phosphates Ltd,Active,A ,10,INE088F01024,Fertilizers,Equity,Commodities,Chemicals
543531,TIERRA,Tierra Agrotech Ltd,Active,X ,10,INE05CY01014,Other Agricultural Products,Equity,Fast Moving Consumer Goods,Fast Moving Consumer Goods
543532,ETHOSLTD,Ethos Ltd,Active,A ,10,INE04TZ01018,Gems- Jewellery And Watches,Equity,Consumer Discretionary,Consumer Durables
543533,EMUDHRA,eMudhra Ltd,Active,A ,5,INE01QM01018,IT Enabled Services,Equity,Information Technology,Information Technology
543534,AETHER,Aether Industries Ltd,Active,A ,10,INE0BWX01014,Specialty Chemicals,Equity,Commodities,Chemicals
543535,WEWIN,We Win Ltd,Active,T ,10,INE082W01014,Business Process Outsourcing (BPO)/ Knowledge Process Outsourcing (KPO),Equity,Services,Services
543536,SILVERPRL,Silver Pearl Hospitality & Luxury Spaces Ltd,Active,M ,10,INE0KXN01014,Hotels & Resorts,Equity,Consumer Discretionary,Consumer Services
543537,SCARNOSE,Scarnose International Ltd,Active,MT,10,INE0IXR01019,Other Textile Products,Equity,Consumer Discretionary,Textiles
543538,GOEL,Goel Food Products Ltd,Active,MT,10,INE0K6L01010,Hotels & Resorts,Equity,Consumer Discretionary,Consumer Services
543539,MODIS,Modis Navnirman Ltd,Active,M ,10,INE0L0L01012,Residential- Commercial Projects,Equity,Consumer Discretionary,Realty
543540,PGCRL,Pearl Green Clubs and Resorts Ltd,Active,MT,10,INE0GTX01019,Other Agricultural Products,Equity,Fast Moving Consumer Goods,Fast Moving Consumer Goods
543541,SAILANI,Sailani Tours N Travels Ltd,Active,M ,10,INE0KHQ01010,"Tour, Travel Related Services",Equity,Consumer Discretionary,Consumer Services
543542,KESAR,Kesar India Ltd,Active,M ,10,INE0L1C01019,Residential- Commercial Projects,Equity,Consumer Discretionary,Realty
543543,BRRL,B-Right Realestate Ltd,Active,M ,10,INE0IZQ01016,Residential- Commercial Projects,Equity,Consumer Discretionary,Realty
543544,JAYANT,Jayant Infratech Ltd,Active,MT,10,INE0KR801019,Civil Construction,Equity,Industrials,Construction
543545,VEERKRUPA,Veerkrupa Jewellers Ltd,Active,M ,1,INE0ID001024,Gems- Jewellery And Watches,Equity,Consumer Discretionary,Consumer Durables
543546,HEALTHYLIFE,Healthy Life Agritec Ltd,Active,MT,10,INE0L3501015,Dairy Products,Equity,Fast Moving Consumer Goods,Fast Moving Consumer Goods
543547,DDEVPLSTIK,Ddev Plastiks Industries Ltd,Active,B ,1,INE0HR601026,Specialty Chemicals,Equity,Commodities,Chemicals
543563,MOHEALTH,Motilal Oswal S&P BSE Healthcare ETF,Active,B ,10,INF247L01BB1, ,Equity,-,-
543568,MOM30IETF,ICICI Prudential Nifty 200 Momentum 30 ETF,Active,B ,10,INF109KC17C7, ,Equity,-,-
543569,HDFCNIF100,HDFC NIFTY 100 ETF,Active,B ,17.73,INF179KC1HR4, ,Equity,-,-
543570,HDFCNEXT50,HDFC Mutual Fund,Active,B ,41.82,INF179KC1HS2, ,Equity,-,-
543571,INFRAIETF,ICICI Prudential Nifty Infrastructure ETF,Active,B ,10,INF109KC16E5, ,Equity,-,-
543573,SYRMA,Syrma SGS Technology Ltd,Active,A ,10,INE0DYJ01015,Industrial Products,Equity,Industrials,Capital Goods
543574,NIFTYQLITY,Aditya Birla Sun Life Nifty 200 Quality 30 ETF,Active,B ,1,INF209KB15K4, ,Equity,-,-
543575,MOMENTUM,Aditya Birla Sun Life Nifty 200 Momentum 30 ETF,Active,B ,1,INF209KB14K7, ,Equity,-,-
543576,MOVALUE,Motilal Oswal S&P BSE Enhanced Value ETF,Active,B ,10,INF247L01BE5, ,Equity,-,-
543577,MOQUALITY,Motilal Oswal S&P BSE Quality ETF,Active,B ,10,INF247L01BH8, ,Equity,-,-
543578,OLATECH,Olatech Solutions Ltd,Active,MT,10,INE0M3901015,Software Products,Equity,Information Technology,Information Technology
543579,NATURO,Naturo Indiabull Ltd,Active,MT,10,INE0JNB01012,Personal Care,Equity,Fast Moving Consumer Goods,Fast Moving Consumer Goods
543590,RHETAN,Rhetan TMT Ltd,Active,B ,1,INE0KKN01029,Iron & Steel Products,Equity,Industrials,Capital Goods
543591,DREAMFOLKS,Dreamfolks Services Ltd,Active,B ,2,INE0JS101016,Airport & Airport services,Equity,Services,Services
543593,DBOL,Dhampur Bio Organics Ltd,Active,T ,10,INE0I3401014,Sugar,Equity,Fast Moving Consumer Goods,Fast Moving Consumer Goods
543594,DPL,Dipna Pharmachem Ltd,Active,MT,10,INE0MC401013,Pharmaceuticals,Equity,Healthcare,Healthcare
543595,EPBIO,EP Biocomposites Ltd,Active,MT,10,INE0D2I01014,Waste Management,Equity,Utilities,Utilities
543596,TMB,Tamilnad Mercantile Bank Ltd,Active,A ,10,INE668A01016,Private Sector Bank,Equity,Financial Services,Financial Services
543597,VOEPL,Virtuoso Optoelectronics Ltd,Active,MT,10,INE0I0T01010,Diversified consumer products,Equity,Consumer Discretionary,Consumer Durables
543598,SISL,Shantidoot Infra Services Ltd,Active,MT,10,INE0LU301014,Residential- Commercial Projects,Equity,Consumer Discretionary,Realty
543599,KSOLVES,Ksolves India Ltd,Active,B ,5,INE0D6I01023,Computers - Software & Consulting,Equity,Information Technology,Information Technology
543600,HARSHA,Harsha Engineers International Ltd,Active,B ,10,INE0JUS01029,Other Industrial Products,Equity,Industrials,Capital Goods
543605,HDFCQUAL,HDFC NIFTY100 Quality 30 ETF,Active,B ,38.59,INF179KC1DL6, ,Equity,-,-
543606,CONTAINE,Containe Technologies Ltd,Active,M ,10,INE0M8901010,Industrial Products,Equity,Industrials,Capital Goods
543607,HDFCGROWTH,HDFC NIFTY Growth Sectors 15 ETF,Active,B ,89.04,INF179KC1DJ0, ,Equity,-,-
543608,HDFCVALUE,HDFC NIFTY50 Value 20 ETF,Active,B ,86.07,INF179KC1DK8, ,Equity,-,-
543613,MAFIA,Mafia Trends Ltd,Active,M ,10,INE0KQQ01011,Speciality Retail,Equity,Consumer Discretionary,Consumer Services
543614,TIPSFILMS,Tips Films Ltd,Active,B ,10,INE0LQS01015,Film Production- Distribution & Exhibition,Equity,Consumer Discretionary,"Media, Entertainment & Publication"
543615,SRSOLTD,Silicon Rental Solutions Ltd,Active,M ,10,INE0MNV01014,Diversified Commercial Services,Equity,Services,Services
543616,TLL,Trident Lifeline Ltd,Active,M ,10,INE0MKA01014,Pharmaceuticals,Equity,Healthcare,Healthcare
543617,REETECH,Reetech International Cargo and Courier Ltd,Active,MT,10,INE0MKO01015,Trading Coal,Equity,Energy,"Oil, Gas & Consumable Fuels"
543618,CARGOTRANS,Cargotrans Maritime Ltd,Active,M ,10,INE0M4L01013,Logistics Solution Provider,Equity,Services,Services
543619,CNCRD,Concord Control Systems Ltd,Active,MT,10,INE0N0J01014,Industrial Products,Equity,Industrials,Capital Goods
543620,INA,Insolation Energy Ltd,Active,M ,1,INE0LGX01024,Power Generation,Equity,Utilities,Power
543621,CARGOSOL,Cargosol Logistics Ltd,Active,MT,10,INE0KZM01011,Logistics Solution Provider,Equity,Services,Services
543622,STML,Steelman Telecom Ltd,Active,M ,10,INE0MSK01016,Other Telecom Services,Equity,Telecommunication,Telecommunication
543623,VEDANTASSET,Vedant Asset Ltd,Active,MT,10,INE0NC801013,Financial Products Distributor,Equity,Financial Services,Financial Services
543626,EMIL,Electronics Mart India Ltd,Active,A ,10,INE02YR01019,Diversified Retail,Equity,Consumer Discretionary,Consumer Services
543627,HDFCLOWVOL,HDFC NIFTY100 Low Volatility 30 ETF,Active,B ,12.62,INF179KC1HU8, ,Equity,-,-
543628,HDFCMOMENT,HDFC NIFTY200 Momentum 30 ETF,Active,B ,19.06,INF179KC1HV6, ,Equity,-,-
543635,PPLPHARMA,Piramal Pharma Ltd,Active,A ,10,INE0DK501011,Pharmaceuticals,Equity,Healthcare,Healthcare
543636,DCI,Dc Infotech and Communication Ltd,Active,B ,10,INE0A1101019,Computers Hardware & Equipments,Equity,Information Technology,Information Technology
543637,PACE,Pace E-Commerce Ventures Ltd,Active,MT,10,INE0N1L01018,E-Retail/ E-Commerce,Equity,Consumer Discretionary,Consumer Services
543638,TRACXN,Tracxn Technologies Ltd,Active,B ,1,INE0HMF01019,Data Processing Services,Equity,Services,Services
543643,NARMADA,Narmada Agrobase Ltd,Active,B ,10,INE117Z01011,Animal Feed,Equity,Fast Moving Consumer Goods,Fast Moving Consumer Goods
543644,INFOBEAN,Infobeans Technologies Ltd,Active,B ,10,INE344S01016,Computers - Software & Consulting,Equity,Information Technology,Information Technology
543645,HPIL,Hindprakash Industries Ltd,Active,B ,10,INE05X901010,Dyes And Pigments,Equity,Commodities,Chemicals
543650,DCXINDIA,DCX Systems Ltd,Active,A ,2,INE0KL801015,Aerospace & Defense,Equity,Industrials,Capital Goods
543651,DAPS,DAPS Advertising Ltd,Active,M ,10,INE975Z01012,Advertising & Media Agencies,Equity,Consumer Discretionary,"Media, Entertainment & Publication"
543652,FUSION,Fusion Finance Ltd,Active,A ,10,INE139R01012,Microfinance Institutions,Equity,Financial Services,Financial Services
543653,BIKAJI,Bikaji Foods International Ltd,Active,A ,1,INE00E101023,Packaged Foods,Equity,Fast Moving Consumer Goods,Fast Moving Consumer Goods
543654,MEDANTA,Global Health Ltd,Active,A ,2,INE474Q01031,Hospital,Equity,Healthcare,Healthcare
543656,TECHNOPACK,Technopack Polymers Ltd,Active,M ,10,INE0MXP01015,Plastic Products - Consumer,Equity,Consumer Discretionary,Consumer Durables
543657,ACI,Archean Chemical Industries Ltd,Active,A ,2,INE128X01021,Specialty Chemicals,Equity,Commodities,Chemicals
543663,FIVESTAR,Five-Star Business Finance Ltd,Active,A ,1,INE128S01021,Non Banking Financial Company (NBFC),Equity,Financial Services,Financial Services
543664,KAYNES,Kaynes Technology India Ltd,Active,A ,10,INE918Z01012,Industrial Products,Equity,Industrials,Capital Goods
543665,HDFCNIFIT,HDFC NIFTY IT ETF,Active,B ,29.99,INF179KC1IA8, ,Equity,-,-
543666,HDFCPVTBAN,HDFC NIFTY Private Bank ETF,Active,B ,21.68,INF179KC1HZ7, ,Equity,-,-
543667,INOXGREEN,Inox Green Energy Services Ltd,Active,A ,10,INE510W01014,Power Generation,Equity,Utilities,Power
543668,BBTCL,B&B Triplewall Containers Ltd,Active,B ,10,INE01EE01011,Packaging,Equity,Industrials,Capital Goods
543669,RUSTOMJEE,Keystone Realtors Ltd,Active,B ,10,INE263M01029,Residential- Commercial Projects,Equity,Consumer Discretionary,Realty
543670,VINNY,Vinny Overseas Ltd,Active,T ,1,INE01KI01027,Garments & Apparels,Equity,Consumer Discretionary,Textiles
543671,AAATECH,AAA Technologies Ltd,Active,B ,10,INE0D0U01013,Consulting Services,Equity,Services,Services
543677,FINIETF,ICICI Prudential Nifty Financial Services Ex-Bank ETF,Active,B ,10,INF109KC17L8, ,Equity,-,-
543678,AMBOAGRI,Ambo Agritec Ltd,Active,MT,10,INE0N6V01016,Edible Oil,Equity,Fast Moving Consumer Goods,Fast Moving Consumer Goods
543686,SIRCA,Sirca Paints India Ltd,Active,B ,10,INE792Z01011,Paints,Equity,Consumer Discretionary,Consumer Durables
543687,DHARMAJ,Dharmaj Crop Guard Ltd,Active,B ,10,INE00OQ01016,Pesticides & Agrochemicals,Equity,Commodities,Chemicals
543688,SARVESHWAR,Sarveshwar Foods Ltd,Active,B ,1,INE324X01026,Other Agricultural Products,Equity,Fast Moving Consumer Goods,Fast Moving Consumer Goods
543689,UNIPARTS,Uniparts India Ltd,Active,B ,10,INE244O01017,Auto Components & Equipments,Equity,Consumer Discretionary,Automobile and Auto Components
543709,GARGI,PNGS Gargi Fashion Jewellery Ltd,Active,M ,10,INE0NT601018,Gems- Jewellery And Watches,Equity,Consumer Discretionary,Consumer Durables
543710,COMMOIETF,ICICI Prudential Nifty Commodities ETF,Active,B ,10,INF109KC19O8, ,Equity,-,-
543711,SULA,Sula Vineyards Ltd,Active,A ,2,INE142Q01026,Breweries & Distilleries,Equity,Fast Moving Consumer Goods,Fast Moving Consumer Goods
543712,AFSL,Abans Financial Services Ltd,Active,B ,2,INE00ZE01026,Holding Company,Equity,Financial Services,Financial Services
543713,DRONACHRYA,Droneacharya Aerial Innovations Ltd,Active,MT,10,INE0MQD01015,Diversified Commercial Services,Equity,Services,Services
543714,LANDMARK,Landmark Cars Ltd,Active,B ,5,INE559R01029,Auto -Dealer,Equity,Consumer Discretionary,Automobile and Auto Components
543715,IEL,Indiabulls Enterprises Ltd,Active,B ,2,INE059901020,Diversified Commercial Services,Equity,Services,Services
543720,KFINTECH,KFin Technologies Ltd,Active,A ,10,INE138Y01010,Depositories- Clearing Houses and Other Intermediaries,Equity,Financial Services,Financial Services
543725,ELIN,Elin Electronics Ltd,Active,B ,5,INE050401020,Household Appliances,Equity,Consumer Discretionary,Consumer Durables
543732,RADIANTCMS,Radiant Cash Management Services Ltd,Active,B ,1,INE855R01021,Diversified Commercial Services,Equity,Services,Services
543737,AVEER,Aveer Foods Ltd,Active,X ,10,INE09BN01011,Packaged Foods,Equity,Fast Moving Consumer Goods,Fast Moving Consumer Goods
543738,BANKETFADD,DSP Nifty Bank ETF,Active,B ,10,INF740KA1RX3, ,Equity,-,-
543743,SAH,Sah Polymers Ltd,Active,B ,10,INE035801013,Packaging,Equity,Industrials,Capital Goods
543744,REXSEAL,Rex Sealing and Packing Industries Ltd,Active,M ,10,INE0MFT01014,Packaging,Equity,Industrials,Capital Goods
543745,SVS,SVS Ventures Ltd,Active,M ,10,INE0MID01012,Residential- Commercial Projects,Equity,Consumer Discretionary,Realty
543746,LOGICA,Logica Infoway Ltd,Active,M ,10,INE0BSU01018,Speciality Retail,Equity,Consumer Discretionary,Consumer Services
543747,KAMOPAINTS,Kamdhenu Ventures Ltd,Active,T ,1,INE0BTI01037,Paints,Equity,Consumer Discretionary,Consumer Durables
543748,AARTIPHARM,Aarti Pharmalabs Ltd,Active,A ,5,INE0LRU01027,Pharmaceuticals,Equity,Healthcare,Healthcare
543753,DHARNI,Dharni Capital Services Ltd,Active,MT,1,INE0M9Q01011,Financial Products Distributor,Equity,Financial Services,Financial Services
543754,TRANSVOY,Transvoy Logistics India Ltd,Active,M ,10,INE0MPU01011,Logistics Solution Provider,Equity,Services,Services
543765,EARTH,Earthstahl & Alloys Ltd,Active,M ,10,INE0O4V01010,Iron & Steel Products,Equity,Industrials,Capital Goods
543766,ASHIKA,Ashika Credit Capital Ltd,Active,XT,10,INE094B01013,Non Banking Financial Company (NBFC),Equity,Financial Services,Financial Services
543767,BTML,Bodhi Tree Multimedia Ltd,Active,B ,1,INE0EEJ01023,Digital Entertainment,Equity,Consumer Discretionary,"Media, Entertainment & Publication"
543768,NSLNISP,NMDC Steel Ltd,Active,A ,10,INE0NNS01018,Iron & Steel,Equity,Commodities,Metals & Mining
543769,INDONG,Indong Tea Company Ltd,Active,M ,10,INE0KN201016,Tea & Coffee,Equity,Fast Moving Consumer Goods,Fast Moving Consumer Goods
543774,HDFCBSE500,HDFC S&P BSE 500 ETF,Active,B ,23.86,INF179KC1EZ4, ,Equity,-,-
543775,HDFCSML250,HDFC NIFTY Smallcap 250 ETF,Active,B ,91.31,INF179KC1FB2, ,Equity,-,-
543776,HDFCMID150,HDFC NIFTY Midcap 150 ETF,Active,B ,11.6,INF179KC1HT0, ,Equity,-,-
543782,SEALMATIC,Sealmatic India Ltd,Active,M ,10,INE0O4601016,Other Industrial Products,Equity,Industrials,Capital Goods
543787,ROBU,Macfos Ltd,Active,MT,10,INE0OLH01013,E-Retail/ E-Commerce,Equity,Consumer Discretionary,Consumer Services
543798,PATRON,Patron Exim Ltd,Active,M ,10,INE0NPA01011,Trading - Chemicals,Equity,Commodities,Chemicals
543799,SVJ,S. V. J. ENTERPRISES Ltd,Active,MT,10,INE0JZS01010,Paper & Paper Products,Equity,Commodities,Forest Materials
543804,AMANAYA,Amanaya Ventures Ltd,Active,M ,10,INE0G1V01016,Precious Metals,Equity,Commodities,Metals & Mining
543805,RESGEN,Resgen Ltd,Active,M ,10,INE0NYN01016,Refineries & Marketing,Equity,Energy,"Oil, Gas & Consumable Fuels"
543806,ITCONS,ITCONS E-Solutions Ltd,Active,MT,10,INE0O6A01019,Diversified Commercial Services,Equity,Services,Services
543811,AIRAN,Airan Ltd,Active,B ,2,INE645W01026,IT Enabled Services,Equity,Information Technology,Information Technology
543812,DIVGIITTS,DIVGI TORQTRANSFER SYSTEMS Ltd,Active,B ,5,INE753U01022,Auto Components & Equipments,Equity,Consumer Discretionary,Automobile and Auto Components
543814,PCL,Prospect Consumer Products Ltd,Active,MT,10,INE0OKG01017,Other Agricultural Products,Equity,Fast Moving Consumer Goods,Fast Moving Consumer Goods
543819,PSUBNKIETF,ICICI Prudential Nifty PSU Bank ETF,Active,B ,10,INF109KC10S8, ,Equity,-,-
543828,SUDARSHAN,Sudarshan Pharma Industries Ltd,Active,MT,1,INE00TV01023,Specialty Chemicals,Equity,Commodities,Chemicals
543829,GSLSU,Global Surfaces Ltd,Active,B ,10,INE0JSX01015,Granites & Marbles,Equity,Consumer Discretionary,Consumer Durables
543830,LABELKRAFT,Labelkraft Technologies Ltd,Active,M ,10,INE0NLJ01011,Paper & Paper Products,Equity,Commodities,Forest Materials
543831,BRIGHT,Bright Outdoor Media Ltd,Active,M ,10,INE0OMI01019,Advertising & Media Agencies,Equity,Consumer Discretionary,"Media, Entertainment & Publication"
543843,COMMAND,Command Polymers Ltd,Active,MT,10,INE0LKQ01012,Plastic Products - Industrial,Equity,Industrials,Capital Goods
543848,DEVLAB,Dev Labtech Venture Ltd,Active,M ,10,INE0NIJ01017,Gems- Jewellery And Watches,Equity,Consumer Discretionary,Consumer Durables
543853,AXSENSEX,AXIS S&P BSE SENSEX ETF,Active,B ,10,INF846K010Q0, ,Equity,-,-
543858,LOWVOL,Mirae Asset Nifty 100 Low Volatility 30 ETF,Active,B ,100,INF769K01JU9, ,Equity,-,-
543860,JAFINANCE,J.A. Finance Ltd,Active,XT,10,INE825B01010,Non Banking Financial Company (NBFC),Equity,Financial Services,Financial Services
543861,USK,Udayshivakumar Infra Ltd,Active,B ,10,INE0N0Y01013,Civil Construction,Equity,Industrials,Construction
543874,MAIDEN,Maiden Forgings Ltd,Active,M ,10,INE0O1T01010,Iron & Steel Products,Equity,Industrials,Capital Goods
543895,EXHICON,Exhicon Events Media Solutions Ltd,Active,M ,10,INE0O8901016,Other Consumer Services,Equity,Consumer Discretionary,Consumer Services
543896,AVALON,Avalon Technologies Ltd,Active,B ,2,INE0LCL01028,Other Electrical Equipment,Equity,Industrials,Capital Goods
543897,SANCODE,Sancode Technologies Ltd,Active,MT,10,INE0P7001013,IT Enabled Services,Equity,Information Technology,Information Technology
543898,BLAL,BEML Land Assets Ltd,Active,B ,10,INE0N7W01012,Investment Company,Equity,Financial Services,Financial Services
543901,RHL,Robust Hotels Ltd,Active,B ,10,INE508K01013,Hotels & Resorts,Equity,Consumer Discretionary,Consumer Services
543902,RETINA,Retina Paints Ltd,Active,MT,10,INE0NTC01019,Paints,Equity,Consumer Discretionary,Consumer Durables
543904,MANKIND,Mankind Pharma Ltd,Active,A ,1,INE634S01028,Pharmaceuticals,Equity,Healthcare,Healthcare
543905,INNOKAIZ,Innokaiz India Ltd,Active,MT,10,INE0LDI01022,Advertising & Media Agencies,Equity,Consumer Discretionary,"Media, Entertainment & Publication"
543910,AVG,AVG Logistics Ltd,Active,T ,10,INE680Z01018,Logistics Solution Provider,Equity,Services,Services
543911,ATALREAL,Atal Realtech Ltd,Active,B ,2,INE0ALR01029,Residential- Commercial Projects,Equity,Consumer Discretionary,Realty
543912,PIGL,Power and Instrumentation (Gujarat) Ltd,Active,T ,10,INE557Z01018,Other Electrical Equipment,Equity,Industrials,Capital Goods
543914,SWATIPRO,Swati Projects Ltd,Active,XT,10,INE210F01016,Non Banking Financial Company (NBFC),Equity,Financial Services,Financial Services
543915,PAVNAIND,Pavna Industries Ltd,Active,B ,10,INE07S101020,Auto Components & Equipments,Equity,Consumer Discretionary,Automobile and Auto Components
543916,HSIL,Hemant Surgical Industries Ltd,Active,M ,10,INE0GYI01028,Medical Equipment & Supplies,Equity,Healthcare,Healthcare
543917,SIGMA,Sigma Solve Ltd,Active,B ,10,INE0A0S01010,IT Enabled Services,Equity,Information Technology,Information Technology
543918,GHCLTEXTIL,GHCL Textiles Ltd,Active,B ,2,INE0PA801013,Other Textile Products,Equity,Consumer Discretionary,Textiles
543919,MKPL,M. K. Proteins Ltd,Active,B ,1,INE964W01021,Edible Oil,Equity,Fast Moving Consumer Goods,Fast Moving Consumer Goods
543920,CFF,CFF Fluid Control Ltd,Active,MT,10,INE0NJ001013,Aerospace & Defense,Equity,Industrials,Capital Goods
543921,COMRADE,Comrade Appliances Ltd,Active,MT,10,INE0NXA01015,Consumer Electronics,Equity,Consumer Discretionary,Consumer Durables
543923,IKIO,IKIO Technologies Ltd,Active,B ,10,INE0LOJ01019,Consumer Electronics,Equity,Consumer Discretionary,Consumer Durables
543924,SONALIS,Sonalis Consumer Products Ltd,Active,MT,10,INE0N5O01013,Packaged Foods,Equity,Fast Moving Consumer Goods,Fast Moving Consumer Goods
543926,BIZOTIC,Bizotic Commercial Ltd,Active,M ,10,INE0OJ401014,Garments & Apparels,Equity,Consumer Discretionary,Textiles
543927,ASIAN,Asian Warehousing Ltd,Active,X ,10,INE04Z101016,Food Storage Facilities,Equity,Consumer Discretionary,Consumer Services
543928,COSMICCRF,Cosmic CRF Ltd,Active,M ,10,INE0ORA01015,Iron & Steel Products,Equity,Industrials,Capital Goods
543929,HMAAGRO,HMA Agro Industries Ltd,Active,B ,1,INE0ECP01024,Meat Products including Poultry,Equity,Fast Moving Consumer Goods,Fast Moving Consumer Goods
543930,URAVIDEF,Uravi Defence and Technology Ltd,Active,T ,10,INE568Z01015,Auto Components & Equipments,Equity,Consumer Discretionary,Automobile and Auto Components
543931,VEEFIN,Veefin Solutions Ltd,Active,MT,10,INE0Q0M01015,IT Enabled Services,Equity,Information Technology,Information Technology
543932,IDEAFORGE,Ideaforge Technology Ltd,Active,A ,10,INE349Y01013,Aerospace & Defense,Equity,Industrials,Capital Goods
543933,CYIENTDLM,Cyient DLM Ltd,Active,A ,10,INE055S01018,Industrial Products,Equity,Industrials,Capital Goods
543934,MACIND,Machhar Industries Ltd,Active,X ,10,INE01BT01015,Specialty Chemicals,Equity,Commodities,Chemicals
543935,ITETFADD,DSP Nifty IT ETF,Active,B ,10,INF740KA1SX1, ,Equity,-,-
543936,SENCO,Senco Gold Ltd,Active,A ,5,INE602W01027,Gems- Jewellery And Watches,Equity,Consumer Discretionary,Consumer Durables
543937,ALPHAIND,Alphalogic Industries Ltd,Active,MT,10,INE0NZF01019,Other Industrial Products,Equity,Industrials,Capital Goods
543938,ACCELERATE,Acceleratebs India Ltd,Active,MT,10,INE0POP01017,Computers - Software & Consulting,Equity,Information Technology,Information Technology
543939,KAKA,Kaka Industries Ltd,Active,M ,10,INE0P3N01018,Plastic Products - Industrial,Equity,Industrials,Capital Goods
543940,JIOFIN,Jio Financial Services Ltd,Active,A ,10,INE758E01017,Investment Company,Equity,Financial Services,Financial Services
543941,AHASOLAR,Ahasolar Technologies Ltd,Active,MT,10,INE0NEV01011,E-Retail/ E-Commerce,Equity,Consumer Discretionary,Consumer Services
543942,UTKARSHBNK,Utkarsh Small Finance Bank Ltd,Active,B ,10,INE735W01017,Other Bank,Equity,Financial Services,Financial Services
543943,ASARFI,Asarfi Hospital Ltd,Active,M ,10,INE0DN001027,Hospital,Equity,Healthcare,Healthcare
543944,BANKETF,Mirae Asset Nifty Bank ETF,Active,B ,400,INF769K01KR3, ,Equity,-,-
543945,NETWEB,Netweb Technologies India Ltd,Active,A ,2,INE0NT901020,IT Enabled Services,Equity,Information Technology,Information Technology
543947,SENSEXADD,DSP BSE Sensex ETF,Active,A ,10,INF740KA1SZ6, ,Equity,-,-
543948,PSUBANKADD,DSP Nifty PSU Bank ETF,Active,B ,10,INF740KA1SY9, ,Equity,-,-
543949,PVTBANKADD,DSP Private Bank ETF,Active,B ,10,INF740KA1TA7, ,Equity,-,-
543950,YATHARTH,Yatharth Hospital & Trauma Care Services Ltd,Active,B ,10,INE0JO301016,Hospital,Equity,Healthcare,Healthcare
543952,NIITMTS,NIIT Learning Systems Ltd,Active,A ,2,INE342G01023,Education,Equity,Consumer Discretionary,Consumer Services
543953,KHAZANCHI,Khazanchi Jewellers Ltd,Active,M ,10,INE0OWC01011,Gems- Jewellery And Watches,Equity,Consumer Discretionary,Consumer Durables
543954,ATL,Allcargo Terminals Ltd,Active,B ,2,INE0NN701020,Port & Port services,Equity,Services,Services
543955,TREL,Transindia Real Estate Ltd,Active,B ,2,INE0O3901029,Logistics Solution Provider,Equity,Services,Services
543956,QUAL30IETF,ICICI Prudential Nifty 200 Quality 30 ETF,Active,B ,1,INF109KC18V5, ,Equity,-,-
543957,REDTAPE,Redtape Ltd,Active,A ,2,INE0LXT01019,Footwear,Equity,Consumer Discretionary,Consumer Durables
543958,VLEGOV,VL E-Governance & IT Solutions Ltd,Active,T ,10,INE03HW01020,IT Enabled Services,Equity,Information Technology,Information Technology
543959,SBFC,SBFC Finance Ltd,Active,A ,10,INE423Y01016,Non Banking Financial Company (NBFC),Equity,Financial Services,Financial Services
543960,CONCORDBIO,Concord Biotech Ltd,Active,A ,1,INE338H01029,Pharmaceuticals,Equity,Healthcare,Healthcare
543962,DPWIRES,D.P. Wires Ltd,Active,B ,10,INE864X01013,Iron & Steel Products,Equity,Industrials,Capital Goods
543963,SHELTER,Shelter Pharma Ltd,Active,M ,10,INE013V01011,Pharmaceuticals,Equity,Healthcare,Healthcare
543965,TVSSCS,TVS Supply Chain Solutions Ltd,Active,A ,1,INE395N01027,Logistics Solution Provider,Equity,Services,Services
543969,PYRAMID,Pyramid Technoplast Ltd,Active,B ,10,INE0MIS01010,Packaging,Equity,Industrials,Capital Goods
543970,SHOORA,Shoora Designs Ltd,Active,MT,10,INE0OJZ01019,Gems- Jewellery And Watches,Equity,Consumer Discretionary,Consumer Durables
543971,BONDADA,Bondada Engineering Ltd,Active,M ,2,INE0Q8P01029,Telecom - Infrastructure,Equity,Telecommunication,Telecommunication
543972,AEROFLEX,Aeroflex Industries Ltd,Active,B ,2,INE024001021,Iron & Steel Products,Equity,Industrials,Capital Goods
543974,VPRPL,Vishnu Prakash R Punglia Ltd,Active,B ,10,INE0AE001013,Civil Construction,Equity,Industrials,Construction
543975,NIFMID150,UTI NIFTY MIDCAP 150 ETF,Active,B ,10,INF789F1AYX9, ,Equity,-,-
543976,SHRAAITECH,Shradha AI Technologies Ltd,Active,X ,2,INE489B01031,Computers - Software & Consulting,Equity,Information Technology,Information Technology
543977,RISHABH,Rishabh Instruments Ltd,Active,B ,10,INE0N2P01017,Other Electrical Equipment,Equity,Industrials,Capital Goods
543978,RATNAVEER,Ratnaveer Precision Engineering Ltd,Active,B ,10,INE05CZ01011,Iron & Steel Products,Equity,Industrials,Capital Goods
543979,KAHAN,Kahan Packaging Ltd,Active,M ,10,INE04T901017,Packaging,Equity,Industrials,Capital Goods
543980,JLHL,Jupiter Life Line Hospitals Ltd,Active,A ,10,INE682M01012,Hospital,Equity,Healthcare,Healthcare
543981,RRKABEL,R R Kabel Ltd,Active,A ,5,INE777K01022,Cables - Electricals,Equity,Industrials,Capital Goods
543982,MESON,Meson Valves India Ltd,Active,MT,10,INE0OYE01013,Other Industrial Products,Equity,Industrials,Capital Goods
543983,EMSLIMITED,EMS Ltd,Active,B ,10,INE0OV601013,Waste Management,Equity,Utilities,Utilities
543984,SAMHI,Samhi Hotels Ltd,Active,A ,1,INE08U801020,Hotels & Resorts,Equity,Consumer Discretionary,Consumer Services
543985,ZAGGLE,Zaggle Prepaid Ocean Services Ltd,Active,B ,1,INE07K301024,IT Enabled Services,Equity,Information Technology,Information Technology
543986,SOUTHWEST,South West Pinnacle Exploration Ltd,Active,B ,10,INE980Y01015,Diversified Commercial Services,Equity,Services,Services
543988,NUVAMA,Nuvama Wealth Management Ltd,Active,A ,10,INE531F01015,Stockbroking & Allied,Equity,Financial Services,Financial Services
543989,KALAMANDIR,Sai Silks (Kalamandir) Ltd,Active,B ,2,INE438K01021,Speciality Retail,Equity,Consumer Discretionary,Consumer Services
543990,SIGNATURE,Signatureglobal (India) Ltd,Active,A ,1,INE903U01023,Residential- Commercial Projects,Equity,Consumer Discretionary,Realty
543991,TECHKGREEN,Techknowgreen Solutions Ltd,Active,MT,10,INE0P4P01011,Consulting Services,Equity,Services,Services
543992,YATRA,Yatra Online Ltd,Active,B ,1,INE0JR601024,"Tour, Travel Related Services",Equity,Consumer Discretionary,Consumer Services
543993,ARCL,ARCL Organics Ltd,Active,XT,10,INE372M01010,Commodity Chemicals,Equity,Commodities,Chemicals
543994,JSWINFRA,JSW Infrastructure Ltd,Active,A ,2,INE880J01026,Port & Port services,Equity,Services,Services
543995,MVGJL,Manoj Vaibhav Gems N Jewellers Ltd,Active,B ,10,INE0KNT01012,Gems- Jewellery And Watches,Equity,Consumer Discretionary,Consumer Durables
543996,UDS,Updater Services Ltd,Active,B ,10,INE851I01011,Diversified Commercial Services,Equity,Services,Services
543997,ORGANICREC,Organic Recycling Systems Ltd,Active,M ,10,INE0MIO01019,Waste Management,Equity,Utilities,Utilities
543998,VALIANTLAB,Valiant Laboratories Ltd,Active,T ,10,INE0JWS01017,Pharmaceuticals,Equity,Healthcare,Healthcare
543999,SENSEXETF,Mirae Asset S&P BSE Sensex ETF,Active,A ,10,INF769K01KT9, ,Equity,-,-
544000,CCAL,City Crops Agro Ltd,Active,M ,10,INE0M7501019,Other Agricultural Products,Equity,Fast Moving Consumer Goods,Fast Moving Consumer Goods
544001,SUNITATOOL,Sunita Tools Ltd,Active,M ,10,INE0Q1S01010,Industrial Products,Equity,Industrials,Capital Goods
544002,VIVAA,Vivaa Tradecom Ltd,Active,MT,10,INE0PA601017,Trading - Textile Products,Equity,Consumer Discretionary,Textiles
544003,PLAZACABLE,Plaza Wires Ltd,Active,B ,10,INE0INJ01017,Cables - Electricals,Equity,Industrials,Capital Goods
544004,IRMENERGY,IRM Energy Ltd,Active,B ,10,INE07U701015,LPG/CNG/PNG/LNG Supplier,Equity,Energy,"Oil, Gas & Consumable Fuels"
544006,ITETF,Mirae Asset Nifty IT ETF,Active,B ,10,INF769K01KV5, ,Equity,-,-
544007,ALPHAETF,Mirae Asset Nifty 200 Alpha 30 ETF,Active,B ,10,INF769K01KU7, ,Equity,-,-
544008,MAXESTATES,Max Estates Ltd,Active,B ,10,INE03EI01018,Residential- Commercial Projects,Equity,Consumer Discretionary,Realty
544009,BLUEJET,Blue Jet Healthcare Ltd,Active,B ,2,INE0KBH01020,Pharmaceuticals,Equity,Healthcare,Healthcare
544011,VPL,Vrundavan Plantation Ltd,Active,M ,10,INE0Q6901013,Diversified Commercial Services,Equity,Services,Services
544012,CELLO,Cello World Ltd,Active,A ,5,INE0LMW01024,Houseware,Equity,Consumer Discretionary,Consumer Durables
544013,KKSHL,KK Shah Hospitals Ltd,Active,M ,10,INE0OH401016,Hospital,Equity,Healthcare,Healthcare
544014,HONASA,Honasa Consumer Ltd,Active,A ,10,INE0J5401028,Personal Care,Equity,Fast Moving Consumer Goods,Fast Moving Consumer Goods
544015,MISHDESIGN,Mish Designs Ltd,Active,MT,10,INE0QI101019,Garments & Apparels,Equity,Consumer Discretionary,Textiles
544020,ESAFSFB,ESAF Small Finance Bank Ltd,Active,B ,10,INE818W01011,Other Bank,Equity,Financial Services,Financial Services
544021,PROTEAN,Protean eGov Technologies Ltd,Active,A ,10,INE004A01022,IT Enabled Services,Equity,Information Technology,Information Technology
544022,ASKAUTOLTD,ASK Automotive Ltd,Active,B ,2,INE491J01022,Auto Components & Equipments,Equity,Consumer Discretionary,Automobile and Auto Components
544023,KALYANI,Kalyani Cast-Tech Ltd,Active,M ,10,INE0N6U01018,Industrial Products,Equity,Industrials,Capital Goods
544025,ARROWHEAD,Arrowhead Seperation Engineering Ltd,Active,MT,10,INE0PP401015,Industrial Products,Equity,Industrials,Capital Goods
544026,IREDA,Indian Renewable Energy Development Agency Ltd,Active,A ,10,INE202E01016,Financial Institution,Equity,Financial Services,Financial Services
544027,FEDFINA,Fedbank Financial Services Ltd,Active,B ,10,INE007N01010,Non Banking Financial Company (NBFC),Equity,Financial Services,Financial Services
544028,TATATECH,Tata Technologies Ltd,Active,A ,2,INE142M01025,IT Enabled Services,Equity,Information Technology,Information Technology
544029,GANDHAR,Gandhar Oil Refinery (India) Ltd,Active,B ,2,INE717W01049,Lubricants,Equity,Energy,"Oil, Gas & Consumable Fuels"
544030,FLAIR,Flair Writing Industries Ltd,Active,B ,5,INE00Y201027,Stationary,Equity,Fast Moving Consumer Goods,Fast Moving Consumer Goods
544035,SPL,Swashthik Plascon Ltd,Active,MT,10,INE0RDR01012,Plastic Products - Industrial,Equity,Industrials,Capital Goods
544036,DEEPAKCHEM,Deepak Chemtex Ltd,Active,M ,10,INE0RDM01013,Specialty Chemicals,Equity,Commodities,Chemicals
544037,AMIC,Amic Forging Ltd,Active,M ,10,INE0P9J01013,Castings & Forgings,Equity,Industrials,Capital Goods
544042,BAJEL,Bajel Projects Ltd,Active,B ,2,INE0KQN01018,Heavy Electrical Equipment,Equity,Industrials,Capital Goods
544044,INDIASHLTR,India Shelter Finance Corporation Ltd,Active,B ,5,INE922K01024,Housing Finance Company,Equity,Financial Services,Financial Services
544045,DOMS,DOMS Industries Ltd,Active,A ,10,INE321T01012,Stationary,Equity,Fast Moving Consumer Goods,Fast Moving Consumer Goods
544046,INOXINDIA,INOX India Ltd,Active,A ,2,INE616N01034,Other Industrial Products,Equity,Industrials,Capital Goods
544047,SIYARAM,Siyaram Recycling Industries Ltd,Active,M ,10,INE0QSK01017,Other Industrial Products,Equity,Industrials,Capital Goods
544052,BENCHMARK,Benchmark Computer Solutions Ltd,Active,MT,10,INE0Q2Z01013,IT Enabled Services,Equity,Information Technology,Information Technology
544053,MOTISONS,Motisons Jewellers Ltd,Active,B ,1,INE0FRK01020,Gems- Jewellery And Watches,Equity,Consumer Discretionary,Consumer Durables
544054,SURAJEST,Suraj Estate Developers Ltd,Active,B ,5,INE843S01025,Residential- Commercial Projects,Equity,Consumer Discretionary,Realty
544055,MUTHOOTMF,Muthoot Microfin Ltd,Active,B ,10,INE046W01019,Microfinance Institutions,Equity,Financial Services,Financial Services
544056,SMARITIME,Sahara Maritime Ltd,Active,M ,10,INE0PSJ01011,Logistics Solution Provider,Equity,Services,Services
544057,HAPPYFORGE,Happy Forgings Ltd,Active,B ,2,INE330T01021,Castings & Forgings,Equity,Industrials,Capital Goods
544058,MUFTI,Credo Brands Marketing Ltd,Active,B ,2,INE220Q01020,Speciality Retail,Equity,Consumer Discretionary,Consumer Services
544059,SHANTIDENM,Shanti Spintex Ltd,Active,M ,10,INE0QZQ01019,Other Textile Products,Equity,Consumer Discretionary,Textiles
544060,RBZJEWEL,RBZ Jewellers Ltd,Active,T ,10,INE0PEQ01016,Gems- Jewellery And Watches,Equity,Consumer Discretionary,Consumer Durables
544061,AZAD,Azad Engineering Ltd,Active,A ,2,INE02IJ01035,Heavy Electrical Equipment,Equity,Industrials,Capital Goods
544066,SUNCLAY,Sundaram-Clayton Ltd,Active,B ,5,INE0Q3R01026,Auto Components & Equipments,Equity,Consumer Discretionary,Automobile and Auto Components
544067,INNOVACAP,Innova Captab Ltd,Active,B ,10,INE0DUT01020,Pharmaceuticals,Equity,Healthcare,Healthcare
544072,AIKPIPES,AIK Pipes and Polymers Ltd,Active,M ,10,INE0QFT01015,Plastic Products - Industrial,Equity,Industrials,Capital Goods
544073,MCPL,Manoj Ceramic Ltd,Active,M ,10,INE0A6N01026,Ceramics,Equity,Consumer Discretionary,Consumer Durables
544074,SBVCL,Shri Balaji Valve Components Ltd,Active,MT,10,INE0RNZ01014,Industrial Products,Equity,Industrials,Capital Goods
544079,DIGIDRIVE,Digidrive Distributors Ltd,Active,B ,10,INE0PSC01024,E-Retail/ E-Commerce,Equity,Consumer Discretionary,Consumer Services
544080,SHILINDORE,Sayaji Hotels (Indore) Ltd,Active,XT,10,INE0MGS01014,Hotels & Resorts,Equity,Consumer Discretionary,Consumer Services
544081,JYOTICNC,Jyoti CNC Automation Ltd,Active,A ,2,INE980O01024,Industrial Products,Equity,Industrials,Capital Goods
544082,SWANAGRO,New Swan Multitech Ltd,Active,M ,10,INE0GEN01012,Auto Components & Equipments,Equity,Consumer Discretionary,Automobile and Auto Components
544083,SHREE,Shree Marutinandan Tubes Ltd,Active,MT,10,INE0QIS01011,Iron & Steel Products,Equity,Industrials,Capital Goods
544088,MEDIASSIST,Medi Assist Healthcare Services Ltd,Active,B ,5,INE456Z01021,Insurance Distributors,Equity,Financial Services,Financial Services
544090,SHPLPUNE,Sayaji Hotels (Pune) Ltd,Active,X ,10,INE07G501017,Hotels & Resorts,Equity,Consumer Discretionary,Consumer Services
544091,QLL,Qualitek Labs Ltd,Active,M ,10,INE0Q1R01012,Consulting Services,Equity,Services,Services
544092,NIFTYBETF,Bajaj Finserv Nifty 50 ETF,Active,B ,10,INF0QA701722, ,Equity,-,-
544093,BANKBETF,Bajaj Finserv Nifty Bank ETF,Active,B ,10,INF0QA701714, ,Equity,-,-
544094,EUPHORIAIT,Euphoria Infotech (India) Ltd,Active,M ,10,INE0PYT01018,IT Enabled Services,Equity,Information Technology,Information Technology
544095,EPACK,EPACK Durable Ltd,Active,B ,10,INE0G5901015,Household Appliances,Equity,Consumer Discretionary,Consumer Durables
544100,NOVAAGRI,Nova Agritech Ltd,Active,B ,2,INE02H701025,Fertilizers,Equity,Commodities,Chemicals
544101,BRISK,Brisk Technovision Ltd,Active,M ,10,INE0Q6L01014,Computers Hardware & Equipments,Equity,Information Technology,Information Technology
544102,NIFITETF,UTI NIFTY IT ETF,Active,B ,10,INF789F1AZD8, ,Equity,-,-
544105,HARSHDEEP,Harshdeep Hortico Ltd,Active,M ,10,INE0OLZ01015,Other Agricultural Products,Equity,Fast Moving Consumer Goods,Fast Moving Consumer Goods
544106,MCFL,Mayank Cattle Food Ltd,Active,M ,10,INE0R5Z01015,Animal Feed,Equity,Fast Moving Consumer Goods,Fast Moving Consumer Goods
544107,BLSE,BLS E-Services Ltd,Active,B ,10,INE0NLT01010,IT Enabled Services,Equity,Information Technology,Information Technology
544108,GPSL,Gabriel Pet Straps Ltd,Active,M ,10,INE0QZF01012,Other Industrial Products,Equity,Industrials,Capital Goods
544109,HEALTHADD,DSP Nifty Healthcare ETF,Active,B ,10,INF740KA1UF4, ,Equity,-,-
544110,HDFCPSUBK,HDFC Nifty PSU Bank ETF,Active,B ,62.78,INF179KC1HW4, ,Equity,-,-
544111,PARKHOTELS,Apeejay Surrendra Park Hotels Ltd,Active,B ,1,INE988S01028,Hotels & Resorts,Equity,Consumer Discretionary,Consumer Services
544112,JGTL,Jasch Gauging Technologies Ltd,Active,X ,10,INE0QXV01014,Industrial Products,Equity,Industrials,Capital Goods
544117,SIGNPOST,Signpost India Ltd,Active,B ,2,INE0KGZ01021,Advertising & Media Agencies,Equity,Consumer Discretionary,"Media, Entertainment & Publication"
544118,JSFB,Jana Small Finance Bank Ltd,Active,B ,10,INE953L01027,Other Bank,Equity,Financial Services,Financial Services
544119,RPTECH,Rashi Peripherals Ltd,Active,B ,5,INE0J1F01024,Computers Hardware & Equipments,Equity,Information Technology,Information Technology
544120,CAPITALSFB,Capital Small Finance Bank Ltd,Active,B ,10,INE646H01017,Other Bank,Equity,Financial Services,Financial Services
544121,RUDRAGAS,Rudra Gas Enterprise Ltd,Active,MT,10,INE0OYK01010,Civil Construction,Equity,Industrials,Construction
544122,ENTERO,Entero Healthcare Solutions Ltd,Active,B ,10,INE010601016,Pharmacy Retail,Equity,Consumer Discretionary,Consumer Services
544123,LICNMID100,LIC MF Nifty Midcap 100 ETF,Active,B ,10,INF767K01RN1, ,Equity,-,-
544124,VSTL,Vibhor Steel Tubes Ltd,Active,B ,10,INE0QTF01015,Iron & Steel Products,Equity,Industrials,Capital Goods
544129,JUNIPER,Juniper Hotels Ltd,Active,A ,10,INE696F01016,Hotels & Resorts,Equity,Consumer Discretionary,Consumer Services
544130,SMALLCAP,Mirae Asset Nifty Smallcap 250 Momentum Quality 100 ETF,Active,B ,10,INF769K01LC3, ,Equity,-,-
544131,GPTHEALTH,GPT Healthcare Ltd,Active,B ,10,INE486R01017,Hospital,Equity,Healthcare,Healthcare
544133,EXICOM,Exicom Tele-Systems Ltd,Active,B ,10,INE777F01014,Heavy Electrical Equipment,Equity,Industrials,Capital Goods
544134,PLATIND,Platinum Industries Ltd,Active,B ,10,INE0PT501018,Specialty Chemicals,Equity,Commodities,Chemicals
544135,MUKKA,Mukka Proteins Ltd,Active,B ,1,INE0CG401037,Animal Feed,Equity,Fast Moving Consumer Goods,Fast Moving Consumer Goods
544136,RKSWAMY,R K Swamy Ltd,Active,B ,5,INE0NQ801033,Advertising & Media Agencies,Equity,Consumer Discretionary,"Media, Entertainment & Publication"
544138,JGCHEM,J.G.Chemicals Ltd,Active,B ,10,INE0MB501011,Commodity Chemicals,Equity,Commodities,Chemicals
544139,KOURA,Koura Fine Diamond Jewelry Ltd,Active,M ,10,INE0M8R01011,Gems- Jewellery And Watches,Equity,Consumer Discretionary,Consumer Durables
544140,GOPAL,Gopal Snacks Ltd,Active,B ,1,INE0L9R01028,Packaged Foods,Equity,Fast Moving Consumer Goods,Fast Moving Consumer Goods
544141,PESB,Pune E - Stock Broking Ltd,Active,M ,10,INE510U01018,Stockbroking & Allied,Equity,Financial Services,Financial Services
544142,SCILAL,Shipping Corporation of India Land and Assets Ltd,Active,B ,10,INE0PB301013,Investment Company,Equity,Financial Services,Financial Services
544143,ROYAL,Royal Sense Ltd,Active,M ,10,INE0QQG01019,Medical Equipment & Supplies,Equity,Healthcare,Healthcare
544144,PVSL,Popular Vehicles and Services Ltd,Active,B ,2,INE772T01024,Auto -Dealer,Equity,Consumer Discretionary,Automobile and Auto Components
544149,KRYSTAL,Krystal Integrated Services Ltd,Active,B ,10,INE0QN801017,Diversified Commercial Services,Equity,Services,Services
544150,KPGEL,KP Green Engineering Ltd,Active,M ,5,INE0QVH01025,Heavy Electrical Equipment,Equity,Industrials,Capital Goods
544151,CHATHA,Chatha Foods Ltd,Active,M ,10,INE0AH901011,Packaged Foods,Equity,Fast Moving Consumer Goods,Fast Moving Consumer Goods
544156,GCONNECT,Gconnect Logitech and Supply Chain Ltd,Active,MT,10,INE0QHY01011,Logistics Solution Provider,Equity,Services,Services
544157,VRUDDHI,Vruddhi Engineering Works Ltd,Active,MT,10,INE0OMZ01013,Industrial Products,Equity,Industrials,Capital Goods
544158,SRM,SRM Contractors Ltd,Active,B ,10,INE0R6Z01013,Civil Construction,Equity,Industrials,Construction
544160,JAYKAILASH,Jay Kailash Namkeen Ltd,Active,M ,10,INE0MSS01019,Packaged Foods,Equity,Fast Moving Consumer Goods,Fast Moving Consumer Goods
544161,DPABHUSHAN,D.P. Abhushan Ltd,Active,B ,10,INE266Y01019,Gems- Jewellery And Watches,Equity,Consumer Discretionary,Consumer Durables
544162,BHARTIHEXA,Bharti Hexacom Ltd,Active,B ,5,INE343G01021,Telecom - Cellular & Fixed line services,Equity,Telecommunication,Telecommunication
544163,GVL,Greenhitech Ventures Ltd,Active,MT,10,INE0S0701019,Lubricants,Equity,Energy,"Oil, Gas & Consumable Fuels"
544164,FAALCON,Faalcon Concepts Ltd,Active,M ,10,INE0Q9W01015,Industrial Products,Equity,Industrials,Capital Goods
544165,SHIVAM,Shivam Chemicals Ltd,Active,M ,10,INE0SGR01013,Animal Feed,Equity,Fast Moving Consumer Goods,Fast Moving Consumer Goods
544166,EMMFORCE,Emmforce Autotech Ltd,Active,MT,10,INE0SDC01012,Auto Components & Equipments,Equity,Consumer Discretionary,Automobile and Auto Components
544167,JNKINDIA,JNK India Ltd,Active,B ,2,INE0OAF01028,Industrial Products,Equity,Industrials,Capital Goods
544168,VARYAA,Varyaa Creations Ltd,Active,MT,10,INE0R6801013,Gems- Jewellery And Watches,Equity,Consumer Discretionary,Consumer Durables
544169,AMKAY,Amkay Products Ltd,Active,M ,10,INE0QSB01016,Medical Equipment & Supplies,Equity,Healthcare,Healthcare
544170,SAI,Sai Swami Metals and Alloys Ltd,Active,M ,10,INE0QXT01018,Household Appliances,Equity,Consumer Discretionary,Consumer Durables
544171,STAL,Storage Technologies and Automation Ltd,Active,MT,10,INE0RGM01016,Other Industrial Products,Equity,Industrials,Capital Goods
544172,INDGN,Indegene Ltd,Active,B ,2,INE065X01017,Healthcare Research- Analytics & Technology,Equity,Healthcare,Healthcare
544173,FTL,Finelistings Technologies Ltd,Active,MT,10,INE0QOQ01013,E-Retail/ E-Commerce,Equity,Consumer Discretionary,Consumer Services
544174,TBOTEK,TBO TEK Ltd,Active,B ,1,INE673O01025,"Tour, Travel Related Services",Equity,Consumer Discretionary,Consumer Services
544175,TGIF,TGIF Agribusiness Ltd,Active,M ,10,INE0SMU01015,Other Agricultural Products,Equity,Fast Moving Consumer Goods,Fast Moving Consumer Goods
544176,AADHARHFC,Aadhar Housing Finance Ltd,Active,B ,10,INE883F01010,Housing Finance Company,Equity,Financial Services,Financial Services
544177,AZTEC,Aztec Fluids & Machinery Ltd,Active,M ,10,INE0SCB01016,Computers Hardware & Equipments,Equity,Information Technology,Information Technology
544178,PIOTEX,Piotex Industries Ltd,Active,MT,10,INE0R4W01015,Other Textile Products,Equity,Consumer Discretionary,Textiles
544179,GODIGIT,Go Digit General Insurance Ltd,Active,B ,10,INE03JT01014,General Insurance,Equity,Financial Services,Financial Services
544180,MIDSMALL,Mirae Asset Nifty Midsmallcap400 Momentum Quality 100 ETF,Active,B ,10,INF769K01LJ8, ,Equity,-,-
544181,AWFIS,Awfis Space Solutions Ltd,Active,B ,10,INE108V01019,Diversified Commercial Services,Equity,Services,Services
544183,ASSOCIATED,Associated Coaters Ltd,Active,MT,10,INE0RIQ01013,Other Industrial Products,Equity,Industrials,Capital Goods
544184,BOROSCI,Borosil Scientific Ltd,Active,B ,1,INE02L001032,Glass - Industrial,Equity,Industrials,Capital Goods
544185,ADTECH,Adtech Systems Ltd,Active,X ,10,INE257C01014,Industrial Products,Equity,Industrials,Capital Goods
544186,TOTEM,Forbes Precision Tools and Machine Parts Ltd,Active,T ,10,INE0TT901016,Industrial Products,Equity,Industrials,Capital Goods
544187,KRONOX,Kronox Lab Sciences Ltd,Active,B ,10,INE0ATZ01017,Specialty Chemicals,Equity,Commodities,Chemicals
544188,MAGENTA,Magenta Lifecare Ltd,Active,MT,10,INE0QZ901011,Furniture- Home Furnishing,Equity,Consumer Discretionary,Consumer Durables
544189,SATTRIX,Sattrix Information Security Ltd,Active,MT,10,INE0QUV01010,IT Enabled Services,Equity,Information Technology,Information Technology
544190,3CIT,3C IT Solutions and Telecoms (India) Ltd,Active,MT,5,INE0R7D01018,IT Enabled Services,Equity,Information Technology,Information Technology
544191,PURPLEFIN,Purple Finance Ltd,Active,X ,10,INE0CYK01015,Non Banking Financial Company (NBFC),Equity,Financial Services,Financial Services
544192,IXIGO,Le Travenues Technology Ltd,Active,B ,1,INE0HV901016,"Tour, Travel Related Services",Equity,Consumer Discretionary,Consumer Services
544193,MID150CASE,ZERODHA NIFTY MIDCAP 150 ETF,Active,B ,10,INF0R8F01059, ,Equity,-,-
544194,TOP100CASE,ZERODHA NIFTY 100 ETF,Active,B ,10,INF0R8F01067, ,Equity,-,-
544195,COTFAB,United Cotfab Ltd,Active,MT,10,INE0S0I01011,Other Textile Products,Equity,Consumer Discretionary,Textiles
544196,BBNPNBETF,Baroda BNP Paribas Nifty Bank ETF,Active,B ,10,INF251K01TL6, ,Equity,-,-
544197,RETAIL,JHS Svendgaard Retail Ventures Ltd,Active,B ,10,INE03DD01011,Diversified Retail,Equity,Consumer Discretionary,Consumer Services
544198,DEEDEV,Dee Development Engineers Ltd,Active,B ,10,INE841L01016,Industrial Products,Equity,Industrials,Capital Goods
544199,GEMENVIRO,GEM Enviro Management Ltd,Active,MT,5,INE0RUJ01013,Waste Management,Equity,Utilities,Utilities
544200,AFIL,Akme Fintrade (India) Ltd,Active,B ,1,INE916Y01027,Non Banking Financial Company (NBFC),Equity,Financial Services,Financial Services
544201,DFPL,Dindigul Farm Product Ltd,Active,MT,10,INE0S6R01027,Dairy Products,Equity,Fast Moving Consumer Goods,Fast Moving Consumer Goods
544202,STANLEY,Stanley Lifestyles Ltd,Active,B ,2,INE01A001028,Furniture- Home Furnishing,Equity,Consumer Discretionary,Consumer Durables
544203,ABDL,Allied Blenders and Distillers Ltd,Active,B ,2,INE552Z01027,Breweries & Distilleries,Equity,Fast Moving Consumer Goods,Fast Moving Consumer Goods
544204,VRAJ,Vraj Iron And Steel Ltd,Active,B ,10,INE0S2V01010,Sponge Iron,Equity,Commodities,Metals & Mining
544205,NPL,National Peroxide Ltd,Active,X ,10,INE0PO601011,Commodity Chemicals,Equity,Commodities,Chemicals
544207,RELIABLE,Reliable Data Services Ltd,Active,B ,10,INE375Y01018,Other Financial Services,Equity,Financial Services,Financial Services
544209,BANSALWIRE,Bansal Wire Industries Ltd,Active,B ,5,INE0B9K01025,Iron & Steel Products,Equity,Industrials,Capital Goods
544210,EMCURE,Emcure Pharmaceuticals Ltd,Active,B ,10,INE168P01015,Pharmaceuticals,Equity,Healthcare,Healthcare
544212,EVINDIA,Mirae Asset Nifty EV and New Age Automotive ETF,Active,B ,10,INF769K01LQ3, ,Equity,-,-
544213,ACLD,Aelea Commodities Ltd,Active,M ,10,INE0T3401029,Other Agricultural Products,Equity,Fast Moving Consumer Goods,Fast Moving Consumer Goods
544214,THREEMPAPE,Three M Paper Boards Ltd,Active,MT,10,INE0UK501010,Paper & Paper Products,Equity,Commodities,Forest Materials
544215,SBINEQWETF,SBI NIFTY50 EQUAL WEIGHT ETF,Active,B ,10,INF200KB1282, ,Equity,-,-
544216,OILIETF,ICICI Prudential Nifty Oil & Gas ETF,Active,B ,10,INF109KC18W3, ,Equity,-,-
544217,SANSTAR,Sanstar Ltd,Active,B ,2,INE08NE01025,Other Agricultural Products,Equity,Fast Moving Consumer Goods,Fast Moving Consumer Goods
544218,ABSLPSE,Aditya Birla Sun Life Nifty PSE ETF,Active,B ,1,INF209KB19Z4, ,Equity,-,-
544219,VVIPIL,VVIP Infratech Ltd,Active,MT,10,INE0MNP01016,Waste Management,Equity,Utilities,Utilities
544220,CTLLAB,Clinitech Laboratory Ltd,Active,MT,10,INE0QMR01015,Healthcare Service Provider,Equity,Healthcare,Healthcare
544221,KIZI,Kizi Apparels Ltd,Active,M ,10,INE0RMR01013,Garments & Apparels,Equity,Consumer Discretionary,Textiles
544222,AKUMS,Akums Drugs and Pharmaceuticals Ltd,Active,B ,2,INE09XN01023,Pharmaceuticals,Equity,Healthcare,Healthcare
544223,CEIGALL,Ceigall India Ltd,Active,B ,5,INE0AG901020,Civil Construction,Equity,Industrials,Construction
544224,AFCOM,Afcom Holdings Ltd,Active,M ,10,INE0OXY01013,Logistics Solution Provider,Equity,Services,Services
544225,OLAELEC,Ola Electric Mobility Ltd,Active,B ,10,INE0LXG01040,2/3 Wheelers,Equity,Consumer Discretionary,Automobile and Auto Components
544226,FIRSTCRY,Brainbees Solutions Ltd,Active,B ,2,INE02RE01045,E-Retail/ E-Commerce,Equity,Consumer Discretionary,Consumer Services
544227,UNIECOM,Unicommerce Esolutions Ltd,Active,B ,1,INE00U401027,Software Products,Equity,Information Technology,Information Technology
544229,METALIETF,ICICI Prudential Nifty Metal ETF,Active,B ,10,INF109KC19W1, ,Equity,-,-
544230,SSDL,Saraswati Saree Depot Ltd,Active,B ,10,INE0PQ101010,Garments & Apparels,Equity,Consumer Discretionary,Textiles
544231,BROACH,Broach Lifecare Hospital Ltd,Active,M ,10,INE0SFZ01018,Hospital,Equity,Healthcare,Healthcare
544232,INTERARCH,Interarch Building Products Ltd,Active,B ,10,INE00M901018,Civil Construction,Equity,Industrials,Construction
544233,MFML,Mahalaxmi Fabric Mills Ltd,Active,T ,10,INE0US801024,Other Textile Products,Equity,Consumer Discretionary,Textiles
544234,GLOBALE,Globale Tessile Ltd,Active,T ,10,INE0URU01010,Trading - Textile Products,Equity,Consumer Discretionary,Textiles
544235,ORIENTTECH,Orient Technologies Ltd,Active,B ,10,INE0PPK01015,IT Enabled Services,Equity,Information Technology,Information Technology
544236,RAL,Resourceful Automobile Ltd,Active,MT,10,INE0SK201011,Auto -Dealer,Equity,Consumer Discretionary,Automobile and Auto Components
544237,RAPID,Rapid Multimodal logistics Ltd,Active,M ,10,INE0QA901010,Logistics Solution Provider,Equity,Services,Services
544238,PREMIERENE,Premier Energies Ltd,Active,B ,1,INE0BS701011,Other Electrical Equipment,Equity,Industrials,Capital Goods
544239,ECOSMOBLTY,ECOS (India) Mobility & Hospitality Ltd,Active,B ,2,INE06HJ01020,Road Transport,Equity,Services,Services
544240,RAYMONDLSL,Raymond Lifestyle Ltd,Active,B ,2,INE02ID01020,Other Textile Products,Equity,Consumer Discretionary,Textiles
544241,MULTICAP,Mirae Asset Nifty500 Multicap 50:25:25 ETF,Active,B ,10,INF769K01LX9, ,Equity,-,-
544242,TRAVELS,Travels & Rentals Ltd,Active,MT,10,INE0SG001011,"Tour, Travel Related Services",Equity,Consumer Discretionary,Consumer Services
544243,STYLEBAAZA,Baazar Style Retail Ltd,Active,B ,5,INE01FR01028,Speciality Retail,Equity,Consumer Discretionary,Consumer Services
544244,GALAPREC,Gala Precision Engineering Ltd,Active,B ,10,INE0RE001014,Industrial Products,Equity,Industrials,Capital Goods
544245,NHL,Naturewings Holidays Ltd,Active,MT,10,INE0N4701016,"Tour, Travel Related Services",Equity,Consumer Discretionary,Consumer Services
544246,RVTH,Revathi Equipment India Ltd,Active,T ,10,INE0DAB01012,Industrial Products,Equity,Industrials,Capital Goods
544247,TOP10ADD,DSP Nifty Top 10 Equal Weight ETF,Active,B ,10,INF740KA1UR9, ,Equity,-,-
544248,MCEL,Mach Conferences And Events Ltd,Active,M ,10,INE0UYT01018,Other Consumer Services,Equity,Consumer Discretionary,Consumer Services
544249,BALAJEE,Shree Tirupati Balajee Agro Trading Company Ltd,Active,B ,10,INE0S2G01011,Packaging,Equity,Industrials,Capital Goods
544250,SANOFICONR,Sanofi Consumer Healthcare India Ltd,Active,B ,10,INE0UOS01011,Pharmaceuticals,Equity,Healthcare,Healthcare
544251,SSL,Share Samadhan Ltd,Active,M ,10,INE0LY301010,Other Financial Services,Equity,Financial Services,Financial Services
544252,BAJAJHFL,Bajaj Housing Finance Ltd,Active,B ,10,INE377Y01014,Housing Finance Company,Equity,Financial Services,Financial Services
544253,KROSS,Kross Ltd,Active,B ,5,INE0O6601022,Auto Components & Equipments,Equity,Consumer Discretionary,Automobile and Auto Components
544254,TOLINS,Tolins Tyres Ltd,Active,T ,5,INE0RWQ01014,Tyres & Rubber Products,Equity,Consumer Discretionary,Automobile and Auto Components
544256,PNGJL,P N Gadgil Jewellers Ltd,Active,B ,10,INE953R01016,Gems- Jewellery And Watches,Equity,Consumer Discretionary,Consumer Durables
544257,SAFE,Sodhani Academy of Fintech Enablers Ltd,Active,MT,10,INE0Q3401017,E-Learning,Equity,Consumer Discretionary,Consumer Services
544258,WCIL,Western Carriers (India) Ltd,Active,B ,5,INE0CJF01024,Logistics Solution Provider,Equity,Services,Services
544259,PFL,Popular Foundations Ltd,Active,M ,10,INE0PZB01013,Civil Construction,Equity,Industrials,Construction
544260,NORTHARC,Northern Arc Capital Ltd,Active,B ,10,INE850M01015,Non Banking Financial Company (NBFC),Equity,Financial Services,Financial Services
544261,ARKADE,Arkade Developers Ltd,Active,B ,10,INE0QRL01017,Residential- Commercial Projects,Equity,Consumer Discretionary,Realty
544262,MANBA,Manba Finance Ltd,Active,B ,10,INE939X01013,Non Banking Financial Company (NBFC),Equity,Financial Services,Financial Services
544263,KRN,KRN Heat Exchanger And Refrigeration Ltd,Active,B ,10,INE0Q3J01015,Other Industrial Products,Equity,Industrials,Capital Goods
544264,DIFFNKG,Diffusion Engineers Ltd,Active,T ,10,INE184O01015,Other Industrial Products,Equity,Industrials,Capital Goods
544265,NEXXUS,Nexxus Petro Industries Ltd,Active,M ,10,INE0QUL01011,Petrochemicals,Equity,Commodities,Chemicals
544266,BANKPSU,Mirae Asset Nifty PSU Bank ETF,Active,B ,10,INF769K01LZ4, ,Equity,-,-
544267,SUBAM,Subam Papers Ltd,Active,M ,10,INE0U6201010,Packaging,Equity,Industrials,Capital Goods
544268,METAL,Mirae Asset Nifty Metal ETF,Active,B ,10,INF769K01LY7, ,Equity,-,-
544269,NPFL,Neopolitan Pizza And Foods Ltd,Active,M ,10,INE471R01019,Other Agricultural Products,Equity,Fast Moving Consumer Goods,Fast Moving Consumer Goods
544270,KGVL,Khyati Global Ventures Ltd,Active,M ,10,INE0S9501014,Trading & Distributors,Equity,Services,Services
544271,GARUDA,Garuda Construction and Engineering Ltd,Active,B ,5,INE0JVO01026,Civil Construction,Equity,Industrials,Construction
544272,SHIVTEXCHEM,Shiv Texchem Ltd,Active,M ,10,INE0YRO01015,Trading - Chemicals,Equity,Commodities,Chemicals
544273,MGEL,Mangalam Global Enterprise Ltd,Active,B ,1,INE0APB01032,Other Agricultural Products,Equity,Fast Moving Consumer Goods,Fast Moving Consumer Goods
544274,HYUNDAI,Hyundai Motor India Ltd,Active,A ,10,INE0V6F01027,Passenger Cars & Utility Vehicles,Equity,Consumer Discretionary,Automobile and Auto Components
544275,VAL30IETF,ICICI Prudential Nifty200 Value 30 ETF,Active,B ,10,INF109KC16X5, ,Equity,-,-
544276,DBEIL,Deepak Builders and Engineers India Ltd,Active,B ,10,INE0OPA01019,Civil Construction,Equity,Industrials,Construction
544277,WAAREEENER,Waaree Energies Ltd,Active,B ,10,INE377N01017,Other Electrical Equipment,Equity,Industrials,Capital Goods
544278,OCCLLTD,OCCL Ltd,Active,B ,2,INE0PK601023,Commodity Chemicals,Equity,Commodities,Chemicals
544279,GODAVARIB,Godavari Biorefineries Ltd,Active,T ,10,INE497S01012,Diversified FMCG,Equity,Fast Moving Consumer Goods,Fast Moving Consumer Goods
544280,AFCONS,Afcons Infrastructure Ltd,Active,B ,10,INE101I01011,Civil Construction,Equity,Industrials,Construction
544281,ABINFRA,A B Infrabuild Ltd,Active,B ,10,INE00YB01017,Civil Construction,Equity,Industrials,Construction
544282,SAGILITY,Sagility India Ltd,Active,B ,10,INE0W2G01015,IT Enabled Services,Equity,Information Technology,Information Technology
544283,ACMESOLAR,ACME Solar Holdings Ltd,Active,B ,2,INE622W01025,Power Generation,Equity,Utilities,Power
544285,SWIGGY,Swiggy Ltd,Active,B ,1,INE00H001014,E-Retail/ E-Commerce,Equity,Consumer Discretionary,Consumer Services
544286,NIVABUPA,Niva Bupa Health Insurance Company Ltd,Active,B ,10,INE995S01015,General Insurance,Equity,Financial Services,Financial Services
544287,MANGALCOMP,Mangal Compusolution Ltd,Active,M ,10,INE0RU901015,Diversified Commercial Services,Equity,Services,Services
544288,BLACKBUCK,Zinka Logistics Solutions Ltd,Active,B ,1,INE0UIZ01018,Transport Related Services,Equity,Services,Services
544289,NTPCGREEN,NTPC Green Energy Ltd,Active,B ,10,INE0ONG01011,Power Generation,Equity,Utilities,Power
544290,EIEL,Enviro Infra Engineers Ltd,Active,B ,10,INE0LLY01014,Water Supply & Management,Equity,Utilities,Utilities
544291,RAJESH,Rajesh Power Services Ltd,Active,M ,10,INE0VN801010,Multi Utilities,Equity,Utilities,Utilities
544292,ONESOURCE,Onesource Specialty Pharma Ltd,Active,B ,1,INE013P01021,Pharmaceuticals,Equity,Healthcare,Healthcare
544293,SURAKSHA,Suraksha Diagnostic Ltd,Active,B ,2,INE877V01027,Healthcare Service Provider,Equity,Healthcare,Healthcare
544294,ROSSTECH,Rossell Techsys Ltd,Active,T ,2,INE0OJW01016,Aerospace & Defense,Equity,Industrials,Capital Goods
544296,NISUS,Nisus Finance Services Co Ltd,Active,M ,10,INE0DQN01013,Holding Company,Equity,Financial Services,Financial Services
544301,ODIGMA,Odigma Consultancy Solutions Ltd,Active,T ,1,INE054301028,IT Enabled Services,Equity,Information Technology,Information Technology
544302,INNOVANA,Innovana Thinklabs Ltd,Active,B ,10,INE403Y01018,Computers - Software & Consulting,Equity,Information Technology,Information Technology
544303,TTC,Toss The Coin Ltd,Active,MT,10,INE0XAY01012,Advertising & Media Agencies,Equity,Consumer Discretionary,"Media, Entertainment & Publication"
544304,JUNGLECAMP,Jungle Camps India Ltd,Active,MT,10,INE0WCH01015,Hotels & Resorts,Equity,Consumer Discretionary,Consumer Services
544305,MOBIKWIK,One Mobikwik Systems Ltd,Active,B ,2,INE0HLU01028,Financial Technology (Fintech),Equity,Financial Services,Financial Services
544306,SAILIFE,Sai Life Sciences Ltd,Active,B ,1,INE570L01029,Pharmaceuticals,Equity,Healthcare,Healthcare
544307,VMM,Vishal Mega Mart Ltd,Active,B ,10,INE01EA01019,Diversified Retail,Equity,Consumer Discretionary,Consumer Services
544308,HILLTONE,Hilltone Software and Gases Ltd,Active,XT,10,INE168C01013,Industrial Gases,Equity,Commodities,Chemicals
544309,IKS,Inventurus Knowledge Solutions Ltd,Active,B ,1,INE115Q01022,IT Enabled Services,Equity,Information Technology,Information Technology
544310,YASHHV,Yash Highvoltage Ltd,Active,MT,5,INE00GK01023,Other Electrical Equipment,Equity,Industrials,Capital Goods
544311,IGIL,International Gemmological Institute India Ltd,Active,B ,2,INE0Q9301021,Diversified Commercial Services,Equity,Services,Services
544312,HAMPS,Hamps Bio Ltd,Active,MT,10,INE0QBD01018,Other Agricultural Products,Equity,Fast Moving Consumer Goods,Fast Moving Consumer Goods
544313,NACDAC,NACDAC Infrastructure Ltd,Active,MT,10,INE0LB101011,Civil Construction,Equity,Industrials,Construction
544314,SANATHAN,Sanathan Textiles Ltd,Active,B ,10,INE0JPD01013,Other Textile Products,Equity,Consumer Discretionary,Textiles
544315,CEWATER,Concord Enviro Systems Ltd,Active,B ,5,INE037Z01029,Waste Management,Equity,Utilities,Utilities
544316,DAMCAPITAL,DAM Capital Advisors Ltd,Active,B ,2,INE284H01025,Stockbroking & Allied,Equity,Financial Services,Financial Services
544317,TRANSRAILL,Transrail Lighting Ltd,Active,B ,2,INE454P01035,Heavy Electrical Equipment,Equity,Industrials,Capital Goods
544318,MAMATA,Mamata Machinery Ltd,Active,B ,10,INE0TO701015,Industrial Products,Equity,Industrials,Capital Goods
544319,SENORES,Senores Pharmaceuticals Ltd,Active,B ,10,INE0RB801010,Pharmaceuticals,Equity,Healthcare,Healthcare
544320,CARRARO,Carraro India Ltd,Active,B ,10,INE0V7W01012,Auto Components & Equipments,Equity,Consumer Discretionary,Automobile and Auto Components
544321,VENTIVE,Ventive Hospitality Ltd,Active,B ,1,INE781S01027,Hotels & Resorts,Equity,Consumer Discretionary,Consumer Services
544322,UNIMECH,Unimech Aerospace and Manufacturing Ltd,Active,B ,5,INE0U3I01011,Aerospace & Defense,Equity,Industrials,Capital Goods
544323,CONSUMER,Mirae Asset Nifty India New Age Consumption ETF,Active,B ,10,INF769K01NS5, ,Equity,-,-
544324,CITICHEM,Citichem India Ltd,Active,MT,10,INE0A8401016,Trading - Chemicals,Equity,Commodities,Chemicals
544325,ITCHOTELS,ITC Hotels Ltd,Active,B ,1,INE379A01028,Hotels & Resorts,Equity,Consumer Discretionary,Consumer Services
544326,ECAPINSURE,Edelweiss BSE Capital Markets & Insurance ETF,Active,B ,10,INF754K01TX4, ,Equity,-,-
544327,TECHNICHEM,Technichem Organics Ltd,Active,MT,10,INE0ZHT01012,Specialty Chemicals,Equity,Commodities,Chemicals
544328,INDOFARM,Indo Farm Equipment Ltd,Active,T ,10,INE622H01018,Tractors,Equity,Industrials,Capital Goods
544329,VANDU,Leo Dryfruits & Spices Trading Ltd,Active,M ,10,INE0RH001011,Other Food Products,Equity,Fast Moving Consumer Goods,Fast Moving Consumer Goods
544330,PARMESHWAR,Parmeshwar Metal Ltd,Active,M ,10,INE0QQJ01021,Aluminium- Copper & Zinc Products,Equity,Industrials,Capital Goods
544331,DAVIN,Davin Sons Retail Ltd,Active,MT,10,INE0Q2L01013,Garments & Apparels,Equity,Consumer Discretionary,Textiles
544332,FABCLEAN,Fabtech Technologies Cleanrooms Ltd,Active,MT,10,INE0HSD01011,Industrial Products,Equity,Industrials,Capital Goods
544333,SGLTL,Standard Glass Lining Technology Ltd,Active,B ,10,INE0M4D01010,Industrial Products,Equity,Industrials,Capital Goods
544334,INDOBELL,Indobell Insulations Ltd,Active,MT,10,INE0FK501019,Other Industrial Products,Equity,Industrials,Capital Goods
544335,BRGIL,B.R.Goyal Infrastructure Ltd,Active,M ,10,INE00ST01011,Civil Construction,Equity,Industrials,Construction
544336,QUADFUTURE,Quadrant Future Tek Ltd,Active,B ,10,INE0LRY01011,Cables - Electricals,Equity,Industrials,Capital Goods
544337,AVAX,Avax Apparels and Ornaments Ltd,Active,MT,10,INE0NQ401016,Other Textile Products,Equity,Consumer Discretionary,Textiles
544339,LAXMIDENTL,Laxmi Dental Ltd,Active,B ,2,INE0WO601020,Medical Equipment & Supplies,Equity,Healthcare,Healthcare
544340,RIKHAV,Rikhav Securities Ltd,Active,MT,5,INE0CFH01028,Stockbroking & Allied,Equity,Financial Services,Financial Services
544341,LICL,Landmark Immigration Consultants Ltd,Active,M ,10,INE12QA01010,"Tour, Travel Related Services",Equity,Consumer Discretionary,Consumer Services
544342,STALLION,Stallion India Fluorochemicals Ltd,Active,T ,10,INE0RYC01010,Industrial Gases,Equity,Commodities,Chemicals
544343,CNINFOTECH,Capitalnumbers Infotech Ltd,Active,M ,10,INE0WXM01011,Computers - Software & Consulting,Equity,Information Technology,Information Technology
544344,SHRIPISTON,Shriram Pistons & Rings Ltd,Active,B ,10,INE526E01018,Auto Components & Equipments,Equity,Consumer Discretionary,Automobile and Auto Components
544345,DENTA,Denta Water and Infra Solutions Ltd,Active,B ,10,INE0R4L01018,Water Supply & Management,Equity,Utilities,Utilities
544346,RRECL,RDB Real Estate Constructions Ltd,Active,T ,10,INE0AK901016,Residential- Commercial Projects,Equity,Consumer Discretionary,Realty
544347,CLN,CLN Energy Ltd,Active,MT,10,INE0WDX01010,Auto Components & Equipments,Equity,Consumer Discretionary,Automobile and Auto Components
544348,GBLOGISTIC,GB Logistics Commerce Ltd,Active,MT,10,INE0RWU01016,Logistics Solution Provider,Equity,Services,Services
544349,HMEML,H.M. Electro Mech Ltd,Active,M ,10,INE0DZD01015,Civil Construction,Equity,Industrials,Construction
544350,AGARWALEYE,Dr. Agarwals Health Care Ltd,Active,B ,1,INE943P01029,Hospital,Equity,Healthcare,Healthcare
544351,MALPANI,Malpani Pipes And Fittings Ltd,Active,M ,10,INE0YON01014,Plastic Products - Industrial,Equity,Industrials,Capital Goods
544352,NEXT30ADD,DSP BSE Sensex Next 30 ETF,Active,B ,10,INF740KA1VE5, ,Equity,-,-
544353,AMWILL,Amwill Health Care Ltd,Active,M ,10,INE0U2L01017,Pharmaceuticals,Equity,Healthcare,Healthcare
544354,SOLARIUM,Solarium Green Energy Ltd,Active,M ,10,INE0W0H01017,Civil Construction,Equity,Industrials,Construction
544355,JUBLCPL,Jubilant Agri and Consumer Products Ltd,Active,B ,10,INE03CC01015,Specialty Chemicals,Equity,Commodities,Chemicals
544356,AJAXENGG,AJAX Engineering Ltd,Active,B ,1,INE274Y01021,Construction Vehicles,Equity,Industrials,Capital Goods
544361,COVANCE,Covance Softsol Ltd,Active,T ,10,INE0R8101016,Computers - Software & Consulting,Equity,Information Technology,Information Technology
544362,HEXT,Hexaware Technologies Ltd,Active,B ,1,INE093A01041,Computers - Software & Consulting,Equity,Information Technology,Information Technology
544364,BAJAJINDEF,Indef Manufacturing Ltd,Active,B ,1,INE0O9T01021,Industrial Products,Equity,Industrials,Capital Goods
544365,SHANMUGA,Shanmuga Hospital Ltd,Active,M ,10,INE0TD301017,Hospital,Equity,Healthcare,Healthcare
544366,LKMEHTA,L.K.Mehta Polymers Ltd,Active,M ,10,INE0FFF01017,Plastic Products - Industrial,Equity,Industrials,Capital Goods
544367,QPOWER,Quality Power Electrical Equipments Ltd,Active,B ,10,INE0SII01026,Heavy Electrical Equipment,Equity,Industrials,Capital Goods
544368,SWASTH,Swasth Foodtech India Ltd,Active,MT,10,INE0TIR01017,Other Agricultural Products,Equity,Fast Moving Consumer Goods,Fast Moving Consumer Goods
544369,BEEZAASAN,Beezaasan Explotech Ltd,Active,MT,10,INE13VU01016,Explosives,Equity,Commodities,Chemicals
544370,NUKLEUS,Nukleus Office Solutions Ltd,Active,M ,10,INE0VYX01018,Diversified Commercial Services,Equity,Services,Services
544371,VIKRAMAR,Vikram Aroma Ltd,Active,T ,10,INE0NR501012,Specialty Chemicals,Equity,Commodities,Chemicals
544372,SHREENATH,Shreenath Paper Products Ltd,Active,MT,10,INE0RXS01018,Trading & Distributors,Equity,Services,Services
544373,NAPSGLOBAL,NAPS Global India Ltd,Active,MT,10,INE0VNH01014,Other Textile Products,Equity,Consumer Discretionary,Textiles
544376,SELECTIPO,Mirae Asset BSE Select IPO ETF,Active,B ,10,INF769K01ON4, ,Equity,-,-
544377,EQUAL200,Mirae Asset BSE 200 Equal Weight ETF,Active,B ,10,INF769K01OA1, ,Equity,-,-
544378,PSPL,PDP Shipping & Projects Ltd,Active,M ,10,INE0ABU01016,Logistics Solution Provider,Equity,Services,Services
544379,PRABHA,Prabha Energy Ltd,Active,B ,1,INE0I0M01023,Oil Exploration & Production,Equity,Energy,"Oil, Gas & Consumable Fuels"
544381,SUPERIRON,Super Iron Foundry Ltd,Active,MT,10,INE16IQ01014,Castings & Forgings,Equity,Industrials,Capital Goods
544382,AXISVALUE,Axis Nifty500 Value 50 ETF,Active,B ,10,INF846KA1119, ,Equity,-,-
544383,PPARIVAH,Paradeep Parivahan Ltd,Active,M ,10,INE0SMW01011,Logistics Solution Provider,Equity,Services,Services
544385,SBIBPB,SBI BSE PSU BANK ETF,Active,B ,10,INF200KB1712, ,Equity,-,-
544386,SPECTRUM,Spectrum Electrical Industries Ltd,Active,B ,10,INE01EO01010,Industrial Products,Equity,Industrials,Capital Goods
544387,DESCO,Desco Infratech Ltd,Active,MT,10,INE0TGG01014,Civil Construction,Equity,Industrials,Construction
544388,IDENTIXWEB,Identixweb Ltd,Active,M ,10,INE0PA401012,Computers - Software & Consulting,Equity,Information Technology,Information Technology
544391,RETAGGIO,Retaggio Industries Ltd,Active,M ,10,INE0KWJ01014,Gems- Jewellery And Watches,Equity,Consumer Discretionary,Consumer Durables
544392,SPINAROO,Spinaroo Commercial Ltd,Active,M ,10,INE10XX01012,Paper & Paper Products,Equity,Commodities,Forest Materials
544393,INFONATIVE,Infonative Solutions Ltd,Active,MT,1,INE12IB01015,IT Enabled Services,Equity,Information Technology,Information Technology
544394,EVIETF,ICICI Prudential Nifty EV & New Age Automotive ETF,Active,B ,10,INF109K1A153, ,Equity,-,-
544396,NPST,Network People Services Technologies Ltd,Active,B ,10,INE0FFK01017,IT Enabled Services,Equity,Information Technology,Information Technology
544397,ATHERENERG,Ather Energy Ltd,Active,B ,1,INE0LEZ01016,2/3 Wheelers,Equity,Consumer Discretionary,Automobile and Auto Components
544398,KENRIK,Kenrik Industries Ltd,Active,MT,10,INE0AOG01018,Gems- Jewellery And Watches,Equity,Consumer Discretionary,Consumer Durables
544399,SRIGEE,Srigee Dlm Ltd,Active,MT,10,INE0RJ901010,Industrial Products,Equity,Industrials,Capital Goods
544400,MANOJJEWEL,Manoj Jewellers Ltd,Active,MT,10,INE0MV001018,Gems- Jewellery And Watches,Equity,Consumer Discretionary,Consumer Durables
555555,SENSEXIETF,ICICI Prudential BSE Sensex ETF,Active,A ,10,INF346A01034,Mutual Fund Scheme - ETF,Equity,Financial Services,Financial Services
570002,FELDVR,Future Enterprises Ltd_DVR,Active,Z ,2,IN9623B01058,Diversified Retail,Equity,Consumer Discretionary,Consumer Services
570004,JISLDVREQS,Jain Irrigation Systems Ltd_DVR,Active,B ,2,IN9175A01010,Plastic Products - Industrial,Equity,Industrials,Capital Goods
570005,GATECHDVR,GACM Technologies Ltd,Active,B ,1,INE224E01036,Other Financial Services,Equity,Financial Services,Financial Services
590003,KARURVYSYA,Karur Vysya Bank Ltd,Active,B ,2,INE036D01028,Private Sector Bank,Equity,Financial Services,Financial Services
590005,VEEDOL,Veedol Corporation Ltd,Active,B ,2,INE484C01030,Lubricants,Equity,Energy,"Oil, Gas & Consumable Fuels"
590006,AMRUTANJAN,Amrutanjan Health Care Ltd,Active,B ,1,INE098F01031,Pharmaceuticals,Equity,Healthcare,Healthcare
590013,XPROINDIA,Xpro India Ltd,Active,B ,10,INE445C01015,Packaging,Equity,Industrials,Capital Goods
590018,HISARMETAL,Hisar Metal Industries Ltd,Active,B ,10,INE598C01011,Iron & Steel Products,Equity,Industrials,Capital Goods
590021,BHARATRAS,Bharat Rasayan Ltd,Active,B ,10,INE838B01013,Pesticides & Agrochemicals,Equity,Commodities,Chemicals
590024,FACT,Fertilizers and Chemicals Travancore Ltd,Active,B ,10,INE188A01015,Fertilizers,Equity,Commodities,Chemicals
590025,GINNIFILA,Ginni Filaments Ltd,Active,B ,10,INE424C01010,Other Textile Products,Equity,Consumer Discretionary,Textiles
590030,SPIC,Southern Petrochemicals Industries Corporation Ltd,Active,B ,10,INE147A01011,Fertilizers,Equity,Commodities,Chemicals
590031,DENORA,De Nora India Ltd,Active,B ,10,INE244A01016,Electrodes & Refractories,Equity,Industrials,Capital Goods
590041,KAVVERITEL,Kavveri Telecom Products Ltd,Active,T ,10,INE641C01019,Telecom -  Equipment & Accessories,Equity,Telecommunication,Telecommunication
590051,SAKSOFT,Saksoft Ltd,Active,B ,1,INE667G01023,Computers - Software & Consulting,Equity,Information Technology,Information Technology
590056,SALONA,Salona Cotspin Ltd,Active,B ,10,INE498E01010,Other Textile Products,Equity,Consumer Discretionary,Textiles
590057,EQUIPPP,Equippp Social Impact Technologies Ltd,Active,T ,1,INE217G01035,Computers - Software & Consulting,Equity,Information Technology,Information Technology
590062,ANDHRSUGAR,Andhra Sugars Ltd,Active,B ,2,INE715B01021,Commodity Chemicals,Equity,Commodities,Chemicals
590065,IMPAL,India Motor Parts & Accessories Ltd,Active,B ,10,INE547E01014,Trading - Auto Components,Equity,Consumer Discretionary,Automobile and Auto Components
590066,KCP,KCP Ltd,Active,B ,1,INE805C01028,Cement & Cement Products,Equity,Commodities,Construction Materials
590068,KHAITANLTD,Khaitan (India) Ltd,Active,B ,10,INE731C01018,Consumer Electronics,Equity,Consumer Discretionary,Consumer Durables
590070,RADAAN,Radaan Mediaworks India Ltd,Active,T ,2,INE874F01027,Media & Entertainment,Equity,Consumer Discretionary,"Media, Entertainment & Publication"
590071,SUNDARMFIN,Sundaram Finance Ltd,Active,B ,10,INE660A01013,Non Banking Financial Company (NBFC),Equity,Financial Services,Financial Services
590072,SUNDRMBRAK,Sundaram Brake Linings Ltd,Active,B ,10,INE073D01013,Auto Components & Equipments,Equity,Consumer Discretionary,Automobile and Auto Components
590073,WHEELS,Wheels India Ltd,Active,B ,10,INE715A01015,Auto Components & Equipments,Equity,Consumer Discretionary,Automobile and Auto Components
590075,LAMBODHARA,Lambodhara Textile Ltd,Active,B ,5,INE112F01022,Other Textile Products,Equity,Consumer Discretionary,Textiles
590078,MAITHANALL,Maithan Alloys Ltd,Active,B ,10,INE683C01011,Ferro & Silica Manganese,Equity,Commodities,Metals & Mining
590086,ORISSAMINE,Orissa Minerals Development Company Ltd,Active,B ,1,INE725E01024,Industrial Minerals,Equity,Commodities,Metals & Mining
590103,NIFTYBEES,Nippon India ETF Nifty 50 BeES,Active,B ,1,INF204KB14I2,Mutual Fund Scheme - ETF,Equity,Financial Services,Financial Services
590104,JUNIORBEES,Nippon India ETF Nifty Next 50 Junior BeES,Active,B ,1.25,INF732E01045,Mutual Fund Scheme - ETF,Equity,Financial Services,Financial Services
590106,BANKBEES,Nippon India ETF Nifty Bank BeES,Active,B ,1,INF204KB15I9,Mutual Fund Scheme - ETF,Equity,Financial Services,Financial Services
590107,PSUBANK,Kotak Nifty PSU Bank ETF,Active,B ,10,INF373I01023,Mutual Fund Scheme - ETF,Equity,Financial Services,Financial Services
590108,PSUBNKBEES,Nippon India ETF Nifty PSU Bank BeES,Active,B ,1,INF204KB16I7,Mutual Fund Scheme - ETF,Equity,Financial Services,Financial Services
590109,SHARIABEES,Nippon India ETF Nifty 50 Shariah BeES,Active,B ,10,INF732E01128,Mutual Fund Scheme - ETF,Equity,Financial Services,Financial Services
590110,QNIFTY,Quantum Nifty 50 ETF,Active,B ,10,INF082J01028,Mutual Fund Scheme - ETF,Equity,Financial Services,Financial Services
590115,MOM50,Motilal Oswal MOSt Shares M50 ETF,Active,B ,7,INF247L01536,Mutual Fund Scheme - ETF,Equity,Financial Services,Financial Services
590134,MADRASFERT,Madras Fertilizers Ltd,Active,B ,10,INE414A01015,Fertilizers,Equity,Commodities,Chemicals
590136,BANKNIFTY1,Kotak Nifty Bank ETF,Active,B ,10,INF174K01F59, ,Equity,-,-
590137,SETFNIFBK,SBI-ETF NIFTY BANK,Active,B ,10,INF200KA1580, ,Equity,-,-
590138,SETFNIF50,SBI-ETF NIFTY 50,Active,B ,10,INF200KA1FS1, ,Equity,-,-
750942,DHAN-RE,Dhanlaxmi Bank Ltd,Active,R ,0.05,INE680A20011, ,-,-,-
750970,ANVRDH-RE,ANNVRRIDHHI VENTURES Ltd,Active,R ,0.05,INE075K20013, ,-,-,-
750973,OIVL-RE,ONESOURCE INDUSTRIES AND VENTURES Ltd,Active,R ,0.05,INE125F20016, ,-,-,-
750975,GATECH-RE1,GACM Technologies Ltd,Active,R ,0.05,INE224E20036, ,-,-,-
750976,GATDVR-RE,GACM Technologies Ltd,Active,R ,0.05,INE224E20044, ,-,-,-
750977,MAXIND-RE,Max India Ltd,Active,R ,0.05,INE0CG620016, ,-,-,-
750978,BASML-RE1,Bannari Amman Spinning Mills Ltd,Active,R ,0.05,INE186H20022, ,-,-,-
780014,HASJUICE,Has Lifestyle Ltd,Active,IP,10,INE888Q01016, ,Equity,-,-
780016,WEBSL,Web Element Solutions Ltd,Active,IP,10,INE562Q01017, ,Equity,-,-
780018,ADHIRAJ,Adhiraj Distributors Ltd,Active,IP,10,INE067R01015, ,Equity,-,-
890157,AIRTELPP,Bharti Airtel  Ltd,Active,A ,5,IN9397D01014, ,Equity,-,-
890197,YARNPP,Yarn Syndicate Ltd,Active,XT,10,IN9564C01011, ,Equity,-,-
890209,UPLPP,UPL Ltd,Active,A ,2,IN9628A01026, ,Equity,-,-
890211,CALSOFTPP,California Software Co Ltd,Active,T ,10,IN9526B01012, ,Equity,-,-
890213,SNLFPP,Shri Niwas Leasing and Finance Ltd,Active,XT,10,IN9201F01013, ,Equity,-,-
890214,FUSIONPP,FUSION FINANCE Ltd,Active,A ,10,IN9139R01028, ,Equity,-,-
